{
    "graph_diameter": 0,
    "avg_out_degree": 8.574363188167625,
    "max_out_degree": 1023,
    "num_nodes": 3651,
    "num_channels": 31305,
    "total_network_capacity": "73822760929",
    "avg_channel_size": 2358177.956524517,
    "min_channel_size": "1100",
    "max_channel_size": "16777216"
}
