{
    "graph_diameter": 0,
    "avg_out_degree": 8.55167674546454,
    "max_out_degree": 1028,
    "num_nodes": 3638,
    "num_channels": 31111,
    "total_network_capacity": "73406402518",
    "avg_channel_size": 2359499.9362926297,
    "min_channel_size": "1100",
    "max_channel_size": "16777216"
}
