{
    "graph_diameter": 0,
    "avg_out_degree": 8.577017783857729,
    "max_out_degree": 1022,
    "num_nodes": 3655,
    "num_channels": 31349,
    "total_network_capacity": "73859340740",
    "avg_channel_size": 2356034.9848480015,
    "min_channel_size": "1100",
    "max_channel_size": "16777216"
}
