{
    "graph_diameter": 0,
    "avg_out_degree": 8.573070607553365,
    "max_out_degree": 1023,
    "num_nodes": 3654,
    "num_channels": 31326,
    "total_network_capacity": "73850687939",
    "avg_channel_size": 2357488.6017684992,
    "min_channel_size": "1100",
    "max_channel_size": "16777216"
}
