{
    "graph_diameter": 0,
    "avg_out_degree": 8.57495881383855,
    "max_out_degree": 1025,
    "num_nodes": 3642,
    "num_channels": 31230,
    "total_network_capacity": "73751254903",
    "avg_channel_size": 2361551.549887928,
    "min_channel_size": "1100",
    "max_channel_size": "16777216"
}
