{
    "graph_diameter": 0,
    "avg_out_degree": 8.553571428571429,
    "max_out_degree": 1026,
    "num_nodes": 3640,
    "num_channels": 31135,
    "total_network_capacity": "73669741210",
    "avg_channel_size": 2366139.1106471815,
    "min_channel_size": "1100",
    "max_channel_size": "16777216"
}
