{
    "graph_diameter": 0,
    "avg_out_degree": 8.54760594386351,
    "max_out_degree": 1030,
    "num_nodes": 3634,
    "num_channels": 31062,
    "total_network_capacity": "73416830626",
    "avg_channel_size": 2363557.743416393,
    "min_channel_size": "1100",
    "max_channel_size": "16777216"
}
