{
    "graph_diameter": 0,
    "avg_out_degree": 8.568444200109951,
    "max_out_degree": 1026,
    "num_nodes": 3638,
    "num_channels": 31172,
    "total_network_capacity": "73405547352",
    "avg_channel_size": 2354855.233927884,
    "min_channel_size": "1100",
    "max_channel_size": "16777216"
}
