{
    "graph_diameter": 0,
    "avg_out_degree": 8.542032967032966,
    "max_out_degree": 1028,
    "num_nodes": 3640,
    "num_channels": 31093,
    "total_network_capacity": "73405697314",
    "avg_channel_size": 2360843.190235744,
    "min_channel_size": "1100",
    "max_channel_size": "16777216"
}
