{
    "graph_diameter": 0,
    "avg_out_degree": 8.578643974746088,
    "max_out_degree": 1025,
    "num_nodes": 3643,
    "num_channels": 31252,
    "total_network_capacity": "73766501321",
    "avg_channel_size": 2360376.9781453987,
    "min_channel_size": "1100",
    "max_channel_size": "16777216"
}
