{
    "graph_diameter": 0,
    "avg_out_degree": 8.567914730800766,
    "max_out_degree": 1022,
    "num_nodes": 3659,
    "num_channels": 31350,
    "total_network_capacity": "73895570373",
    "avg_channel_size": 2357115.4823923446,
    "min_channel_size": "1100",
    "max_channel_size": "16777216"
}
