{
    "graph_diameter": 0,
    "avg_out_degree": 8.551144196305486,
    "max_out_degree": 1030,
    "num_nodes": 3627,
    "num_channels": 31015,
    "total_network_capacity": "73378313933",
    "avg_channel_size": 2365897.595776237,
    "min_channel_size": "1100",
    "max_channel_size": "16777216"
}
