{
    "graph_diameter": 0,
    "avg_out_degree": 8.5781121751026,
    "max_out_degree": 1022,
    "num_nodes": 3655,
    "num_channels": 31353,
    "total_network_capacity": "73862806118",
    "avg_channel_size": 2355844.930883807,
    "min_channel_size": "1100",
    "max_channel_size": "16777216"
}
