{
    "graph_diameter": 0,
    "avg_out_degree": 8.57276221856123,
    "max_out_degree": 1026,
    "num_nodes": 3642,
    "num_channels": 31222,
    "total_network_capacity": "73656526490",
    "avg_channel_size": 2359122.621548908,
    "min_channel_size": "1100",
    "max_channel_size": "16777216"
}
