{
    "graph_diameter": 0,
    "avg_out_degree": 8.581159022246636,
    "max_out_degree": 1026,
    "num_nodes": 3641,
    "num_channels": 31244,
    "total_network_capacity": "73651975023",
    "avg_channel_size": 2357315.805370631,
    "min_channel_size": "1100",
    "max_channel_size": "16777216"
}
