{
    "graph_diameter": 0,
    "avg_out_degree": 8.56510989010989,
    "max_out_degree": 1026,
    "num_nodes": 3640,
    "num_channels": 31177,
    "total_network_capacity": "73714567625",
    "avg_channel_size": 2364389.377586041,
    "min_channel_size": "1100",
    "max_channel_size": "16777216"
}
