{
    "graph_diameter": 0,
    "avg_out_degree": 8.543555921956582,
    "max_out_degree": 1028,
    "num_nodes": 3639,
    "num_channels": 31090,
    "total_network_capacity": "73403952831",
    "avg_channel_size": 2361014.8868124797,
    "min_channel_size": "1100",
    "max_channel_size": "16777216"
}
