{
    "graph_diameter": 0,
    "avg_out_degree": 8.575699396599013,
    "max_out_degree": 1025,
    "num_nodes": 3646,
    "num_channels": 31267,
    "total_network_capacity": "73778910601",
    "avg_channel_size": 2359641.494259123,
    "min_channel_size": "1100",
    "max_channel_size": "16777216"
}
