{
    "graph_diameter": 0,
    "avg_out_degree": 8.570683502607741,
    "max_out_degree": 1026,
    "num_nodes": 3643,
    "num_channels": 31223,
    "total_network_capacity": "73662829119",
    "avg_channel_size": 2359248.922877366,
    "min_channel_size": "1100",
    "max_channel_size": "16777216"
}
