{
    "graph_diameter": 0,
    "avg_out_degree": 8.547330764997248,
    "max_out_degree": 1030,
    "num_nodes": 3634,
    "num_channels": 31061,
    "total_network_capacity": "73415830626",
    "avg_channel_size": 2363601.6427674578,
    "min_channel_size": "1100",
    "max_channel_size": "16777216"
}
