{
    "graph_diameter": 0,
    "avg_out_degree": 8.552283984589984,
    "max_out_degree": 1030,
    "num_nodes": 3634,
    "num_channels": 31079,
    "total_network_capacity": "73437037319",
    "avg_channel_size": 2362915.065446121,
    "min_channel_size": "1100",
    "max_channel_size": "16777216"
}
