{
    "graph_diameter": 0,
    "avg_out_degree": 8.573936899862826,
    "max_out_degree": 1024,
    "num_nodes": 3645,
    "num_channels": 31252,
    "total_network_capacity": "73728305041",
    "avg_channel_size": 2359154.775406374,
    "min_channel_size": "1100",
    "max_channel_size": "16777216"
}
