{
    "graph_diameter": 0,
    "avg_out_degree": 8.549848942598187,
    "max_out_degree": 1026,
    "num_nodes": 3641,
    "num_channels": 31130,
    "total_network_capacity": "73673413050",
    "avg_channel_size": 2366637.104079666,
    "min_channel_size": "1100",
    "max_channel_size": "16777216"
}
