{
    "graph_diameter": 0,
    "avg_out_degree": 8.553044915954809,
    "max_out_degree": 1030,
    "num_nodes": 3629,
    "num_channels": 31039,
    "total_network_capacity": "73395013690",
    "avg_channel_size": 2364606.2595444443,
    "min_channel_size": "1100",
    "max_channel_size": "16777216"
}
