{
    "graph_diameter": 0,
    "avg_out_degree": 8.570998632010944,
    "max_out_degree": 1023,
    "num_nodes": 3655,
    "num_channels": 31327,
    "total_network_capacity": "73851946230",
    "avg_channel_size": 2357453.513901746,
    "min_channel_size": "1100",
    "max_channel_size": "16777216"
}
