{
    "graph_diameter": 0,
    "avg_out_degree": 8.574351978171896,
    "max_out_degree": 1022,
    "num_nodes": 3665,
    "num_channels": 31425,
    "total_network_capacity": "73886710000",
    "avg_channel_size": 2351207.955449483,
    "min_channel_size": "1100",
    "max_channel_size": "16777216"
}
