{
    "graph_diameter": 0,
    "avg_out_degree": 8.552776250687192,
    "max_out_degree": 1028,
    "num_nodes": 3638,
    "num_channels": 31115,
    "total_network_capacity": "73407150660",
    "avg_channel_size": 2359220.654346778,
    "min_channel_size": "1100",
    "max_channel_size": "16777216"
}
