{
    "graph_diameter": 0,
    "avg_out_degree": 8.579163248564397,
    "max_out_degree": 1022,
    "num_nodes": 3657,
    "num_channels": 31374,
    "total_network_capacity": "73878313762",
    "avg_channel_size": 2354762.3434053673,
    "min_channel_size": "1100",
    "max_channel_size": "16777216"
}
