{
    "graph_diameter": 0,
    "avg_out_degree": 8.550992282249172,
    "max_out_degree": 1030,
    "num_nodes": 3628,
    "num_channels": 31023,
    "total_network_capacity": "73386659319",
    "avg_channel_size": 2365556.500628566,
    "min_channel_size": "1100",
    "max_channel_size": "16777216"
}
