{
    "graph_diameter": 0,
    "avg_out_degree": 8.571389346512905,
    "max_out_degree": 1026,
    "num_nodes": 3642,
    "num_channels": 31217,
    "total_network_capacity": "73650219119",
    "avg_channel_size": 2359298.4309510845,
    "min_channel_size": "1100",
    "max_channel_size": "16777216"
}
