{
    "graph_diameter": 0,
    "avg_out_degree": 8.57088122605364,
    "max_out_degree": 1023,
    "num_nodes": 3654,
    "num_channels": 31318,
    "total_network_capacity": "73833100169",
    "avg_channel_size": 2357529.221821317,
    "min_channel_size": "1100",
    "max_channel_size": "16777216"
}
