{
    "graph_diameter": 0,
    "avg_out_degree": 8.575327510917031,
    "max_out_degree": 1022,
    "num_nodes": 3664,
    "num_channels": 31420,
    "total_network_capacity": "73886060000",
    "avg_channel_size": 2351561.425843412,
    "min_channel_size": "1100",
    "max_channel_size": "16777216"
}
