{
    "graph_diameter": 0,
    "avg_out_degree": 8.576996980510568,
    "max_out_degree": 1025,
    "num_nodes": 3643,
    "num_channels": 31246,
    "total_network_capacity": "73764928724",
    "avg_channel_size": 2360779.898995071,
    "min_channel_size": "1100",
    "max_channel_size": "16777216"
}
