{
    "graph_diameter": 0,
    "avg_out_degree": 8.578240613866813,
    "max_out_degree": 1023,
    "num_nodes": 3649,
    "num_channels": 31302,
    "total_network_capacity": "73809645697",
    "avg_channel_size": 2357984.9753050925,
    "min_channel_size": "1100",
    "max_channel_size": "16777216"
}
