{
    "graph_diameter": 0,
    "avg_out_degree": 8.576331685886876,
    "max_out_degree": 1025,
    "num_nodes": 3642,
    "num_channels": 31235,
    "total_network_capacity": "73753763227",
    "avg_channel_size": 2361253.825100048,
    "min_channel_size": "1100",
    "max_channel_size": "16777216"
}
