{
    "graph_diameter": 0,
    "avg_out_degree": 8.577777777777778,
    "max_out_degree": 1025,
    "num_nodes": 3645,
    "num_channels": 31266,
    "total_network_capacity": "73778810601",
    "avg_channel_size": 2359713.7657839186,
    "min_channel_size": "1100",
    "max_channel_size": "16777216"
}
