{
    "graph_diameter": 0,
    "avg_out_degree": 8.56617243272927,
    "max_out_degree": 1026,
    "num_nodes": 3642,
    "num_channels": 31198,
    "total_network_capacity": "73787896625",
    "avg_channel_size": 2365148.298769152,
    "min_channel_size": "1100",
    "max_channel_size": "16777216"
}
