{
    "graph_diameter": 0,
    "avg_out_degree": 8.573150684931507,
    "max_out_degree": 1023,
    "num_nodes": 3650,
    "num_channels": 31292,
    "total_network_capacity": "73766343659",
    "avg_channel_size": 2357354.7123545953,
    "min_channel_size": "1100",
    "max_channel_size": "16777216"
}
