{
    "graph_diameter": 0,
    "avg_out_degree": 8.576722481471315,
    "max_out_degree": 1025,
    "num_nodes": 3643,
    "num_channels": 31245,
    "total_network_capacity": "73763928724",
    "avg_channel_size": 2360823.4509201474,
    "min_channel_size": "1100",
    "max_channel_size": "16777216"
}
