{
    "graph_diameter": 0,
    "avg_out_degree": 8.554395604395605,
    "max_out_degree": 1026,
    "num_nodes": 3640,
    "num_channels": 31138,
    "total_network_capacity": "73662029509",
    "avg_channel_size": 2365663.4822082343,
    "min_channel_size": "1100",
    "max_channel_size": "16777216"
}
