{
    "graph_diameter": 0,
    "avg_out_degree": 8.577144423129624,
    "max_out_degree": 1023,
    "num_nodes": 3649,
    "num_channels": 31298,
    "total_network_capacity": "73803645697",
    "avg_channel_size": 2358094.6289539267,
    "min_channel_size": "1100",
    "max_channel_size": "16777216"
}
