{
    "graph_diameter": 0,
    "avg_out_degree": 8.573384446878423,
    "max_out_degree": 1023,
    "num_nodes": 3652,
    "num_channels": 31310,
    "total_network_capacity": "73851221758",
    "avg_channel_size": 2358710.3723411052,
    "min_channel_size": "1100",
    "max_channel_size": "16777216"
}
