{
    "graph_diameter": 0,
    "avg_out_degree": 8.548981838194827,
    "max_out_degree": 1030,
    "num_nodes": 3634,
    "num_channels": 31067,
    "total_network_capacity": "73423680653",
    "avg_channel_size": 2363397.8386390703,
    "min_channel_size": "1100",
    "max_channel_size": "16777216"
}
