{
    "graph_diameter": 0,
    "avg_out_degree": 8.575857338820303,
    "max_out_degree": 1024,
    "num_nodes": 3645,
    "num_channels": 31259,
    "total_network_capacity": "73731267780",
    "avg_channel_size": 2358721.2572379154,
    "min_channel_size": "1100",
    "max_channel_size": "16777216"
}
