{
    "graph_diameter": 0,
    "avg_out_degree": 8.574520547945205,
    "max_out_degree": 1024,
    "num_nodes": 3650,
    "num_channels": 31297,
    "total_network_capacity": "73767412507",
    "avg_channel_size": 2357012.2537942934,
    "min_channel_size": "1100",
    "max_channel_size": "16777216"
}
