{
    "graph_diameter": 0,
    "avg_out_degree": 8.54957429277671,
    "max_out_degree": 1026,
    "num_nodes": 3641,
    "num_channels": 31129,
    "total_network_capacity": "73668533050",
    "avg_channel_size": 2366556.3638407914,
    "min_channel_size": "1100",
    "max_channel_size": "16777216"
}
