{
    "graph_diameter": 0,
    "avg_out_degree": 8.577503429355282,
    "max_out_degree": 1025,
    "num_nodes": 3645,
    "num_channels": 31265,
    "total_network_capacity": "73778710601",
    "avg_channel_size": 2359786.0419318727,
    "min_channel_size": "1100",
    "max_channel_size": "16777216"
}
