{
    "graph_diameter": 0,
    "avg_out_degree": 8.582257621532547,
    "max_out_degree": 1026,
    "num_nodes": 3641,
    "num_channels": 31248,
    "total_network_capacity": "73657868954",
    "avg_channel_size": 2357202.66749872,
    "min_channel_size": "1100",
    "max_channel_size": "16777216"
}
