{
    "graph_diameter": 0,
    "avg_out_degree": 8.57634526085769,
    "max_out_degree": 1022,
    "num_nodes": 3661,
    "num_channels": 31398,
    "total_network_capacity": "73884587294",
    "avg_channel_size": 2353162.217147589,
    "min_channel_size": "1100",
    "max_channel_size": "16777216"
}
