{
    "graph_diameter": 0,
    "avg_out_degree": 8.557813787421038,
    "max_out_degree": 1026,
    "num_nodes": 3641,
    "num_channels": 31159,
    "total_network_capacity": "73654153050",
    "avg_channel_size": 2363816.330755159,
    "min_channel_size": "1100",
    "max_channel_size": "16777216"
}
