{
    "graph_diameter": 0,
    "avg_out_degree": 8.579077429983526,
    "max_out_degree": 1025,
    "num_nodes": 3642,
    "num_channels": 31245,
    "total_network_capacity": "73756031723",
    "avg_channel_size": 2360570.706449032,
    "min_channel_size": "1100",
    "max_channel_size": "16777216"
}
