{
    "graph_diameter": 0,
    "avg_out_degree": 8.56043956043956,
    "max_out_degree": 1026,
    "num_nodes": 3640,
    "num_channels": 31160,
    "total_network_capacity": "73684972237",
    "avg_channel_size": 2364729.5326379975,
    "min_channel_size": "1100",
    "max_channel_size": "16777216"
}
