{
    "graph_diameter": 0,
    "avg_out_degree": 8.545779488589497,
    "max_out_degree": 1028,
    "num_nodes": 3637,
    "num_channels": 31081,
    "total_network_capacity": "73417246317",
    "avg_channel_size": 2362126.2609632895,
    "min_channel_size": "1100",
    "max_channel_size": "16777216"
}
