{
    "graph_diameter": 0,
    "avg_out_degree": 8.56050605060506,
    "max_out_degree": 1027,
    "num_nodes": 3636,
    "num_channels": 31126,
    "total_network_capacity": "73405403107",
    "avg_channel_size": 2358330.7558632656,
    "min_channel_size": "1100",
    "max_channel_size": "16777216"
}
