{
    "graph_diameter": 0,
    "avg_out_degree": 8.569188445667125,
    "max_out_degree": 1026,
    "num_nodes": 3635,
    "num_channels": 31149,
    "total_network_capacity": "73365603117",
    "avg_channel_size": 2355311.667051912,
    "min_channel_size": "1100",
    "max_channel_size": "16777216"
}
