{
    "graph_diameter": 0,
    "avg_out_degree": 8.558580858085808,
    "max_out_degree": 1027,
    "num_nodes": 3636,
    "num_channels": 31119,
    "total_network_capacity": "73404991801",
    "avg_channel_size": 2358848.028567756,
    "min_channel_size": "1100",
    "max_channel_size": "16777216"
}
