{
    "graph_diameter": 0,
    "avg_out_degree": 8.571820175438596,
    "max_out_degree": 1024,
    "num_nodes": 3648,
    "num_channels": 31270,
    "total_network_capacity": "73746032660",
    "avg_channel_size": 2358363.6923568915,
    "min_channel_size": "1100",
    "max_channel_size": "16777216"
}
