{
    "graph_diameter": 0,
    "avg_out_degree": 8.579983593109105,
    "max_out_degree": 1022,
    "num_nodes": 3657,
    "num_channels": 31377,
    "total_network_capacity": "73879013762",
    "avg_channel_size": 2354559.510533193,
    "min_channel_size": "1100",
    "max_channel_size": "16777216"
}
