{
    "graph_diameter": 0,
    "avg_out_degree": 8.570409003568487,
    "max_out_degree": 1026,
    "num_nodes": 3643,
    "num_channels": 31222,
    "total_network_capacity": "73662729119",
    "avg_channel_size": 2359321.2836781754,
    "min_channel_size": "1100",
    "max_channel_size": "16777216"
}
