{
    "graph_diameter": 0,
    "avg_out_degree": 8.577387486278814,
    "max_out_degree": 1024,
    "num_nodes": 3644,
    "num_channels": 31256,
    "total_network_capacity": "73731732780",
    "avg_channel_size": 2358962.5281545944,
    "min_channel_size": "1100",
    "max_channel_size": "16777216"
}
