{
    "graph_diameter": 0,
    "avg_out_degree": 8.575233388248215,
    "max_out_degree": 1025,
    "num_nodes": 3642,
    "num_channels": 31231,
    "total_network_capacity": "73751354903",
    "avg_channel_size": 2361479.136210816,
    "min_channel_size": "1100",
    "max_channel_size": "16777216"
}
