{
    "graph_diameter": 0,
    "avg_out_degree": 8.579308452250274,
    "max_out_degree": 1025,
    "num_nodes": 3644,
    "num_channels": 31263,
    "total_network_capacity": "73777210601",
    "avg_channel_size": 2359889.025397435,
    "min_channel_size": "1100",
    "max_channel_size": "16777216"
}
