{
    "graph_diameter": 0,
    "avg_out_degree": 8.574322474678347,
    "max_out_degree": 1023,
    "num_nodes": 3653,
    "num_channels": 31322,
    "total_network_capacity": "73867506360",
    "avg_channel_size": 2358326.6189898476,
    "min_channel_size": "1100",
    "max_channel_size": "16777216"
}
