{
    "graph_diameter": 0,
    "avg_out_degree": 8.580300957592339,
    "max_out_degree": 1022,
    "num_nodes": 3655,
    "num_channels": 31361,
    "total_network_capacity": "73863606118",
    "avg_channel_size": 2355269.4785880554,
    "min_channel_size": "1100",
    "max_channel_size": "16777216"
}
