{
    "graph_diameter": 0,
    "avg_out_degree": 8.578889800382827,
    "max_out_degree": 1022,
    "num_nodes": 3657,
    "num_channels": 31373,
    "total_network_capacity": "73877313762",
    "avg_channel_size": 2354805.525834316,
    "min_channel_size": "1100",
    "max_channel_size": "16777216"
}
