{
    "graph_diameter": 0,
    "avg_out_degree": 8.569349079923098,
    "max_out_degree": 1025,
    "num_nodes": 3641,
    "num_channels": 31201,
    "total_network_capacity": "73735433910",
    "avg_channel_size": 2363239.4445690843,
    "min_channel_size": "1100",
    "max_channel_size": "16777216"
}
