{
    "graph_diameter": 0,
    "avg_out_degree": 8.575525812619503,
    "max_out_degree": 1022,
    "num_nodes": 3661,
    "num_channels": 31395,
    "total_network_capacity": "73883429499",
    "avg_channel_size": 2353350.199044434,
    "min_channel_size": "1100",
    "max_channel_size": "16777216"
}
