{
    "graph_diameter": 0,
    "avg_out_degree": 8.582532271354024,
    "max_out_degree": 1026,
    "num_nodes": 3641,
    "num_channels": 31249,
    "total_network_capacity": "73665943954",
    "avg_channel_size": 2357385.642868572,
    "min_channel_size": "1100",
    "max_channel_size": "16777216"
}
