{
    "graph_diameter": 0,
    "avg_out_degree": 8.54370533260033,
    "max_out_degree": 1028,
    "num_nodes": 3638,
    "num_channels": 31082,
    "total_network_capacity": "73417446317",
    "avg_channel_size": 2362056.698957596,
    "min_channel_size": "1100",
    "max_channel_size": "16777216"
}
