{
    "graph_diameter": 0,
    "avg_out_degree": 8.54575432811212,
    "max_out_degree": 1028,
    "num_nodes": 3639,
    "num_channels": 31098,
    "total_network_capacity": "73406283373",
    "avg_channel_size": 2360482.454595151,
    "min_channel_size": "1100",
    "max_channel_size": "16777216"
}
