{
    "graph_diameter": 0,
    "avg_out_degree": 8.566996155958265,
    "max_out_degree": 1026,
    "num_nodes": 3642,
    "num_channels": 31201,
    "total_network_capacity": "73790996625",
    "avg_channel_size": 2365020.243742188,
    "min_channel_size": "1100",
    "max_channel_size": "16777216"
}
