{
    "graph_diameter": 0,
    "avg_out_degree": 8.5532617671346,
    "max_out_degree": 1029,
    "num_nodes": 3633,
    "num_channels": 31074,
    "total_network_capacity": "73412806271",
    "avg_channel_size": 2362515.487899852,
    "min_channel_size": "1100",
    "max_channel_size": "16777216"
}
