{
    "graph_diameter": 0,
    "avg_out_degree": 8.555188549408202,
    "max_out_degree": 1030,
    "num_nodes": 3633,
    "num_channels": 31081,
    "total_network_capacity": "73440028719",
    "avg_channel_size": 2362859.2618963355,
    "min_channel_size": "1100",
    "max_channel_size": "16777216"
}
