{
    "graph_diameter": 0,
    "avg_out_degree": 8.571271929824562,
    "max_out_degree": 1024,
    "num_nodes": 3648,
    "num_channels": 31268,
    "total_network_capacity": "73745582660",
    "avg_channel_size": 2358500.1490341565,
    "min_channel_size": "1100",
    "max_channel_size": "16777216"
}
