{
    "graph_diameter": 0,
    "avg_out_degree": 8.576849576849577,
    "max_out_degree": 1022,
    "num_nodes": 3663,
    "num_channels": 31417,
    "total_network_capacity": "73907025803",
    "avg_channel_size": 2352453.31517968,
    "min_channel_size": "1100",
    "max_channel_size": "16777216"
}
