{
    "graph_diameter": 0,
    "avg_out_degree": 8.577387486278814,
    "max_out_degree": 1025,
    "num_nodes": 3644,
    "num_channels": 31256,
    "total_network_capacity": "73772555746",
    "avg_channel_size": 2360268.612298439,
    "min_channel_size": "1100",
    "max_channel_size": "16777216"
}
