{
    "graph_diameter": 0,
    "avg_out_degree": 8.558030803080309,
    "max_out_degree": 1027,
    "num_nodes": 3636,
    "num_channels": 31117,
    "total_network_capacity": "73404851801",
    "avg_channel_size": 2358995.1409518914,
    "min_channel_size": "1100",
    "max_channel_size": "16777216"
}
