{
    "graph_diameter": 0,
    "avg_out_degree": 8.578369475706834,
    "max_out_degree": 1025,
    "num_nodes": 3643,
    "num_channels": 31251,
    "total_network_capacity": "73766001321",
    "avg_channel_size": 2360436.5083037345,
    "min_channel_size": "1100",
    "max_channel_size": "16777216"
}
