{
    "graph_diameter": 0,
    "avg_out_degree": 8.569898379566053,
    "max_out_degree": 1025,
    "num_nodes": 3641,
    "num_channels": 31203,
    "total_network_capacity": "73791280979",
    "avg_channel_size": 2364877.7674903055,
    "min_channel_size": "1100",
    "max_channel_size": "16777216"
}
