{
    "graph_diameter": 0,
    "avg_out_degree": 8.56636438582028,
    "max_out_degree": 1026,
    "num_nodes": 3639,
    "num_channels": 31173,
    "total_network_capacity": "73687442994",
    "avg_channel_size": 2363822.634780098,
    "min_channel_size": "1100",
    "max_channel_size": "16777216"
}
