{
    "graph_diameter": 0,
    "avg_out_degree": 8.574048727073638,
    "max_out_degree": 1023,
    "num_nodes": 3653,
    "num_channels": 31321,
    "total_network_capacity": "73866206360",
    "avg_channel_size": 2358360.4086714983,
    "min_channel_size": "1100",
    "max_channel_size": "16777216"
}
