{
    "graph_diameter": 0,
    "avg_out_degree": 8.574910983292249,
    "max_out_degree": 1023,
    "num_nodes": 3651,
    "num_channels": 31307,
    "total_network_capacity": "73833015929",
    "avg_channel_size": 2358354.8704443094,
    "min_channel_size": "1100",
    "max_channel_size": "16777216"
}
