{
    "graph_diameter": 0,
    "avg_out_degree": 8.574952041655248,
    "max_out_degree": 1023,
    "num_nodes": 3649,
    "num_channels": 31290,
    "total_network_capacity": "73766179659",
    "avg_channel_size": 2357500.1488974113,
    "min_channel_size": "1100",
    "max_channel_size": "16777216"
}
