{
    "graph_diameter": 0,
    "avg_out_degree": 8.57426650366748,
    "max_out_degree": 996,
    "num_nodes": 3272,
    "num_channels": 28055,
    "total_network_capacity": "70322398888",
    "avg_channel_size": 2506590.585920513,
    "min_channel_size": "1100",
    "max_channel_size": "16777216"
}
