{
    "graph_diameter": 0,
    "avg_out_degree": 8.568007368744244,
    "max_out_degree": 997,
    "num_nodes": 3257,
    "num_channels": 27906,
    "total_network_capacity": "70152760106",
    "avg_channel_size": 2513895.223464488,
    "min_channel_size": "1100",
    "max_channel_size": "16777216"
}
