{
    "graph_diameter": 0,
    "avg_out_degree": 8.585164835164836,
    "max_out_degree": 995,
    "num_nodes": 3276,
    "num_channels": 28125,
    "total_network_capacity": "70302556467",
    "avg_channel_size": 2499646.45216,
    "min_channel_size": "1100",
    "max_channel_size": "16777216"
}
