{
    "graph_diameter": 0,
    "avg_out_degree": 8.57413634974014,
    "max_out_degree": 995,
    "num_nodes": 3271,
    "num_channels": 28046,
    "total_network_capacity": "70299544156",
    "avg_channel_size": 2506580.0526278256,
    "min_channel_size": "1100",
    "max_channel_size": "16777216"
}
