{
    "graph_diameter": 0,
    "avg_out_degree": 8.570027581979772,
    "max_out_degree": 997,
    "num_nodes": 3263,
    "num_channels": 27964,
    "total_network_capacity": "70259995559",
    "avg_channel_size": 2512515.933307109,
    "min_channel_size": "1100",
    "max_channel_size": "16777216"
}
