{
    "graph_diameter": 0,
    "avg_out_degree": 8.585544373284538,
    "max_out_degree": 996,
    "num_nodes": 3279,
    "num_channels": 28152,
    "total_network_capacity": "70312125050",
    "avg_channel_size": 2497588.9830207448,
    "min_channel_size": "1100",
    "max_channel_size": "16777216"
}
