{
    "graph_diameter": 0,
    "avg_out_degree": 8.562289562289562,
    "max_out_degree": 997,
    "num_nodes": 3267,
    "num_channels": 27973,
    "total_network_capacity": "70181224526",
    "avg_channel_size": 2508891.5928216493,
    "min_channel_size": "1100",
    "max_channel_size": "16777216"
}
