{
    "graph_diameter": 0,
    "avg_out_degree": 8.588915956151036,
    "max_out_degree": 996,
    "num_nodes": 3284,
    "num_channels": 28206,
    "total_network_capacity": "70502563396",
    "avg_channel_size": 2499559.079486634,
    "min_channel_size": "1100",
    "max_channel_size": "16777216"
}
