{
    "graph_diameter": 0,
    "avg_out_degree": 8.589923664122137,
    "max_out_degree": 995,
    "num_nodes": 3275,
    "num_channels": 28132,
    "total_network_capacity": "70317262210",
    "avg_channel_size": 2499547.2134935306,
    "min_channel_size": "1100",
    "max_channel_size": "16777216"
}
