{
    "graph_diameter": 0,
    "avg_out_degree": 8.568147013782543,
    "max_out_degree": 997,
    "num_nodes": 3265,
    "num_channels": 27975,
    "total_network_capacity": "70264147635",
    "avg_channel_size": 2511676.41233244,
    "min_channel_size": "1100",
    "max_channel_size": "16777216"
}
