{
    "graph_diameter": 0,
    "avg_out_degree": 8.584221748400854,
    "max_out_degree": 996,
    "num_nodes": 3283,
    "num_channels": 28182,
    "total_network_capacity": "70433085425",
    "avg_channel_size": 2499222.391065219,
    "min_channel_size": "1100",
    "max_channel_size": "16777216"
}
