{
    "graph_diameter": 0,
    "avg_out_degree": 8.563992651561543,
    "max_out_degree": 997,
    "num_nodes": 3266,
    "num_channels": 27970,
    "total_network_capacity": "70170555994",
    "avg_channel_size": 2508779.263282088,
    "min_channel_size": "1100",
    "max_channel_size": "16777216"
}
