{
    "graph_diameter": 0,
    "avg_out_degree": 8.566574839302111,
    "max_out_degree": 997,
    "num_nodes": 3267,
    "num_channels": 27987,
    "total_network_capacity": "70279431622",
    "avg_channel_size": 2511145.5898095546,
    "min_channel_size": "1100",
    "max_channel_size": "16777216"
}
