{
    "graph_diameter": 0,
    "avg_out_degree": 8.568633445429532,
    "max_out_degree": 995,
    "num_nodes": 3271,
    "num_channels": 28028,
    "total_network_capacity": "70250279893",
    "avg_channel_size": 2506432.1354716714,
    "min_channel_size": "1100",
    "max_channel_size": "16777216"
}
