{
    "graph_diameter": 0,
    "avg_out_degree": 8.56441717791411,
    "max_out_degree": 997,
    "num_nodes": 3260,
    "num_channels": 27920,
    "total_network_capacity": "70170522221",
    "avg_channel_size": 2513270.8531876793,
    "min_channel_size": "1100",
    "max_channel_size": "16777216"
}
