{
    "graph_diameter": 0,
    "avg_out_degree": 8.58338405356056,
    "max_out_degree": 995,
    "num_nodes": 3286,
    "num_channels": 28205,
    "total_network_capacity": "70489462539",
    "avg_channel_size": 2499183.2135791527,
    "min_channel_size": "1100",
    "max_channel_size": "16777216"
}
