{
    "graph_diameter": 0,
    "avg_out_degree": 8.56612457809144,
    "max_out_degree": 997,
    "num_nodes": 3259,
    "num_channels": 27917,
    "total_network_capacity": "70163478334",
    "avg_channel_size": 2513288.617473224,
    "min_channel_size": "1100",
    "max_channel_size": "16777216"
}
