{
    "graph_diameter": 0,
    "avg_out_degree": 8.567393306723979,
    "max_out_degree": 998,
    "num_nodes": 3257,
    "num_channels": 27904,
    "total_network_capacity": "70087808915",
    "avg_channel_size": 2511747.739213016,
    "min_channel_size": "1100",
    "max_channel_size": "16777216"
}
