{
    "graph_diameter": 0,
    "avg_out_degree": 8.5809902200489,
    "max_out_degree": 994,
    "num_nodes": 3272,
    "num_channels": 28077,
    "total_network_capacity": "70271915284",
    "avg_channel_size": 2502828.481817858,
    "min_channel_size": "1100",
    "max_channel_size": "16777216"
}
