{
    "graph_diameter": 0,
    "avg_out_degree": 8.583409856137129,
    "max_out_degree": 995,
    "num_nodes": 3267,
    "num_channels": 28042,
    "total_network_capacity": "70254597507",
    "avg_channel_size": 2505334.7659582053,
    "min_channel_size": "1100",
    "max_channel_size": "16777216"
}
