{
    "graph_diameter": 0,
    "avg_out_degree": 8.561811505507956,
    "max_out_degree": 997,
    "num_nodes": 3268,
    "num_channels": 27980,
    "total_network_capacity": "70196031666",
    "avg_channel_size": 2508793.1260185847,
    "min_channel_size": "1100",
    "max_channel_size": "16777216"
}
