{
    "graph_diameter": 0,
    "avg_out_degree": 8.581701346389229,
    "max_out_degree": 996,
    "num_nodes": 3268,
    "num_channels": 28045,
    "total_network_capacity": "70275404476",
    "avg_channel_size": 2505808.681618827,
    "min_channel_size": "1100",
    "max_channel_size": "16777216"
}
