{
    "graph_diameter": 0,
    "avg_out_degree": 8.568759571209801,
    "max_out_degree": 997,
    "num_nodes": 3265,
    "num_channels": 27977,
    "total_network_capacity": "70264720813",
    "avg_channel_size": 2511517.3468563464,
    "min_channel_size": "1100",
    "max_channel_size": "16777216"
}
