{
    "graph_diameter": 0,
    "avg_out_degree": 8.58859408356206,
    "max_out_degree": 996,
    "num_nodes": 3279,
    "num_channels": 28162,
    "total_network_capacity": "70360868870",
    "avg_channel_size": 2498432.954690718,
    "min_channel_size": "1100",
    "max_channel_size": "16777216"
}
