{
    "graph_diameter": 0,
    "avg_out_degree": 8.57304400977995,
    "max_out_degree": 994,
    "num_nodes": 3272,
    "num_channels": 28051,
    "total_network_capacity": "70321349381",
    "avg_channel_size": 2506910.6050051693,
    "min_channel_size": "1100",
    "max_channel_size": "16777216"
}
