{
    "graph_diameter": 0,
    "avg_out_degree": 8.567045105860693,
    "max_out_degree": 997,
    "num_nodes": 3259,
    "num_channels": 27920,
    "total_network_capacity": "70164778334",
    "avg_channel_size": 2513065.1265759314,
    "min_channel_size": "1100",
    "max_channel_size": "16777216"
}
