{
    "graph_diameter": 0,
    "avg_out_degree": 8.565430585350905,
    "max_out_degree": 997,
    "num_nodes": 3263,
    "num_channels": 27949,
    "total_network_capacity": "70220368227",
    "avg_channel_size": 2512446.5357257864,
    "min_channel_size": "1100",
    "max_channel_size": "16777216"
}
