{
    "graph_diameter": 0,
    "avg_out_degree": 8.582112332112333,
    "max_out_degree": 995,
    "num_nodes": 3276,
    "num_channels": 28115,
    "total_network_capacity": "70300886467",
    "avg_channel_size": 2500476.132562689,
    "min_channel_size": "1100",
    "max_channel_size": "16777216"
}
