{
    "graph_diameter": 0,
    "avg_out_degree": 8.565737051792828,
    "max_out_degree": 997,
    "num_nodes": 3263,
    "num_channels": 27950,
    "total_network_capacity": "70220627202",
    "avg_channel_size": 2512365.910626118,
    "min_channel_size": "1100",
    "max_channel_size": "16777216"
}
