{
    "graph_diameter": 0,
    "avg_out_degree": 8.580201649862511,
    "max_out_degree": 994,
    "num_nodes": 3273,
    "num_channels": 28083,
    "total_network_capacity": "70257871035",
    "avg_channel_size": 2501793.6486486485,
    "min_channel_size": "1100",
    "max_channel_size": "16777216"
}
