{
    "graph_diameter": 0,
    "avg_out_degree": 8.58091159375956,
    "max_out_degree": 994,
    "num_nodes": 3269,
    "num_channels": 28051,
    "total_network_capacity": "70251897598",
    "avg_channel_size": 2504434.693879006,
    "min_channel_size": "1100",
    "max_channel_size": "16777216"
}
