{
    "graph_diameter": 0,
    "avg_out_degree": 8.584554334554335,
    "max_out_degree": 995,
    "num_nodes": 3276,
    "num_channels": 28123,
    "total_network_capacity": "70302516467",
    "avg_channel_size": 2499822.7951143193,
    "min_channel_size": "1100",
    "max_channel_size": "16777216"
}
