{
    "graph_diameter": 0,
    "avg_out_degree": 8.588325652841782,
    "max_out_degree": 998,
    "num_nodes": 3255,
    "num_channels": 27955,
    "total_network_capacity": "70129197817",
    "avg_channel_size": 2508645.960186013,
    "min_channel_size": "1100",
    "max_channel_size": "16777216"
}
