{
    "graph_diameter": 0,
    "avg_out_degree": 8.57737003058104,
    "max_out_degree": 996,
    "num_nodes": 3270,
    "num_channels": 28048,
    "total_network_capacity": "70279181337",
    "avg_channel_size": 2505675.3186323447,
    "min_channel_size": "1100",
    "max_channel_size": "16777216"
}
