{
    "graph_diameter": 0,
    "avg_out_degree": 8.585313833028641,
    "max_out_degree": 996,
    "num_nodes": 3282,
    "num_channels": 28177,
    "total_network_capacity": "70426673300",
    "avg_channel_size": 2499438.311388721,
    "min_channel_size": "1100",
    "max_channel_size": "16777216"
}
