{
    "graph_diameter": 0,
    "avg_out_degree": 8.581395348837209,
    "max_out_degree": 994,
    "num_nodes": 3268,
    "num_channels": 28044,
    "total_network_capacity": "70250956841",
    "avg_channel_size": 2505026.2744615604,
    "min_channel_size": "1100",
    "max_channel_size": "16777216"
}
