{
    "graph_diameter": 0,
    "avg_out_degree": 8.577017114914426,
    "max_out_degree": 996,
    "num_nodes": 3272,
    "num_channels": 28064,
    "total_network_capacity": "70314892721",
    "avg_channel_size": 2505519.267424458,
    "min_channel_size": "1100",
    "max_channel_size": "16777216"
}
