{
    "graph_diameter": 0,
    "avg_out_degree": 8.58907870652837,
    "max_out_degree": 996,
    "num_nodes": 3278,
    "num_channels": 28155,
    "total_network_capacity": "70350838870",
    "avg_channel_size": 2498697.8820813354,
    "min_channel_size": "1100",
    "max_channel_size": "16777216"
}
