{
    "graph_diameter": 0,
    "avg_out_degree": 8.585944630362032,
    "max_out_degree": 995,
    "num_nodes": 3287,
    "num_channels": 28222,
    "total_network_capacity": "70451441577",
    "avg_channel_size": 2496330.57816597,
    "min_channel_size": "1100",
    "max_channel_size": "16777216"
}
