{
    "graph_diameter": 0,
    "avg_out_degree": 8.590173939578882,
    "max_out_degree": 997,
    "num_nodes": 3277,
    "num_channels": 28150,
    "total_network_capacity": "70333008376",
    "avg_channel_size": 2498508.2904440495,
    "min_channel_size": "1100",
    "max_channel_size": "16777216"
}
