{
    "graph_diameter": 0,
    "avg_out_degree": 8.584859584859585,
    "max_out_degree": 995,
    "num_nodes": 3276,
    "num_channels": 28124,
    "total_network_capacity": "70302536467",
    "avg_channel_size": 2499734.620502062,
    "min_channel_size": "1100",
    "max_channel_size": "16777216"
}
