{
    "graph_diameter": 0,
    "avg_out_degree": 8.584249084249084,
    "max_out_degree": 995,
    "num_nodes": 3276,
    "num_channels": 28122,
    "total_network_capacity": "70302006467",
    "avg_channel_size": 2499893.551916649,
    "min_channel_size": "1100",
    "max_channel_size": "16777216"
}
