{
    "graph_diameter": 0,
    "avg_out_degree": 8.567278287461773,
    "max_out_degree": 996,
    "num_nodes": 3270,
    "num_channels": 28015,
    "total_network_capacity": "70239510893",
    "avg_channel_size": 2507210.811815099,
    "min_channel_size": "1100",
    "max_channel_size": "16777216"
}
