{
    "graph_diameter": 0,
    "avg_out_degree": 8.587858450274558,
    "max_out_degree": 996,
    "num_nodes": 3278,
    "num_channels": 28151,
    "total_network_capacity": "70311920437",
    "avg_channel_size": 2497670.4357571667,
    "min_channel_size": "1100",
    "max_channel_size": "16777216"
}
