{
    "graph_diameter": 0,
    "avg_out_degree": 8.568801716212075,
    "max_out_degree": 997,
    "num_nodes": 3263,
    "num_channels": 27960,
    "total_network_capacity": "70259915559",
    "avg_channel_size": 2512872.516416309,
    "min_channel_size": "1100",
    "max_channel_size": "16777216"
}
