{
    "graph_diameter": 0,
    "avg_out_degree": 8.579993881921077,
    "max_out_degree": 995,
    "num_nodes": 3269,
    "num_channels": 28048,
    "total_network_capacity": "70259917483",
    "avg_channel_size": 2504988.501247861,
    "min_channel_size": "1100",
    "max_channel_size": "16777216"
}
