{
    "graph_diameter": 0,
    "avg_out_degree": 8.584934431229033,
    "max_out_degree": 996,
    "num_nodes": 3279,
    "num_channels": 28150,
    "total_network_capacity": "70324492326",
    "avg_channel_size": 2498205.766465364,
    "min_channel_size": "1100",
    "max_channel_size": "16777216"
}
