{
    "graph_diameter": 0,
    "avg_out_degree": 8.57762836185819,
    "max_out_degree": 996,
    "num_nodes": 3272,
    "num_channels": 28066,
    "total_network_capacity": "70319392723",
    "avg_channel_size": 2505501.059039407,
    "min_channel_size": "1100",
    "max_channel_size": "16777216"
}
