{
    "graph_diameter": 0,
    "avg_out_degree": 8.577981651376147,
    "max_out_degree": 996,
    "num_nodes": 3270,
    "num_channels": 28050,
    "total_network_capacity": "70282381337",
    "avg_channel_size": 2505610.74285205,
    "min_channel_size": "1100",
    "max_channel_size": "16777216"
}
