{
    "graph_diameter": 0,
    "avg_out_degree": 8.585135546756016,
    "max_out_degree": 995,
    "num_nodes": 3283,
    "num_channels": 28185,
    "total_network_capacity": "70427564327",
    "avg_channel_size": 2498760.4870321094,
    "min_channel_size": "1100",
    "max_channel_size": "16777216"
}
