{
    "graph_diameter": 0,
    "avg_out_degree": 8.578029375764993,
    "max_out_degree": 995,
    "num_nodes": 3268,
    "num_channels": 28033,
    "total_network_capacity": "70259040119",
    "avg_channel_size": 2506297.582099668,
    "min_channel_size": "1100",
    "max_channel_size": "16777216"
}
