{
    "graph_diameter": 0,
    "avg_out_degree": 8.58685731670216,
    "max_out_degree": 995,
    "num_nodes": 3287,
    "num_channels": 28225,
    "total_network_capacity": "70453841577",
    "avg_channel_size": 2496150.2773073516,
    "min_channel_size": "1100",
    "max_channel_size": "16777216"
}
