{
    "graph_diameter": 0,
    "avg_out_degree": 8.573219199021706,
    "max_out_degree": 995,
    "num_nodes": 3271,
    "num_channels": 28043,
    "total_network_capacity": "70289644156",
    "avg_channel_size": 2506495.173697536,
    "min_channel_size": "1100",
    "max_channel_size": "16777216"
}
