{
    "graph_diameter": 0,
    "avg_out_degree": 8.56280637254902,
    "max_out_degree": 997,
    "num_nodes": 3264,
    "num_channels": 27949,
    "total_network_capacity": "70228294227",
    "avg_channel_size": 2512730.1236895774,
    "min_channel_size": "1100",
    "max_channel_size": "16777216"
}
