{
    "graph_diameter": 0,
    "avg_out_degree": 8.58047735618115,
    "max_out_degree": 995,
    "num_nodes": 3268,
    "num_channels": 28041,
    "total_network_capacity": "70278745150",
    "avg_channel_size": 2506285.2662173244,
    "min_channel_size": "1100",
    "max_channel_size": "16777216"
}
