{
    "graph_diameter": 0,
    "avg_out_degree": 8.590839694656488,
    "max_out_degree": 995,
    "num_nodes": 3275,
    "num_channels": 28135,
    "total_network_capacity": "70317600054",
    "avg_channel_size": 2499292.6978496537,
    "min_channel_size": "1100",
    "max_channel_size": "16777216"
}
