{
    "graph_diameter": 0,
    "avg_out_degree": 8.561925199264255,
    "max_out_degree": 997,
    "num_nodes": 3262,
    "num_channels": 27929,
    "total_network_capacity": "70189158483",
    "avg_channel_size": 2513128.235275162,
    "min_channel_size": "1100",
    "max_channel_size": "16777216"
}
