{
    "graph_diameter": 0,
    "avg_out_degree": 8.588557516737675,
    "max_out_degree": 995,
    "num_nodes": 3286,
    "num_channels": 28222,
    "total_network_capacity": "70505111865",
    "avg_channel_size": 2498232.296258238,
    "min_channel_size": "1100",
    "max_channel_size": "16777216"
}
