{
    "graph_diameter": 0,
    "avg_out_degree": 8.562940275650842,
    "max_out_degree": 997,
    "num_nodes": 3265,
    "num_channels": 27958,
    "total_network_capacity": "70118440954",
    "avg_channel_size": 2507992.0221045855,
    "min_channel_size": "1100",
    "max_channel_size": "16777216"
}
