{
    "graph_diameter": 0,
    "avg_out_degree": 8.582313341493268,
    "max_out_degree": 996,
    "num_nodes": 3268,
    "num_channels": 28047,
    "total_network_capacity": "70279904476",
    "avg_channel_size": 2505790.4401896815,
    "min_channel_size": "1100",
    "max_channel_size": "16777216"
}
