{
    "graph_diameter": 0,
    "avg_out_degree": 8.579687977974915,
    "max_out_degree": 994,
    "num_nodes": 3269,
    "num_channels": 28047,
    "total_network_capacity": "70251817598",
    "avg_channel_size": 2504789.018362035,
    "min_channel_size": "1100",
    "max_channel_size": "16777216"
}
