{
    "graph_diameter": 0,
    "avg_out_degree": 8.560893512851898,
    "max_out_degree": 997,
    "num_nodes": 3268,
    "num_channels": 27977,
    "total_network_capacity": "70195531666",
    "avg_channel_size": 2509044.274439718,
    "min_channel_size": "1100",
    "max_channel_size": "16777216"
}
