{
    "graph_diameter": 0,
    "avg_out_degree": 8.57506908197728,
    "max_out_degree": 998,
    "num_nodes": 3257,
    "num_channels": 27929,
    "total_network_capacity": "70100422973",
    "avg_channel_size": 2509951.0534927854,
    "min_channel_size": "1100",
    "max_channel_size": "16777216"
}
