{
    "graph_diameter": 0,
    "avg_out_degree": 8.589204025617565,
    "max_out_degree": 996,
    "num_nodes": 3279,
    "num_channels": 28164,
    "total_network_capacity": "70378646085",
    "avg_channel_size": 2498886.7378568384,
    "min_channel_size": "1100",
    "max_channel_size": "16777216"
}
