{
    "graph_diameter": 0,
    "avg_out_degree": 8.586028065893837,
    "max_out_degree": 996,
    "num_nodes": 3278,
    "num_channels": 28145,
    "total_network_capacity": "70306986442",
    "avg_channel_size": 2498027.5872090957,
    "min_channel_size": "1100",
    "max_channel_size": "16777216"
}
