{
    "graph_diameter": 0,
    "avg_out_degree": 8.567228177641654,
    "max_out_degree": 997,
    "num_nodes": 3265,
    "num_channels": 27972,
    "total_network_capacity": "70260107635",
    "avg_channel_size": 2511801.35975261,
    "min_channel_size": "1100",
    "max_channel_size": "16777216"
}
