{
    "graph_diameter": 0,
    "avg_out_degree": 8.563112745098039,
    "max_out_degree": 997,
    "num_nodes": 3264,
    "num_channels": 27950,
    "total_network_capacity": "70228494227",
    "avg_channel_size": 2512647.37842576,
    "min_channel_size": "1100",
    "max_channel_size": "16777216"
}
