{
    "graph_diameter": 0,
    "avg_out_degree": 8.565030674846625,
    "max_out_degree": 997,
    "num_nodes": 3260,
    "num_channels": 27922,
    "total_network_capacity": "70173385549",
    "avg_channel_size": 2513193.3797364086,
    "min_channel_size": "1100",
    "max_channel_size": "16777216"
}
