{
    "graph_diameter": 0,
    "avg_out_degree": 8.58732093873819,
    "max_out_degree": 996,
    "num_nodes": 3281,
    "num_channels": 28175,
    "total_network_capacity": "70421673300",
    "avg_channel_size": 2499438.2715173024,
    "min_channel_size": "1100",
    "max_channel_size": "16777216"
}
