{
    "graph_diameter": 0,
    "avg_out_degree": 8.580378973105134,
    "max_out_degree": 994,
    "num_nodes": 3272,
    "num_channels": 28075,
    "total_network_capacity": "70270465417",
    "avg_channel_size": 2502955.1350667854,
    "min_channel_size": "1100",
    "max_channel_size": "16777216"
}
