{
    "graph_diameter": 0,
    "avg_out_degree": 8.58221271393643,
    "max_out_degree": 994,
    "num_nodes": 3272,
    "num_channels": 28081,
    "total_network_capacity": "70246871035",
    "avg_channel_size": 2501580.108792422,
    "min_channel_size": "1100",
    "max_channel_size": "16777216"
}
