{
    "graph_diameter": 0,
    "avg_out_degree": 8.560587515299877,
    "max_out_degree": 997,
    "num_nodes": 3268,
    "num_channels": 27976,
    "total_network_capacity": "70188623656",
    "avg_channel_size": 2508887.0337432083,
    "min_channel_size": "1100",
    "max_channel_size": "16777216"
}
