{
    "graph_diameter": 0,
    "avg_out_degree": 8.586479902557857,
    "max_out_degree": 995,
    "num_nodes": 3284,
    "num_channels": 28198,
    "total_network_capacity": "70466520790",
    "avg_channel_size": 2498990.0273069013,
    "min_channel_size": "1100",
    "max_channel_size": "16777216"
}
