{
    "graph_diameter": 0,
    "avg_out_degree": 8.572172847073245,
    "max_out_degree": 997,
    "num_nodes": 3263,
    "num_channels": 27971,
    "total_network_capacity": "70260831045",
    "avg_channel_size": 2511917.0228093383,
    "min_channel_size": "1100",
    "max_channel_size": "16777216"
}
