{
    "graph_diameter": 0,
    "avg_out_degree": 8.565217391304348,
    "max_out_degree": 997,
    "num_nodes": 3266,
    "num_channels": 27974,
    "total_network_capacity": "70221280000",
    "avg_channel_size": 2510233.7885179096,
    "min_channel_size": "1100",
    "max_channel_size": "16777216"
}
