{
    "graph_diameter": 0,
    "avg_out_degree": 8.584526347852574,
    "max_out_degree": 996,
    "num_nodes": 3283,
    "num_channels": 28183,
    "total_network_capacity": "70434845425",
    "avg_channel_size": 2499196.161693219,
    "min_channel_size": "1100",
    "max_channel_size": "16777216"
}
