{
    "graph_diameter": 0,
    "avg_out_degree": 8.584173541093797,
    "max_out_degree": 995,
    "num_nodes": 3273,
    "num_channels": 28096,
    "total_network_capacity": "70297291949",
    "avg_channel_size": 2502039.149665433,
    "min_channel_size": "1100",
    "max_channel_size": "16777216"
}
