{
    "graph_diameter": 0,
    "avg_out_degree": 8.584479071188513,
    "max_out_degree": 995,
    "num_nodes": 3273,
    "num_channels": 28097,
    "total_network_capacity": "70297412220",
    "avg_channel_size": 2501954.3801829377,
    "min_channel_size": "1100",
    "max_channel_size": "16777216"
}
