{
    "graph_diameter": 0,
    "avg_out_degree": 8.5739608801956,
    "max_out_degree": 996,
    "num_nodes": 3272,
    "num_channels": 28054,
    "total_network_capacity": "70321398888",
    "avg_channel_size": 2506644.2891566264,
    "min_channel_size": "1100",
    "max_channel_size": "16777216"
}
