{
    "graph_diameter": 0,
    "avg_out_degree": 8.560721933312939,
    "max_out_degree": 997,
    "num_nodes": 3269,
    "num_channels": 27985,
    "total_network_capacity": "70209045812",
    "avg_channel_size": 2508809.9271752723,
    "min_channel_size": "1100",
    "max_channel_size": "16777216"
}
