{
    "graph_diameter": 0,
    "avg_out_degree": 8.567443286327407,
    "max_out_degree": 997,
    "num_nodes": 3262,
    "num_channels": 27947,
    "total_network_capacity": "70214264702",
    "avg_channel_size": 2512407.9401009055,
    "min_channel_size": "1100",
    "max_channel_size": "16777216"
}
