{
    "graph_diameter": 0,
    "avg_out_degree": 8.573349633251834,
    "max_out_degree": 994,
    "num_nodes": 3272,
    "num_channels": 28052,
    "total_network_capacity": "70320959381",
    "avg_channel_size": 2506807.3356979894,
    "min_channel_size": "1100",
    "max_channel_size": "16777216"
}
