{
    "graph_diameter": 0,
    "avg_out_degree": 8.589220462850182,
    "max_out_degree": 996,
    "num_nodes": 3284,
    "num_channels": 28207,
    "total_network_capacity": "70503563396",
    "avg_channel_size": 2499505.9168291558,
    "min_channel_size": "1100",
    "max_channel_size": "16777216"
}
