{
    "graph_diameter": 0,
    "avg_out_degree": 8.570946981305546,
    "max_out_degree": 997,
    "num_nodes": 3263,
    "num_channels": 27967,
    "total_network_capacity": "70260751045",
    "avg_channel_size": 2512273.431007974,
    "min_channel_size": "1100",
    "max_channel_size": "16777216"
}
