{
    "graph_diameter": 0,
    "avg_out_degree": 8.589563625267013,
    "max_out_degree": 996,
    "num_nodes": 3277,
    "num_channels": 28148,
    "total_network_capacity": "70308220688",
    "avg_channel_size": 2497805.1971010375,
    "min_channel_size": "1100",
    "max_channel_size": "16777216"
}
