{
    "graph_diameter": 0,
    "avg_out_degree": 8.587248322147651,
    "max_out_degree": 996,
    "num_nodes": 3278,
    "num_channels": 28149,
    "total_network_capacity": "70308720437",
    "avg_channel_size": 2497734.2156737363,
    "min_channel_size": "1100",
    "max_channel_size": "16777216"
}
