{
    "graph_diameter": 0,
    "avg_out_degree": 8.564110429447853,
    "max_out_degree": 997,
    "num_nodes": 3260,
    "num_channels": 27919,
    "total_network_capacity": "70172785549",
    "avg_channel_size": 2513441.94093628,
    "min_channel_size": "1100",
    "max_channel_size": "16777216"
}
