{
    "graph_diameter": 0,
    "avg_out_degree": 8.574572127139364,
    "max_out_degree": 996,
    "num_nodes": 3272,
    "num_channels": 28056,
    "total_network_capacity": "70284341765",
    "avg_channel_size": 2505144.7734887367,
    "min_channel_size": "1100",
    "max_channel_size": "16777216"
}
