{
    "graph_diameter": 0,
    "avg_out_degree": 8.575488997555013,
    "max_out_degree": 996,
    "num_nodes": 3272,
    "num_channels": 28059,
    "total_network_capacity": "70291841765",
    "avg_channel_size": 2505144.2234220747,
    "min_channel_size": "1100",
    "max_channel_size": "16777216"
}
