{
    "graph_diameter": 0,
    "avg_out_degree": 8.561199510403917,
    "max_out_degree": 997,
    "num_nodes": 3268,
    "num_channels": 27978,
    "total_network_capacity": "70193092188",
    "avg_channel_size": 2508867.40253056,
    "min_channel_size": "1100",
    "max_channel_size": "16777216"
}
