{
    "graph_diameter": 0,
    "avg_out_degree": 8.562461726883038,
    "max_out_degree": 997,
    "num_nodes": 3266,
    "num_channels": 27965,
    "total_network_capacity": "70154658169",
    "avg_channel_size": 2508659.3301984626,
    "min_channel_size": "1100",
    "max_channel_size": "16777216"
}
