{
    "graph_diameter": 0,
    "avg_out_degree": 8.452582159624413,
    "max_out_degree": 984,
    "num_nodes": 3195,
    "num_channels": 27006,
    "total_network_capacity": "69275633951",
    "avg_channel_size": 2565194.177256906,
    "min_channel_size": "1100",
    "max_channel_size": "16777216"
}
