{
    "graph_diameter": 0,
    "avg_out_degree": 8.460744447919925,
    "max_out_degree": 986,
    "num_nodes": 3197,
    "num_channels": 27049,
    "total_network_capacity": "69377021374",
    "avg_channel_size": 2564864.5559540093,
    "min_channel_size": "1100",
    "max_channel_size": "16777216"
}
