{
    "graph_diameter": 0,
    "avg_out_degree": 8.48046264457643,
    "max_out_degree": 987,
    "num_nodes": 3199,
    "num_channels": 27129,
    "total_network_capacity": "69452772413",
    "avg_channel_size": 2560093.347082458,
    "min_channel_size": "1100",
    "max_channel_size": "16777216"
}
