{
    "graph_diameter": 0,
    "avg_out_degree": 8.403508771929825,
    "max_out_degree": 981,
    "num_nodes": 3192,
    "num_channels": 26824,
    "total_network_capacity": "68874414388",
    "avg_channel_size": 2567641.4549657023,
    "min_channel_size": "1100",
    "max_channel_size": "16777216"
}
