{
    "graph_diameter": 0,
    "avg_out_degree": 8.410328638497653,
    "max_out_degree": 983,
    "num_nodes": 3195,
    "num_channels": 26871,
    "total_network_capacity": "68978638841",
    "avg_channel_size": 2567029.09608872,
    "min_channel_size": "1100",
    "max_channel_size": "16777216"
}
