{
    "graph_diameter": 0,
    "avg_out_degree": 8.480499219968799,
    "max_out_degree": 988,
    "num_nodes": 3205,
    "num_channels": 27180,
    "total_network_capacity": "69540040114",
    "avg_channel_size": 2558500.372111847,
    "min_channel_size": "1100",
    "max_channel_size": "16777216"
}
