{
    "graph_diameter": 0,
    "avg_out_degree": 8.482220835932626,
    "max_out_degree": 990,
    "num_nodes": 3206,
    "num_channels": 27194,
    "total_network_capacity": "69593539545",
    "avg_channel_size": 2559150.5311833494,
    "min_channel_size": "1100",
    "max_channel_size": "16777216"
}
