{
    "graph_diameter": 0,
    "avg_out_degree": 8.476726023117775,
    "max_out_degree": 986,
    "num_nodes": 3201,
    "num_channels": 27134,
    "total_network_capacity": "69490555706",
    "avg_channel_size": 2561014.06744306,
    "min_channel_size": "1100",
    "max_channel_size": "16777216"
}
