{
    "graph_diameter": 0,
    "avg_out_degree": 8.44319248826291,
    "max_out_degree": 983,
    "num_nodes": 3195,
    "num_channels": 26976,
    "total_network_capacity": "69178049811",
    "avg_channel_size": 2564429.4858763344,
    "min_channel_size": "1100",
    "max_channel_size": "16777216"
}
