{
    "graph_diameter": 0,
    "avg_out_degree": 8.395676691729323,
    "max_out_degree": 981,
    "num_nodes": 3192,
    "num_channels": 26799,
    "total_network_capacity": "68858939993",
    "avg_channel_size": 2569459.307921937,
    "min_channel_size": "1100",
    "max_channel_size": "16777216"
}
