{
    "graph_diameter": 0,
    "avg_out_degree": 8.462476547842401,
    "max_out_degree": 985,
    "num_nodes": 3198,
    "num_channels": 27063,
    "total_network_capacity": "69406107947",
    "avg_channel_size": 2564612.49480841,
    "min_channel_size": "1100",
    "max_channel_size": "16777216"
}
