{
    "graph_diameter": 0,
    "avg_out_degree": 8.461201501877346,
    "max_out_degree": 986,
    "num_nodes": 3196,
    "num_channels": 27042,
    "total_network_capacity": "69367708057",
    "avg_channel_size": 2565184.0861252868,
    "min_channel_size": "1100",
    "max_channel_size": "16777216"
}
