{
    "graph_diameter": 0,
    "avg_out_degree": 8.478939157566302,
    "max_out_degree": 987,
    "num_nodes": 3205,
    "num_channels": 27175,
    "total_network_capacity": "69505767420",
    "avg_channel_size": 2557709.9326586938,
    "min_channel_size": "1100",
    "max_channel_size": "16777216"
}
