{
    "graph_diameter": 0,
    "avg_out_degree": 8.398809523809524,
    "max_out_degree": 981,
    "num_nodes": 3192,
    "num_channels": 26809,
    "total_network_capacity": "68863690815",
    "avg_channel_size": 2568678.0862769964,
    "min_channel_size": "1100",
    "max_channel_size": "16777216"
}
