{
    "graph_diameter": 0,
    "avg_out_degree": 8.403382398997808,
    "max_out_degree": 981,
    "num_nodes": 3193,
    "num_channels": 26832,
    "total_network_capacity": "68916798819",
    "avg_channel_size": 2568455.5314177102,
    "min_channel_size": "1100",
    "max_channel_size": "16777216"
}
