{
    "graph_diameter": 0,
    "avg_out_degree": 8.458554895214263,
    "max_out_degree": 986,
    "num_nodes": 3197,
    "num_channels": 27042,
    "total_network_capacity": "69346503982",
    "avg_channel_size": 2564399.9697507583,
    "min_channel_size": "1100",
    "max_channel_size": "16777216"
}
