{
    "graph_diameter": 0,
    "avg_out_degree": 8.450704225352112,
    "max_out_degree": 984,
    "num_nodes": 3195,
    "num_channels": 27000,
    "total_network_capacity": "69256816231",
    "avg_channel_size": 2565067.267814815,
    "min_channel_size": "1100",
    "max_channel_size": "16777216"
}
