{
    "graph_diameter": 0,
    "avg_out_degree": 8.459467918622849,
    "max_out_degree": 986,
    "num_nodes": 3195,
    "num_channels": 27028,
    "total_network_capacity": "69334630842",
    "avg_channel_size": 2565288.990750333,
    "min_channel_size": "1100",
    "max_channel_size": "16777216"
}
