{
    "graph_diameter": 0,
    "avg_out_degree": 8.4803125,
    "max_out_degree": 986,
    "num_nodes": 3200,
    "num_channels": 27137,
    "total_network_capacity": "69474280581",
    "avg_channel_size": 2560131.207613222,
    "min_channel_size": "1100",
    "max_channel_size": "16777216"
}
