{
    "graph_diameter": 0,
    "avg_out_degree": 8.449765258215962,
    "max_out_degree": 984,
    "num_nodes": 3195,
    "num_channels": 26997,
    "total_network_capacity": "69252816231",
    "avg_channel_size": 2565204.14234915,
    "min_channel_size": "1100",
    "max_channel_size": "16777216"
}
