{
    "graph_diameter": 0,
    "avg_out_degree": 8.40920475892298,
    "max_out_degree": 982,
    "num_nodes": 3194,
    "num_channels": 26859,
    "total_network_capacity": "68972150987",
    "avg_channel_size": 2567934.4349007783,
    "min_channel_size": "1100",
    "max_channel_size": "16777216"
}
