{
    "graph_diameter": 0,
    "avg_out_degree": 8.404008769182587,
    "max_out_degree": 981,
    "num_nodes": 3193,
    "num_channels": 26834,
    "total_network_capacity": "68918298819",
    "avg_channel_size": 2568319.9977267645,
    "min_channel_size": "1100",
    "max_channel_size": "16777216"
}
