{
    "graph_diameter": 0,
    "avg_out_degree": 8.42047589229806,
    "max_out_degree": 983,
    "num_nodes": 3194,
    "num_channels": 26895,
    "total_network_capacity": "69053218298",
    "avg_channel_size": 2567511.370068786,
    "min_channel_size": "1100",
    "max_channel_size": "16777216"
}
