{
    "graph_diameter": 0,
    "avg_out_degree": 8.482995319812792,
    "max_out_degree": 989,
    "num_nodes": 3205,
    "num_channels": 27188,
    "total_network_capacity": "69574409666",
    "avg_channel_size": 2559011.6840517875,
    "min_channel_size": "1100",
    "max_channel_size": "16777216"
}
