{
    "graph_diameter": 0,
    "avg_out_degree": 8.4784375,
    "max_out_degree": 987,
    "num_nodes": 3200,
    "num_channels": 27131,
    "total_network_capacity": "69455736904",
    "avg_channel_size": 2560013.892005455,
    "min_channel_size": "1100",
    "max_channel_size": "16777216"
}
