{
    "graph_diameter": 0,
    "avg_out_degree": 8.407581453634085,
    "max_out_degree": 982,
    "num_nodes": 3192,
    "num_channels": 26837,
    "total_network_capacity": "68947920459",
    "avg_channel_size": 2569136.656817081,
    "min_channel_size": "1100",
    "max_channel_size": "16777216"
}
