{
    "graph_diameter": 0,
    "avg_out_degree": 8.411156377311189,
    "max_out_degree": 982,
    "num_nodes": 3191,
    "num_channels": 26840,
    "total_network_capacity": "68951560792",
    "avg_channel_size": 2568985.1263785395,
    "min_channel_size": "1100",
    "max_channel_size": "16777216"
}
