{
    "graph_diameter": 0,
    "avg_out_degree": 8.479862628785513,
    "max_out_degree": 986,
    "num_nodes": 3203,
    "num_channels": 27161,
    "total_network_capacity": "69501529200",
    "avg_channel_size": 2558872.2506535104,
    "min_channel_size": "1100",
    "max_channel_size": "16777216"
}
