{
    "graph_diameter": 0,
    "avg_out_degree": 8.409261576971215,
    "max_out_degree": 983,
    "num_nodes": 3196,
    "num_channels": 26876,
    "total_network_capacity": "68982328595",
    "avg_channel_size": 2566688.8151138565,
    "min_channel_size": "1100",
    "max_channel_size": "16777216"
}
