{
    "graph_diameter": 0,
    "avg_out_degree": 8.466061933062246,
    "max_out_degree": 985,
    "num_nodes": 3197,
    "num_channels": 27066,
    "total_network_capacity": "69420391923",
    "avg_channel_size": 2564855.9788295277,
    "min_channel_size": "1100",
    "max_channel_size": "16777216"
}
