{
    "graph_diameter": 0,
    "avg_out_degree": 8.469834323226008,
    "max_out_degree": 985,
    "num_nodes": 3199,
    "num_channels": 27095,
    "total_network_capacity": "69435647870",
    "avg_channel_size": 2562673.8464661376,
    "min_channel_size": "1100",
    "max_channel_size": "16777216"
}
