{
    "graph_diameter": 0,
    "avg_out_degree": 8.462308414138255,
    "max_out_degree": 985,
    "num_nodes": 3197,
    "num_channels": 27054,
    "total_network_capacity": "69398176662",
    "avg_channel_size": 2565172.4943446442,
    "min_channel_size": "1100",
    "max_channel_size": "16777216"
}
