{
    "graph_diameter": 0,
    "avg_out_degree": 8.46262120738192,
    "max_out_degree": 985,
    "num_nodes": 3197,
    "num_channels": 27055,
    "total_network_capacity": "69398776662",
    "avg_channel_size": 2565099.8581408244,
    "min_channel_size": "1100",
    "max_channel_size": "16777216"
}
