{
    "graph_diameter": 0,
    "avg_out_degree": 8.44757433489828,
    "max_out_degree": 984,
    "num_nodes": 3195,
    "num_channels": 26990,
    "total_network_capacity": "69238848723",
    "avg_channel_size": 2565351.9349018154,
    "min_channel_size": "1100",
    "max_channel_size": "16777216"
}
