{
    "graph_diameter": 0,
    "avg_out_degree": 8.4795631825273,
    "max_out_degree": 987,
    "num_nodes": 3205,
    "num_channels": 27177,
    "total_network_capacity": "69507505720",
    "avg_channel_size": 2557585.668764028,
    "min_channel_size": "1100",
    "max_channel_size": "16777216"
}
