{
    "graph_diameter": 0,
    "avg_out_degree": 8.401754935756816,
    "max_out_degree": 981,
    "num_nodes": 3191,
    "num_channels": 26810,
    "total_network_capacity": "68869357272",
    "avg_channel_size": 2568793.631928385,
    "min_channel_size": "1100",
    "max_channel_size": "16777216"
}
