{
    "graph_diameter": 0,
    "avg_out_degree": 8.463559587112918,
    "max_out_degree": 985,
    "num_nodes": 3197,
    "num_channels": 27058,
    "total_network_capacity": "69398152874",
    "avg_channel_size": 2564792.4042427377,
    "min_channel_size": "1100",
    "max_channel_size": "16777216"
}
