{
    "graph_diameter": 0,
    "avg_out_degree": 8.395363408521304,
    "max_out_degree": 981,
    "num_nodes": 3192,
    "num_channels": 26798,
    "total_network_capacity": "68858649993",
    "avg_channel_size": 2569544.3687215466,
    "min_channel_size": "1100",
    "max_channel_size": "16777216"
}
