{
    "graph_diameter": 0,
    "avg_out_degree": 8.482371294851793,
    "max_out_degree": 987,
    "num_nodes": 3205,
    "num_channels": 27186,
    "total_network_capacity": "69525988007",
    "avg_channel_size": 2557418.8187670126,
    "min_channel_size": "1100",
    "max_channel_size": "16777216"
}
