{
    "graph_diameter": 0,
    "avg_out_degree": 8.417840375586854,
    "max_out_degree": 983,
    "num_nodes": 3195,
    "num_channels": 26895,
    "total_network_capacity": "69054015795",
    "avg_channel_size": 2567541.022308979,
    "min_channel_size": "1100",
    "max_channel_size": "16777216"
}
