{
    "graph_diameter": 0,
    "avg_out_degree": 8.409646100845599,
    "max_out_degree": 982,
    "num_nodes": 3193,
    "num_channels": 26852,
    "total_network_capacity": "68964890987",
    "avg_channel_size": 2568333.494227618,
    "min_channel_size": "1100",
    "max_channel_size": "16777216"
}
