{
    "graph_diameter": 0,
    "avg_out_degree": 8.410641627543036,
    "max_out_degree": 983,
    "num_nodes": 3195,
    "num_channels": 26872,
    "total_network_capacity": "68978938841",
    "avg_channel_size": 2566944.7321003275,
    "min_channel_size": "1100",
    "max_channel_size": "16777216"
}
