{
    "graph_diameter": 0,
    "avg_out_degree": 8.4796875,
    "max_out_degree": 987,
    "num_nodes": 3200,
    "num_channels": 27135,
    "total_network_capacity": "69458180218",
    "avg_channel_size": 2559726.5604569744,
    "min_channel_size": "1100",
    "max_channel_size": "16777216"
}
