{
    "graph_diameter": 0,
    "avg_out_degree": 8.455114169533939,
    "max_out_degree": 985,
    "num_nodes": 3197,
    "num_channels": 27031,
    "total_network_capacity": "69304928892",
    "avg_channel_size": 2563905.47489919,
    "min_channel_size": "1100",
    "max_channel_size": "16777216"
}
