{
    "graph_diameter": 0,
    "avg_out_degree": 8.463246793869253,
    "max_out_degree": 985,
    "num_nodes": 3197,
    "num_channels": 27057,
    "total_network_capacity": "69396152874",
    "avg_channel_size": 2564813.278412241,
    "min_channel_size": "1100",
    "max_channel_size": "16777216"
}
