{
    "graph_diameter": 0,
    "avg_out_degree": 8.407140620106484,
    "max_out_degree": 982,
    "num_nodes": 3193,
    "num_channels": 26844,
    "total_network_capacity": "68957196928",
    "avg_channel_size": 2568812.28311727,
    "min_channel_size": "1100",
    "max_channel_size": "16777216"
}
