{
    "graph_diameter": 0,
    "avg_out_degree": 8.485642946317103,
    "max_out_degree": 987,
    "num_nodes": 3204,
    "num_channels": 27188,
    "total_network_capacity": "69545507387",
    "avg_channel_size": 2557948.631271149,
    "min_channel_size": "1100",
    "max_channel_size": "16777216"
}
