{
    "graph_diameter": 0,
    "avg_out_degree": 8.45417578980294,
    "max_out_degree": 985,
    "num_nodes": 3197,
    "num_channels": 27028,
    "total_network_capacity": "69283726927",
    "avg_channel_size": 2563405.6136969067,
    "min_channel_size": "1100",
    "max_channel_size": "16777216"
}
