{
    "graph_diameter": 0,
    "avg_out_degree": 8.482059282371296,
    "max_out_degree": 989,
    "num_nodes": 3205,
    "num_channels": 27185,
    "total_network_capacity": "69556970114",
    "avg_channel_size": 2558652.5699466616,
    "min_channel_size": "1100",
    "max_channel_size": "16777216"
}
