{
    "graph_diameter": 0,
    "avg_out_degree": 8.400563733166301,
    "max_out_degree": 981,
    "num_nodes": 3193,
    "num_channels": 26823,
    "total_network_capacity": "68856887173",
    "avg_channel_size": 2567083.7405584757,
    "min_channel_size": "1100",
    "max_channel_size": "16777216"
}
