{
    "graph_diameter": 0,
    "avg_out_degree": 8.446322378716745,
    "max_out_degree": 983,
    "num_nodes": 3195,
    "num_channels": 26986,
    "total_network_capacity": "69206399811",
    "avg_channel_size": 2564529.7491662344,
    "min_channel_size": "1100",
    "max_channel_size": "16777216"
}
