{
    "graph_diameter": 0,
    "avg_out_degree": 8.465457955611129,
    "max_out_degree": 985,
    "num_nodes": 3199,
    "num_channels": 27081,
    "total_network_capacity": "69428590230",
    "avg_channel_size": 2563738.053616927,
    "min_channel_size": "1100",
    "max_channel_size": "16777216"
}
