{
    "graph_diameter": 0,
    "avg_out_degree": 8.402695079912252,
    "max_out_degree": 981,
    "num_nodes": 3191,
    "num_channels": 26813,
    "total_network_capacity": "68870011272",
    "avg_channel_size": 2568530.6109722895,
    "min_channel_size": "1100",
    "max_channel_size": "16777216"
}
