{
    "graph_diameter": 0,
    "avg_out_degree": 8.415206508135169,
    "max_out_degree": 983,
    "num_nodes": 3196,
    "num_channels": 26895,
    "total_network_capacity": "69065108903",
    "avg_channel_size": 2567953.4821714074,
    "min_channel_size": "1100",
    "max_channel_size": "16777216"
}
