{
    "graph_diameter": 0,
    "avg_out_degree": 8.46043165467626,
    "max_out_degree": 986,
    "num_nodes": 3197,
    "num_channels": 27048,
    "total_network_capacity": "69376021374",
    "avg_channel_size": 2564922.4110470274,
    "min_channel_size": "1100",
    "max_channel_size": "16777216"
}
