{
    "graph_diameter": 0,
    "avg_out_degree": 8.445383411580595,
    "max_out_degree": 983,
    "num_nodes": 3195,
    "num_channels": 26983,
    "total_network_capacity": "69189149811",
    "avg_channel_size": 2564175.585035022,
    "min_channel_size": "1100",
    "max_channel_size": "16777216"
}
