{
    "graph_diameter": 0,
    "avg_out_degree": 8.480661260137243,
    "max_out_degree": 990,
    "num_nodes": 3206,
    "num_channels": 27189,
    "total_network_capacity": "69599968378",
    "avg_channel_size": 2559857.6033690097,
    "min_channel_size": "1100",
    "max_channel_size": "16777216"
}
