{
    "graph_diameter": 0,
    "avg_out_degree": 8.454488583046606,
    "max_out_degree": 985,
    "num_nodes": 3197,
    "num_channels": 27029,
    "total_network_capacity": "69284226927",
    "avg_channel_size": 2563329.273262052,
    "min_channel_size": "1100",
    "max_channel_size": "16777216"
}
