{
    "graph_diameter": 0,
    "avg_out_degree": 8.4798751950078,
    "max_out_degree": 987,
    "num_nodes": 3205,
    "num_channels": 27178,
    "total_network_capacity": "69506832131",
    "avg_channel_size": 2557466.779417176,
    "min_channel_size": "1100",
    "max_channel_size": "16777216"
}
