{
    "graph_diameter": 0,
    "avg_out_degree": 8.448826291079813,
    "max_out_degree": 984,
    "num_nodes": 3195,
    "num_channels": 26994,
    "total_network_capacity": "69249788723",
    "avg_channel_size": 2565377.07353486,
    "min_channel_size": "1100",
    "max_channel_size": "16777216"
}
