{
    "graph_diameter": 0,
    "avg_out_degree": 8.48393135725429,
    "max_out_degree": 987,
    "num_nodes": 3205,
    "num_channels": 27191,
    "total_network_capacity": "69542418071",
    "avg_channel_size": 2557552.7958147917,
    "min_channel_size": "1100",
    "max_channel_size": "16777216"
}
