{
    "graph_diameter": 0,
    "avg_out_degree": 8.480811232449298,
    "max_out_degree": 988,
    "num_nodes": 3205,
    "num_channels": 27181,
    "total_network_capacity": "69540340114",
    "avg_channel_size": 2558417.2809683233,
    "min_channel_size": "1100",
    "max_channel_size": "16777216"
}
