{
    "graph_diameter": 0,
    "avg_out_degree": 8.478477854023705,
    "max_out_degree": 988,
    "num_nodes": 3206,
    "num_channels": 27182,
    "total_network_capacity": "69540840114",
    "avg_channel_size": 2558341.553748804,
    "min_channel_size": "1100",
    "max_channel_size": "16777216"
}
