{
    "graph_diameter": 0,
    "avg_out_degree": 8.404635139367366,
    "max_out_degree": 982,
    "num_nodes": 3193,
    "num_channels": 26836,
    "total_network_capacity": "68937746417",
    "avg_channel_size": 2568853.2723580264,
    "min_channel_size": "1100",
    "max_channel_size": "16777216"
}
