{
    "graph_diameter": 0,
    "avg_out_degree": 8.465145357924351,
    "max_out_degree": 985,
    "num_nodes": 3199,
    "num_channels": 27080,
    "total_network_capacity": "69428551536",
    "avg_channel_size": 2563831.297488922,
    "min_channel_size": "1100",
    "max_channel_size": "16777216"
}
