{
    "graph_diameter": 0,
    "avg_out_degree": 8.445070422535212,
    "max_out_degree": 983,
    "num_nodes": 3195,
    "num_channels": 26982,
    "total_network_capacity": "69188649811",
    "avg_channel_size": 2564252.0869839154,
    "min_channel_size": "1100",
    "max_channel_size": "16777216"
}
