{
    "graph_diameter": 0,
    "avg_out_degree": 8.405261509552146,
    "max_out_degree": 982,
    "num_nodes": 3193,
    "num_channels": 26838,
    "total_network_capacity": "68942636368",
    "avg_channel_size": 2568844.0408376185,
    "min_channel_size": "1100",
    "max_channel_size": "16777216"
}
