{
    "graph_diameter": 0,
    "avg_out_degree": 8.408208020050125,
    "max_out_degree": 982,
    "num_nodes": 3192,
    "num_channels": 26839,
    "total_network_capacity": "68949370459",
    "avg_channel_size": 2568999.2346585193,
    "min_channel_size": "1100",
    "max_channel_size": "16777216"
}
