{
    "graph_diameter": 0,
    "avg_out_degree": 8.41645807259074,
    "max_out_degree": 983,
    "num_nodes": 3196,
    "num_channels": 26899,
    "total_network_capacity": "69075218298",
    "avg_channel_size": 2567947.444068553,
    "min_channel_size": "1100",
    "max_channel_size": "16777216"
}
