{
    "graph_diameter": 0,
    "avg_out_degree": 8.411212026307547,
    "max_out_degree": 982,
    "num_nodes": 3193,
    "num_channels": 26857,
    "total_network_capacity": "68969150987",
    "avg_channel_size": 2568013.9623561827,
    "min_channel_size": "1100",
    "max_channel_size": "16777216"
}
