{
    "graph_diameter": 0,
    "avg_out_degree": 8.480799250702466,
    "max_out_degree": 986,
    "num_nodes": 3203,
    "num_channels": 27164,
    "total_network_capacity": "69489038576",
    "avg_channel_size": 2558129.82535709,
    "min_channel_size": "1100",
    "max_channel_size": "16777216"
}
