{
    "graph_diameter": 0,
    "avg_out_degree": 8.448966812773952,
    "max_out_degree": 983,
    "num_nodes": 3194,
    "num_channels": 26986,
    "total_network_capacity": "69208412405",
    "avg_channel_size": 2564604.3283554437,
    "min_channel_size": "1100",
    "max_channel_size": "16777216"
}
