{
    "graph_diameter": 0,
    "avg_out_degree": 8.46418517360025,
    "max_out_degree": 985,
    "num_nodes": 3197,
    "num_channels": 27060,
    "total_network_capacity": "69411841923",
    "avg_channel_size": 2565108.7185144126,
    "min_channel_size": "1100",
    "max_channel_size": "16777216"
}
