{
    "graph_diameter": 0,
    "avg_out_degree": 8.480150046889653,
    "max_out_degree": 987,
    "num_nodes": 3199,
    "num_channels": 27128,
    "total_network_capacity": "69452497413",
    "avg_channel_size": 2560177.5808389857,
    "min_channel_size": "1100",
    "max_channel_size": "16777216"
}
