{
    "graph_diameter": 0,
    "avg_out_degree": 8.409147869674186,
    "max_out_degree": 982,
    "num_nodes": 3192,
    "num_channels": 26842,
    "total_network_capacity": "68956060792",
    "avg_channel_size": 2568961.358766113,
    "min_channel_size": "1100",
    "max_channel_size": "16777216"
}
