{
    "graph_diameter": 0,
    "avg_out_degree": 8.402882205513784,
    "max_out_degree": 981,
    "num_nodes": 3192,
    "num_channels": 26822,
    "total_network_capacity": "68873085213",
    "avg_channel_size": 2567783.3574304674,
    "min_channel_size": "1100",
    "max_channel_size": "16777216"
}
