{
    "graph_diameter": 0,
    "avg_out_degree": 8.41095461658842,
    "max_out_degree": 983,
    "num_nodes": 3195,
    "num_channels": 26873,
    "total_network_capacity": "68979038841",
    "avg_channel_size": 2566852.9319763333,
    "min_channel_size": "1100",
    "max_channel_size": "16777216"
}
