{
    "graph_diameter": 0,
    "avg_out_degree": 8.404948324459756,
    "max_out_degree": 982,
    "num_nodes": 3193,
    "num_channels": 26837,
    "total_network_capacity": "68942300798",
    "avg_channel_size": 2568927.257070462,
    "min_channel_size": "1100",
    "max_channel_size": "16777216"
}
