{
    "graph_diameter": 0,
    "avg_out_degree": 8.46639574867146,
    "max_out_degree": 985,
    "num_nodes": 3199,
    "num_channels": 27084,
    "total_network_capacity": "69428809327",
    "avg_channel_size": 2563462.1668512775,
    "min_channel_size": "1100",
    "max_channel_size": "16777216"
}
