{
    "graph_diameter": 0,
    "avg_out_degree": 8.464665415884928,
    "max_out_degree": 985,
    "num_nodes": 3198,
    "num_channels": 27070,
    "total_network_capacity": "69407536662",
    "avg_channel_size": 2564002.093165866,
    "min_channel_size": "1100",
    "max_channel_size": "16777216"
}
