{
    "graph_diameter": 0,
    "avg_out_degree": 8.477854023705552,
    "max_out_degree": 988,
    "num_nodes": 3206,
    "num_channels": 27180,
    "total_network_capacity": "69537740114",
    "avg_channel_size": 2558415.751066961,
    "min_channel_size": "1100",
    "max_channel_size": "16777216"
}
