{
    "graph_diameter": 0,
    "avg_out_degree": 8.419718309859155,
    "max_out_degree": 983,
    "num_nodes": 3195,
    "num_channels": 26901,
    "total_network_capacity": "69058815795",
    "avg_channel_size": 2567146.7898962866,
    "min_channel_size": "1100",
    "max_channel_size": "16777216"
}
