{
    "graph_diameter": 0,
    "avg_out_degree": 8.405701754385966,
    "max_out_degree": 982,
    "num_nodes": 3192,
    "num_channels": 26831,
    "total_network_capacity": "68933880978",
    "avg_channel_size": 2569187.9161417764,
    "min_channel_size": "1100",
    "max_channel_size": "16777216"
}
