{
    "graph_diameter": 0,
    "avg_out_degree": 8.455426962777604,
    "max_out_degree": 985,
    "num_nodes": 3197,
    "num_channels": 27032,
    "total_network_capacity": "69306372927",
    "avg_channel_size": 2563864.047314294,
    "min_channel_size": "1100",
    "max_channel_size": "16777216"
}
