{
    "graph_diameter": 0,
    "avg_out_degree": 8.595533498759306,
    "max_out_degree": 1031,
    "num_nodes": 3627,
    "num_channels": 31176,
    "total_network_capacity": "73357582211",
    "avg_channel_size": 2353014.5692519885,
    "min_channel_size": "1100",
    "max_channel_size": "16777216"
}
