{
    "graph_diameter": 0,
    "avg_out_degree": 8.571468220927006,
    "max_out_degree": 1031,
    "num_nodes": 3603,
    "num_channels": 30883,
    "total_network_capacity": "73102921114",
    "avg_channel_size": 2367092.6112748114,
    "min_channel_size": "1100",
    "max_channel_size": "16777216"
}
