{
    "graph_diameter": 0,
    "avg_out_degree": 8.575479566305255,
    "max_out_degree": 1034,
    "num_nodes": 3597,
    "num_channels": 30846,
    "total_network_capacity": "73149231235",
    "avg_channel_size": 2371433.2890812424,
    "min_channel_size": "1100",
    "max_channel_size": "16777216"
}
