{
    "graph_diameter": 0,
    "avg_out_degree": 8.584483710657096,
    "max_out_degree": 1032,
    "num_nodes": 3622,
    "num_channels": 31093,
    "total_network_capacity": "73205788606",
    "avg_channel_size": 2354413.810375326,
    "min_channel_size": "1100",
    "max_channel_size": "16777216"
}
