{
    "graph_diameter": 0,
    "avg_out_degree": 8.587305986696231,
    "max_out_degree": 1032,
    "num_nodes": 3608,
    "num_channels": 30983,
    "total_network_capacity": "73131727701",
    "avg_channel_size": 2360382.3936029435,
    "min_channel_size": "1100",
    "max_channel_size": "16777216"
}
