{
    "graph_diameter": 0,
    "avg_out_degree": 8.595862068965518,
    "max_out_degree": 1031,
    "num_nodes": 3625,
    "num_channels": 31160,
    "total_network_capacity": "73373163482",
    "avg_channel_size": 2354722.833183569,
    "min_channel_size": "1100",
    "max_channel_size": "16777216"
}
