{
    "graph_diameter": 0,
    "avg_out_degree": 8.569085348901863,
    "max_out_degree": 1032,
    "num_nodes": 3597,
    "num_channels": 30823,
    "total_network_capacity": "73143068361",
    "avg_channel_size": 2373002.899166207,
    "min_channel_size": "1100",
    "max_channel_size": "16777216"
}
