{
    "graph_diameter": 0,
    "avg_out_degree": 8.571666204602163,
    "max_out_degree": 1031,
    "num_nodes": 3607,
    "num_channels": 30918,
    "total_network_capacity": "73133882918",
    "avg_channel_size": 2365414.416132997,
    "min_channel_size": "1100",
    "max_channel_size": "16777216"
}
