{
    "graph_diameter": 0,
    "avg_out_degree": 8.585480742587974,
    "max_out_degree": 1032,
    "num_nodes": 3609,
    "num_channels": 30985,
    "total_network_capacity": "73132259740",
    "avg_channel_size": 2360247.208003873,
    "min_channel_size": "1100",
    "max_channel_size": "16777216"
}
