{
    "graph_diameter": 0,
    "avg_out_degree": 8.598123102401324,
    "max_out_degree": 1031,
    "num_nodes": 3623,
    "num_channels": 31151,
    "total_network_capacity": "73345778648",
    "avg_channel_size": 2354524.048922988,
    "min_channel_size": "1100",
    "max_channel_size": "16777216"
}
