{
    "graph_diameter": 0,
    "avg_out_degree": 8.584832549128148,
    "max_out_degree": 1032,
    "num_nodes": 3613,
    "num_channels": 31017,
    "total_network_capacity": "73154678368",
    "avg_channel_size": 2358534.944320856,
    "min_channel_size": "1100",
    "max_channel_size": "16777216"
}
