{
    "graph_diameter": 0,
    "avg_out_degree": 8.59023178807947,
    "max_out_degree": 1031,
    "num_nodes": 3624,
    "num_channels": 31131,
    "total_network_capacity": "73229127438",
    "avg_channel_size": 2352289.596800617,
    "min_channel_size": "1100",
    "max_channel_size": "16777216"
}
