{
    "graph_diameter": 0,
    "avg_out_degree": 8.591662065157372,
    "max_out_degree": 1031,
    "num_nodes": 3622,
    "num_channels": 31119,
    "total_network_capacity": "73234008007",
    "avg_channel_size": 2353353.514155339,
    "min_channel_size": "1100",
    "max_channel_size": "16777216"
}
