{
    "graph_diameter": 0,
    "avg_out_degree": 8.58820271392966,
    "max_out_degree": 1032,
    "num_nodes": 3611,
    "num_channels": 31012,
    "total_network_capacity": "73146580282",
    "avg_channel_size": 2358654.0784857473,
    "min_channel_size": "1100",
    "max_channel_size": "16777216"
}
