{
    "graph_diameter": 0,
    "avg_out_degree": 8.585453539823009,
    "max_out_degree": 1032,
    "num_nodes": 3616,
    "num_channels": 31045,
    "total_network_capacity": "73178336638",
    "avg_channel_size": 2357169.806345627,
    "min_channel_size": "1100",
    "max_channel_size": "16777216"
}
