{
    "graph_diameter": 0,
    "avg_out_degree": 8.581762749445677,
    "max_out_degree": 1032,
    "num_nodes": 3608,
    "num_channels": 30963,
    "total_network_capacity": "73169021757",
    "avg_channel_size": 2363111.5123534543,
    "min_channel_size": "1100",
    "max_channel_size": "16777216"
}
