{
    "graph_diameter": 0,
    "avg_out_degree": 8.589729431253451,
    "max_out_degree": 1031,
    "num_nodes": 3622,
    "num_channels": 31112,
    "total_network_capacity": "73224261449",
    "avg_channel_size": 2353569.7302969913,
    "min_channel_size": "1100",
    "max_channel_size": "16777216"
}
