{
    "graph_diameter": 0,
    "avg_out_degree": 8.588576158940397,
    "max_out_degree": 1030,
    "num_nodes": 3624,
    "num_channels": 31125,
    "total_network_capacity": "73231425171",
    "avg_channel_size": 2352816.8729638555,
    "min_channel_size": "1100",
    "max_channel_size": "16777216"
}
