{
    "graph_diameter": 0,
    "avg_out_degree": 8.554758620689656,
    "max_out_degree": 1031,
    "num_nodes": 3625,
    "num_channels": 31011,
    "total_network_capacity": "73358483934",
    "avg_channel_size": 2365563.3141143466,
    "min_channel_size": "1100",
    "max_channel_size": "16777216"
}
