{
    "graph_diameter": 0,
    "avg_out_degree": 8.576379262545052,
    "max_out_degree": 1031,
    "num_nodes": 3607,
    "num_channels": 30935,
    "total_network_capacity": "73153202918",
    "avg_channel_size": 2364739.0631323745,
    "min_channel_size": "1100",
    "max_channel_size": "16777216"
}
