{
    "graph_diameter": 0,
    "avg_out_degree": 8.586073500967117,
    "max_out_degree": 1032,
    "num_nodes": 3619,
    "num_channels": 31073,
    "total_network_capacity": "73191318780",
    "avg_channel_size": 2355463.546487304,
    "min_channel_size": "1100",
    "max_channel_size": "16777216"
}
