{
    "graph_diameter": 0,
    "avg_out_degree": 8.58873861440795,
    "max_out_degree": 1030,
    "num_nodes": 3623,
    "num_channels": 31117,
    "total_network_capacity": "73222533007",
    "avg_channel_size": 2353136.0030529937,
    "min_channel_size": "1100",
    "max_channel_size": "16777216"
}
