{
    "graph_diameter": 0,
    "avg_out_degree": 8.584806629834254,
    "max_out_degree": 1032,
    "num_nodes": 3620,
    "num_channels": 31077,
    "total_network_capacity": "73201958780",
    "avg_channel_size": 2355502.7441516235,
    "min_channel_size": "1100",
    "max_channel_size": "16777216"
}
