{
    "graph_diameter": 0,
    "avg_out_degree": 8.554054054054054,
    "max_out_degree": 1031,
    "num_nodes": 3626,
    "num_channels": 31017,
    "total_network_capacity": "73378003511",
    "avg_channel_size": 2365735.0327562303,
    "min_channel_size": "1100",
    "max_channel_size": "16777216"
}
