{
    "graph_diameter": 0,
    "avg_out_degree": 8.585911602209945,
    "max_out_degree": 1032,
    "num_nodes": 3620,
    "num_channels": 31081,
    "total_network_capacity": "73205051772",
    "avg_channel_size": 2355299.114314211,
    "min_channel_size": "1100",
    "max_channel_size": "16777216"
}
