{
    "graph_diameter": 0,
    "avg_out_degree": 8.585892116182572,
    "max_out_degree": 1032,
    "num_nodes": 3615,
    "num_channels": 31038,
    "total_network_capacity": "73168624178",
    "avg_channel_size": 2357388.4972614213,
    "min_channel_size": "1100",
    "max_channel_size": "16777216"
}
