{
    "graph_diameter": 0,
    "avg_out_degree": 8.582594235033259,
    "max_out_degree": 1032,
    "num_nodes": 3608,
    "num_channels": 30966,
    "total_network_capacity": "73173521757",
    "avg_channel_size": 2363027.8937221467,
    "min_channel_size": "1100",
    "max_channel_size": "16777216"
}
