{
    "graph_diameter": 0,
    "avg_out_degree": 8.550468836183121,
    "max_out_degree": 1031,
    "num_nodes": 3626,
    "num_channels": 31004,
    "total_network_capacity": "73369789753",
    "avg_channel_size": 2366462.0614436846,
    "min_channel_size": "1100",
    "max_channel_size": "16777216"
}
