{
    "graph_diameter": 0,
    "avg_out_degree": 8.562586733277824,
    "max_out_degree": 1031,
    "num_nodes": 3603,
    "num_channels": 30851,
    "total_network_capacity": "73089161327",
    "avg_channel_size": 2369101.854947976,
    "min_channel_size": "1100",
    "max_channel_size": "16777216"
}
