{
    "graph_diameter": 0,
    "avg_out_degree": 8.592275862068966,
    "max_out_degree": 1032,
    "num_nodes": 3625,
    "num_channels": 31147,
    "total_network_capacity": "73288205203",
    "avg_channel_size": 2352977.981924423,
    "min_channel_size": "1100",
    "max_channel_size": "16777216"
}
