{
    "graph_diameter": 0,
    "avg_out_degree": 8.597459966869133,
    "max_out_degree": 1031,
    "num_nodes": 3622,
    "num_channels": 31140,
    "total_network_capacity": "73323700407",
    "avg_channel_size": 2354646.769653179,
    "min_channel_size": "1100",
    "max_channel_size": "16777216"
}
