{
    "graph_diameter": 0,
    "avg_out_degree": 8.57966195622056,
    "max_out_degree": 1032,
    "num_nodes": 3609,
    "num_channels": 30964,
    "total_network_capacity": "73116137358",
    "avg_channel_size": 2361327.262562976,
    "min_channel_size": "1100",
    "max_channel_size": "16777216"
}
