{
    "graph_diameter": 0,
    "avg_out_degree": 8.586968525676422,
    "max_out_degree": 1031,
    "num_nodes": 3622,
    "num_channels": 31102,
    "total_network_capacity": "73209773867",
    "avg_channel_size": 2353860.6477718474,
    "min_channel_size": "1100",
    "max_channel_size": "16777216"
}
