{
    "graph_diameter": 0,
    "avg_out_degree": 8.583818232197284,
    "max_out_degree": 1032,
    "num_nodes": 3609,
    "num_channels": 30979,
    "total_network_capacity": "73132466034",
    "avg_channel_size": 2360710.9988702023,
    "min_channel_size": "1100",
    "max_channel_size": "16777216"
}
