{
    "graph_diameter": 0,
    "avg_out_degree": 8.587244616234125,
    "max_out_degree": 1031,
    "num_nodes": 3622,
    "num_channels": 31103,
    "total_network_capacity": "73210181449",
    "avg_channel_size": 2353798.0725010447,
    "min_channel_size": "1100",
    "max_channel_size": "16777216"
}
