{
    "graph_diameter": 0,
    "avg_out_degree": 8.59542195256481,
    "max_out_degree": 1031,
    "num_nodes": 3626,
    "num_channels": 31167,
    "total_network_capacity": "73278686938",
    "avg_channel_size": 2351162.6700676996,
    "min_channel_size": "1100",
    "max_channel_size": "16777216"
}
