{
    "graph_diameter": 0,
    "avg_out_degree": 8.589128035320089,
    "max_out_degree": 1031,
    "num_nodes": 3624,
    "num_channels": 31127,
    "total_network_capacity": "73224885533",
    "avg_channel_size": 2352455.602306679,
    "min_channel_size": "1100",
    "max_channel_size": "16777216"
}
