{
    "graph_diameter": 0,
    "avg_out_degree": 8.591335540838852,
    "max_out_degree": 1031,
    "num_nodes": 3624,
    "num_channels": 31135,
    "total_network_capacity": "73256407438",
    "avg_channel_size": 2352863.5759755904,
    "min_channel_size": "1100",
    "max_channel_size": "16777216"
}
