{
    "graph_diameter": 0,
    "avg_out_degree": 8.586920529801324,
    "max_out_degree": 1030,
    "num_nodes": 3624,
    "num_channels": 31119,
    "total_network_capacity": "73231305171",
    "avg_channel_size": 2353266.6593078184,
    "min_channel_size": "1100",
    "max_channel_size": "16777216"
}
