{
    "graph_diameter": 0,
    "avg_out_degree": 8.590077605321508,
    "max_out_degree": 1032,
    "num_nodes": 3608,
    "num_channels": 30993,
    "total_network_capacity": "73131585107",
    "avg_channel_size": 2359616.207111283,
    "min_channel_size": "1100",
    "max_channel_size": "16777216"
}
