{
    "graph_diameter": 0,
    "avg_out_degree": 8.58202371105597,
    "max_out_degree": 1031,
    "num_nodes": 3627,
    "num_channels": 31127,
    "total_network_capacity": "73366002090",
    "avg_channel_size": 2356989.1762778293,
    "min_channel_size": "1100",
    "max_channel_size": "16777216"
}
