{
    "graph_diameter": 0,
    "avg_out_degree": 8.593318608503589,
    "max_out_degree": 1031,
    "num_nodes": 3622,
    "num_channels": 31125,
    "total_network_capacity": "73234128007",
    "avg_channel_size": 2352903.711068273,
    "min_channel_size": "1100",
    "max_channel_size": "16777216"
}
