{
    "graph_diameter": 0,
    "avg_out_degree": 8.593215664644235,
    "max_out_degree": 1031,
    "num_nodes": 3626,
    "num_channels": 31159,
    "total_network_capacity": "73269397901",
    "avg_channel_size": 2351468.208254437,
    "min_channel_size": "1100",
    "max_channel_size": "16777216"
}
