{
    "graph_diameter": 0,
    "avg_out_degree": 8.59023178807947,
    "max_out_degree": 1032,
    "num_nodes": 3624,
    "num_channels": 31131,
    "total_network_capacity": "73234334370",
    "avg_channel_size": 2352456.855545919,
    "min_channel_size": "1100",
    "max_channel_size": "16777216"
}
