{
    "graph_diameter": 0,
    "avg_out_degree": 8.585872576177286,
    "max_out_degree": 1034,
    "num_nodes": 3610,
    "num_channels": 30995,
    "total_network_capacity": "73133097423",
    "avg_channel_size": 2359512.741506695,
    "min_channel_size": "1100",
    "max_channel_size": "16777216"
}
