{
    "graph_diameter": 0,
    "avg_out_degree": 8.57202331390508,
    "max_out_degree": 1031,
    "num_nodes": 3603,
    "num_channels": 30885,
    "total_network_capacity": "73104921114",
    "avg_channel_size": 2367004.083341428,
    "min_channel_size": "1100",
    "max_channel_size": "16777216"
}
