{
    "graph_diameter": 0,
    "avg_out_degree": 8.583977900552487,
    "max_out_degree": 1032,
    "num_nodes": 3620,
    "num_channels": 31074,
    "total_network_capacity": "73199378780",
    "avg_channel_size": 2355647.125571217,
    "min_channel_size": "1100",
    "max_channel_size": "16777216"
}
