{
    "graph_diameter": 0,
    "avg_out_degree": 8.583379501385041,
    "max_out_degree": 1034,
    "num_nodes": 3610,
    "num_channels": 30986,
    "total_network_capacity": "73120997423",
    "avg_channel_size": 2359807.57190344,
    "min_channel_size": "1100",
    "max_channel_size": "16777216"
}
