{
    "graph_diameter": 0,
    "avg_out_degree": 8.544928335170892,
    "max_out_degree": 1030,
    "num_nodes": 3628,
    "num_channels": 31001,
    "total_network_capacity": "73375873361",
    "avg_channel_size": 2366887.305603045,
    "min_channel_size": "1100",
    "max_channel_size": "16777216"
}
