{
    "graph_diameter": 0,
    "avg_out_degree": 8.574639289678135,
    "max_out_degree": 1031,
    "num_nodes": 3604,
    "num_channels": 30903,
    "total_network_capacity": "73121092378",
    "avg_channel_size": 2366148.6709380965,
    "min_channel_size": "1100",
    "max_channel_size": "16777216"
}
