{
    "graph_diameter": 0,
    "avg_out_degree": 8.589566657466188,
    "max_out_degree": 1030,
    "num_nodes": 3623,
    "num_channels": 31120,
    "total_network_capacity": "73222593007",
    "avg_channel_size": 2352911.086343188,
    "min_channel_size": "1100",
    "max_channel_size": "16777216"
}
