{
    "graph_diameter": 0,
    "avg_out_degree": 8.568491247568769,
    "max_out_degree": 1034,
    "num_nodes": 3599,
    "num_channels": 30838,
    "total_network_capacity": "73150862401",
    "avg_channel_size": 2372101.3814449706,
    "min_channel_size": "1100",
    "max_channel_size": "16777216"
}
