{
    "graph_diameter": 0,
    "avg_out_degree": 8.583656509695292,
    "max_out_degree": 1034,
    "num_nodes": 3610,
    "num_channels": 30987,
    "total_network_capacity": "73137774638",
    "avg_channel_size": 2360272.8446768,
    "min_channel_size": "1100",
    "max_channel_size": "16777216"
}
