{
    "graph_diameter": 0,
    "avg_out_degree": 8.589403973509933,
    "max_out_degree": 1031,
    "num_nodes": 3624,
    "num_channels": 31128,
    "total_network_capacity": "73224985533",
    "avg_channel_size": 2352383.241229761,
    "min_channel_size": "1100",
    "max_channel_size": "16777216"
}
