{
    "graph_diameter": 0,
    "avg_out_degree": 8.588024282560706,
    "max_out_degree": 1030,
    "num_nodes": 3624,
    "num_channels": 31123,
    "total_network_capacity": "73231275171",
    "avg_channel_size": 2352963.2481123284,
    "min_channel_size": "1100",
    "max_channel_size": "16777216"
}
