{
    "graph_diameter": 0,
    "avg_out_degree": 8.585588072887907,
    "max_out_degree": 1032,
    "num_nodes": 3622,
    "num_channels": 31097,
    "total_network_capacity": "73206733606",
    "avg_channel_size": 2354141.351448693,
    "min_channel_size": "1100",
    "max_channel_size": "16777216"
}
