{
    "graph_diameter": 0,
    "avg_out_degree": 8.587860310421286,
    "max_out_degree": 1032,
    "num_nodes": 3608,
    "num_channels": 30985,
    "total_network_capacity": "73134069250",
    "avg_channel_size": 2360305.6075520413,
    "min_channel_size": "1100",
    "max_channel_size": "16777216"
}
