{
    "graph_diameter": 0,
    "avg_out_degree": 8.591611479028698,
    "max_out_degree": 1031,
    "num_nodes": 3624,
    "num_channels": 31136,
    "total_network_capacity": "73256787438",
    "avg_channel_size": 2352800.213193731,
    "min_channel_size": "1100",
    "max_channel_size": "16777216"
}
