{
    "graph_diameter": 0,
    "avg_out_degree": 8.584645125655896,
    "max_out_degree": 1032,
    "num_nodes": 3621,
    "num_channels": 31085,
    "total_network_capacity": "73205155543",
    "avg_channel_size": 2354999.3740710956,
    "min_channel_size": "1100",
    "max_channel_size": "16777216"
}
