{
    "graph_diameter": 0,
    "avg_out_degree": 8.562309186788788,
    "max_out_degree": 1031,
    "num_nodes": 3603,
    "num_channels": 30850,
    "total_network_capacity": "73088461327",
    "avg_channel_size": 2369155.9587358185,
    "min_channel_size": "1100",
    "max_channel_size": "16777216"
}
