{
    "graph_diameter": 0,
    "avg_out_degree": 8.564009997222994,
    "max_out_degree": 1030,
    "num_nodes": 3601,
    "num_channels": 30839,
    "total_network_capacity": "73082730084",
    "avg_channel_size": 2369815.17182788,
    "min_channel_size": "1100",
    "max_channel_size": "16777216"
}
