{
    "graph_diameter": 0,
    "avg_out_degree": 8.59305210918114,
    "max_out_degree": 1031,
    "num_nodes": 3627,
    "num_channels": 31167,
    "total_network_capacity": "73333804019",
    "avg_channel_size": 2352931.113645843,
    "min_channel_size": "1100",
    "max_channel_size": "16777216"
}
