{
    "graph_diameter": 0,
    "avg_out_degree": 8.549917264202978,
    "max_out_degree": 1031,
    "num_nodes": 3626,
    "num_channels": 31002,
    "total_network_capacity": "73359289753",
    "avg_channel_size": 2366276.0387394363,
    "min_channel_size": "1100",
    "max_channel_size": "16777216"
}
