{
    "graph_diameter": 0,
    "avg_out_degree": 8.594758620689655,
    "max_out_degree": 1031,
    "num_nodes": 3625,
    "num_channels": 31156,
    "total_network_capacity": "73363441169",
    "avg_channel_size": 2354713.094395943,
    "min_channel_size": "1100",
    "max_channel_size": "16777216"
}
