{
    "graph_diameter": 0,
    "avg_out_degree": 8.562864279766861,
    "max_out_degree": 1031,
    "num_nodes": 3603,
    "num_channels": 30852,
    "total_network_capacity": "73089261327",
    "avg_channel_size": 2369028.306981719,
    "min_channel_size": "1100",
    "max_channel_size": "16777216"
}
