{
    "graph_diameter": 0,
    "avg_out_degree": 8.585655172413793,
    "max_out_degree": 1030,
    "num_nodes": 3625,
    "num_channels": 31123,
    "total_network_capacity": "73231315171",
    "avg_channel_size": 2352964.5333354753,
    "min_channel_size": "1100",
    "max_channel_size": "16777216"
}
