{
    "graph_diameter": 0,
    "avg_out_degree": 8.589078874793161,
    "max_out_degree": 1031,
    "num_nodes": 3626,
    "num_channels": 31144,
    "total_network_capacity": "73287769395",
    "avg_channel_size": 2353190.6433020807,
    "min_channel_size": "1100",
    "max_channel_size": "16777216"
}
