{
    "graph_diameter": 0,
    "avg_out_degree": 8.585197459265396,
    "max_out_degree": 1032,
    "num_nodes": 3621,
    "num_channels": 31087,
    "total_network_capacity": "73205275543",
    "avg_channel_size": 2354851.723968218,
    "min_channel_size": "1100",
    "max_channel_size": "16777216"
}
