{
    "graph_diameter": 0,
    "avg_out_degree": 8.585379310344827,
    "max_out_degree": 1030,
    "num_nodes": 3625,
    "num_channels": 31122,
    "total_network_capacity": "73231295171",
    "avg_channel_size": 2353039.4952445216,
    "min_channel_size": "1100",
    "max_channel_size": "16777216"
}
