{
    "graph_diameter": 0,
    "avg_out_degree": 8.583586626139818,
    "max_out_degree": 1032,
    "num_nodes": 3619,
    "num_channels": 31064,
    "total_network_capacity": "73191146160",
    "avg_channel_size": 2356140.4249291783,
    "min_channel_size": "1100",
    "max_channel_size": "16777216"
}
