{
    "graph_diameter": 0,
    "avg_out_degree": 8.574202496532594,
    "max_out_degree": 1031,
    "num_nodes": 3605,
    "num_channels": 30910,
    "total_network_capacity": "73125812378",
    "avg_channel_size": 2365765.525008088,
    "min_channel_size": "1100",
    "max_channel_size": "16777216"
}
