{
    "graph_diameter": 0,
    "avg_out_degree": 8.574479889042996,
    "max_out_degree": 1031,
    "num_nodes": 3605,
    "num_channels": 30911,
    "total_network_capacity": "73125412378",
    "avg_channel_size": 2365676.0498851542,
    "min_channel_size": "1100",
    "max_channel_size": "16777216"
}
