{
    "graph_diameter": 0,
    "avg_out_degree": 8.59575055187638,
    "max_out_degree": 1031,
    "num_nodes": 3624,
    "num_channels": 31151,
    "total_network_capacity": "73368231282",
    "avg_channel_size": 2355244.8166029984,
    "min_channel_size": "1100",
    "max_channel_size": "16777216"
}
