{
    "graph_diameter": 0,
    "avg_out_degree": 8.59922715981231,
    "max_out_degree": 1031,
    "num_nodes": 3623,
    "num_channels": 31155,
    "total_network_capacity": "73346018648",
    "avg_channel_size": 2354229.4542770023,
    "min_channel_size": "1100",
    "max_channel_size": "16777216"
}
