{
    "graph_diameter": 0,
    "avg_out_degree": 8.586426592797784,
    "max_out_degree": 1032,
    "num_nodes": 3610,
    "num_channels": 30997,
    "total_network_capacity": "73137504966",
    "avg_channel_size": 2359502.692712198,
    "min_channel_size": "1100",
    "max_channel_size": "16777216"
}
