{
    "graph_diameter": 0,
    "avg_out_degree": 8.58646408839779,
    "max_out_degree": 1032,
    "num_nodes": 3620,
    "num_channels": 31083,
    "total_network_capacity": "73204538780",
    "avg_channel_size": 2355131.061351864,
    "min_channel_size": "1100",
    "max_channel_size": "16777216"
}
