{
    "graph_diameter": 0,
    "avg_out_degree": 8.590354767184035,
    "max_out_degree": 1032,
    "num_nodes": 3608,
    "num_channels": 30994,
    "total_network_capacity": "73132585107",
    "avg_channel_size": 2359572.340033555,
    "min_channel_size": "1100",
    "max_channel_size": "16777216"
}
