{
    "graph_diameter": 0,
    "avg_out_degree": 8.584759801214798,
    "max_out_degree": 1032,
    "num_nodes": 3622,
    "num_channels": 31094,
    "total_network_capacity": "73206088606",
    "avg_channel_size": 2354347.7393066185,
    "min_channel_size": "1100",
    "max_channel_size": "16777216"
}
