{
    "graph_diameter": 0,
    "avg_out_degree": 8.58243280687171,
    "max_out_degree": 1032,
    "num_nodes": 3609,
    "num_channels": 30974,
    "total_network_capacity": "73178375555",
    "avg_channel_size": 2362574.273745722,
    "min_channel_size": "1100",
    "max_channel_size": "16777216"
}
