{
    "graph_diameter": 0,
    "avg_out_degree": 8.576869613566862,
    "max_out_degree": 1034,
    "num_nodes": 3597,
    "num_channels": 30851,
    "total_network_capacity": "73155270157",
    "avg_channel_size": 2371244.697319374,
    "min_channel_size": "1100",
    "max_channel_size": "16777216"
}
