{
    "graph_diameter": 0,
    "avg_out_degree": 8.583148558758316,
    "max_out_degree": 1032,
    "num_nodes": 3608,
    "num_channels": 30968,
    "total_network_capacity": "73173561757",
    "avg_channel_size": 2362876.5744316713,
    "min_channel_size": "1100",
    "max_channel_size": "16777216"
}
