{
    "graph_diameter": 0,
    "avg_out_degree": 8.566749930613378,
    "max_out_degree": 1031,
    "num_nodes": 3603,
    "num_channels": 30866,
    "total_network_capacity": "73093969642",
    "avg_channel_size": 2368106.318991771,
    "min_channel_size": "1100",
    "max_channel_size": "16777216"
}
