{
    "graph_diameter": 0,
    "avg_out_degree": 8.586368653421633,
    "max_out_degree": 1030,
    "num_nodes": 3624,
    "num_channels": 31117,
    "total_network_capacity": "73221905171",
    "avg_channel_size": 2353115.8264292832,
    "min_channel_size": "1100",
    "max_channel_size": "16777216"
}
