{
    "graph_diameter": 0,
    "avg_out_degree": 8.587257617728532,
    "max_out_degree": 1032,
    "num_nodes": 3610,
    "num_channels": 31000,
    "total_network_capacity": "73143526180",
    "avg_channel_size": 2359468.586451613,
    "min_channel_size": "1100",
    "max_channel_size": "16777216"
}
