{
    "graph_diameter": 0,
    "avg_out_degree": 8.590182018753447,
    "max_out_degree": 1031,
    "num_nodes": 3626,
    "num_channels": 31148,
    "total_network_capacity": "73263877901",
    "avg_channel_size": 2352121.417137537,
    "min_channel_size": "1100",
    "max_channel_size": "16777216"
}
