{
    "graph_diameter": 0,
    "avg_out_degree": 8.589630446773304,
    "max_out_degree": 1031,
    "num_nodes": 3626,
    "num_channels": 31146,
    "total_network_capacity": "73286466922",
    "avg_channel_size": 2352997.717909202,
    "min_channel_size": "1100",
    "max_channel_size": "16777216"
}
