{
    "graph_diameter": 0,
    "avg_out_degree": 8.591673559415495,
    "max_out_degree": 1031,
    "num_nodes": 3627,
    "num_channels": 31162,
    "total_network_capacity": "73363128546",
    "avg_channel_size": 2354249.680572492,
    "min_channel_size": "1100",
    "max_channel_size": "16777216"
}
