{
    "graph_diameter": 0,
    "avg_out_degree": 8.58354114713217,
    "max_out_degree": 1034,
    "num_nodes": 3609,
    "num_channels": 30978,
    "total_network_capacity": "73119149261",
    "avg_channel_size": 2360357.326522048,
    "min_channel_size": "1100",
    "max_channel_size": "16777216"
}
