{
    "graph_diameter": 0,
    "avg_out_degree": 8.671522422165095,
    "max_out_degree": 1016,
    "num_nodes": 3501,
    "num_channels": 30359,
    "total_network_capacity": "72510434658",
    "avg_channel_size": 2388432.908132679,
    "min_channel_size": "1100",
    "max_channel_size": "16777216"
}
