{
    "graph_diameter": 0,
    "avg_out_degree": 8.675636988262239,
    "max_out_degree": 1016,
    "num_nodes": 3493,
    "num_channels": 30304,
    "total_network_capacity": "72461957797",
    "avg_channel_size": 2391168.0899221227,
    "min_channel_size": "1100",
    "max_channel_size": "16777216"
}
