{
    "graph_diameter": 0,
    "avg_out_degree": 8.708918841410956,
    "max_out_degree": 1014,
    "num_nodes": 3487,
    "num_channels": 30368,
    "total_network_capacity": "72291225734",
    "avg_channel_size": 2380506.642979452,
    "min_channel_size": "1100",
    "max_channel_size": "16777216"
}
