{
    "graph_diameter": 0,
    "avg_out_degree": 8.67477812768394,
    "max_out_degree": 1016,
    "num_nodes": 3493,
    "num_channels": 30301,
    "total_network_capacity": "72450396170",
    "avg_channel_size": 2391023.272169235,
    "min_channel_size": "1100",
    "max_channel_size": "16777216"
}
