{
    "graph_diameter": 0,
    "avg_out_degree": 8.672961373390558,
    "max_out_degree": 1016,
    "num_nodes": 3495,
    "num_channels": 30312,
    "total_network_capacity": "72475396564",
    "avg_channel_size": 2390980.356426498,
    "min_channel_size": "1100",
    "max_channel_size": "16777216"
}
