{
    "graph_diameter": 0,
    "avg_out_degree": 8.720427005193306,
    "max_out_degree": 1006,
    "num_nodes": 3466,
    "num_channels": 30225,
    "total_network_capacity": "72330109230",
    "avg_channel_size": 2393055.7230769233,
    "min_channel_size": "1100",
    "max_channel_size": "16777216"
}
