{
    "graph_diameter": 0,
    "avg_out_degree": 8.705106138841078,
    "max_out_degree": 1014,
    "num_nodes": 3486,
    "num_channels": 30346,
    "total_network_capacity": "72427087081",
    "avg_channel_size": 2386709.5195742436,
    "min_channel_size": "1100",
    "max_channel_size": "16777216"
}
