{
    "graph_diameter": 0,
    "avg_out_degree": 8.696249642141426,
    "max_out_degree": 1014,
    "num_nodes": 3493,
    "num_channels": 30376,
    "total_network_capacity": "72479868570",
    "avg_channel_size": 2386089.9581906768,
    "min_channel_size": "1100",
    "max_channel_size": "16777216"
}
