{
    "graph_diameter": 0,
    "avg_out_degree": 8.711047345767575,
    "max_out_degree": 1015,
    "num_nodes": 3485,
    "num_channels": 30358,
    "total_network_capacity": "72437490211",
    "avg_channel_size": 2386108.775643982,
    "min_channel_size": "1100",
    "max_channel_size": "16777216"
}
