{
    "graph_diameter": 0,
    "avg_out_degree": 8.702865329512894,
    "max_out_degree": 1014,
    "num_nodes": 3490,
    "num_channels": 30373,
    "total_network_capacity": "72290878602",
    "avg_channel_size": 2380103.335264873,
    "min_channel_size": "1100",
    "max_channel_size": "16777216"
}
