{
    "graph_diameter": 0,
    "avg_out_degree": 8.671334667047727,
    "max_out_degree": 1015,
    "num_nodes": 3499,
    "num_channels": 30341,
    "total_network_capacity": "72508435821",
    "avg_channel_size": 2389783.9827625984,
    "min_channel_size": "1100",
    "max_channel_size": "16777216"
}
