{
    "graph_diameter": 0,
    "avg_out_degree": 8.704128440366972,
    "max_out_degree": 1014,
    "num_nodes": 3488,
    "num_channels": 30360,
    "total_network_capacity": "72447567852",
    "avg_channel_size": 2386283.5260869567,
    "min_channel_size": "1100",
    "max_channel_size": "16777216"
}
