{
    "graph_diameter": 0,
    "avg_out_degree": 8.71773498131647,
    "max_out_degree": 1014,
    "num_nodes": 3479,
    "num_channels": 30329,
    "total_network_capacity": "72420635471",
    "avg_channel_size": 2387834.596293976,
    "min_channel_size": "1100",
    "max_channel_size": "16777216"
}
