{
    "graph_diameter": 0,
    "avg_out_degree": 8.71859729807416,
    "max_out_degree": 1014,
    "num_nodes": 3479,
    "num_channels": 30332,
    "total_network_capacity": "72419887781",
    "avg_channel_size": 2387573.776242912,
    "min_channel_size": "1100",
    "max_channel_size": "16777216"
}
