{
    "graph_diameter": 0,
    "avg_out_degree": 8.672763646756216,
    "max_out_degree": 1016,
    "num_nodes": 3499,
    "num_channels": 30346,
    "total_network_capacity": "72512167056",
    "avg_channel_size": 2389513.1831542873,
    "min_channel_size": "1100",
    "max_channel_size": "16777216"
}
