{
    "graph_diameter": 0,
    "avg_out_degree": 8.721982137712475,
    "max_out_degree": 1012,
    "num_nodes": 3471,
    "num_channels": 30274,
    "total_network_capacity": "72392334626",
    "avg_channel_size": 2391237.848516879,
    "min_channel_size": "1100",
    "max_channel_size": "16777216"
}
