{
    "graph_diameter": 0,
    "avg_out_degree": 8.706253585771657,
    "max_out_degree": 1015,
    "num_nodes": 3486,
    "num_channels": 30350,
    "total_network_capacity": "72429252081",
    "avg_channel_size": 2386466.295914333,
    "min_channel_size": "1100",
    "max_channel_size": "16777216"
}
