{
    "graph_diameter": 0,
    "avg_out_degree": 8.67133867276888,
    "max_out_degree": 1016,
    "num_nodes": 3496,
    "num_channels": 30315,
    "total_network_capacity": "72477475298",
    "avg_channel_size": 2390812.313969982,
    "min_channel_size": "1100",
    "max_channel_size": "16777216"
}
