{
    "graph_diameter": 0,
    "avg_out_degree": 8.670285714285715,
    "max_out_degree": 1016,
    "num_nodes": 3500,
    "num_channels": 30346,
    "total_network_capacity": "72512286038",
    "avg_channel_size": 2389517.1040005274,
    "min_channel_size": "1100",
    "max_channel_size": "16777216"
}
