{
    "graph_diameter": 0,
    "avg_out_degree": 8.68218161050828,
    "max_out_degree": 1014,
    "num_nodes": 3502,
    "num_channels": 30405,
    "total_network_capacity": "72490199866",
    "avg_channel_size": 2384153.9176451243,
    "min_channel_size": "1100",
    "max_channel_size": "16777216"
}
