{
    "graph_diameter": 0,
    "avg_out_degree": 8.704617149412103,
    "max_out_degree": 1014,
    "num_nodes": 3487,
    "num_channels": 30353,
    "total_network_capacity": "72381337852",
    "avg_channel_size": 2384651.858201825,
    "min_channel_size": "1100",
    "max_channel_size": "16777216"
}
