{
    "graph_diameter": 0,
    "avg_out_degree": 8.66780919737218,
    "max_out_degree": 1016,
    "num_nodes": 3501,
    "num_channels": 30346,
    "total_network_capacity": "72506806620",
    "avg_channel_size": 2389336.539247347,
    "min_channel_size": "1100",
    "max_channel_size": "16777216"
}
