{
    "graph_diameter": 0,
    "avg_out_degree": 8.718354430379748,
    "max_out_degree": 1012,
    "num_nodes": 3476,
    "num_channels": 30305,
    "total_network_capacity": "72414539276",
    "avg_channel_size": 2389524.477016994,
    "min_channel_size": "1100",
    "max_channel_size": "16777216"
}
