{
    "graph_diameter": 0,
    "avg_out_degree": 8.673533619456366,
    "max_out_degree": 1016,
    "num_nodes": 3495,
    "num_channels": 30314,
    "total_network_capacity": "72477225298",
    "avg_channel_size": 2390882.9352114536,
    "min_channel_size": "1100",
    "max_channel_size": "16777216"
}
