{
    "graph_diameter": 0,
    "avg_out_degree": 8.717748917748917,
    "max_out_degree": 1005,
    "num_nodes": 3465,
    "num_channels": 30207,
    "total_network_capacity": "72276505312",
    "avg_channel_size": 2392707.1642996655,
    "min_channel_size": "1100",
    "max_channel_size": "16777216"
}
