{
    "graph_diameter": 0,
    "avg_out_degree": 8.702005730659026,
    "max_out_degree": 1014,
    "num_nodes": 3490,
    "num_channels": 30370,
    "total_network_capacity": "72273821233",
    "avg_channel_size": 2379776.7939743167,
    "min_channel_size": "1100",
    "max_channel_size": "16777216"
}
