{
    "graph_diameter": 0,
    "avg_out_degree": 8.699026345933563,
    "max_out_degree": 1014,
    "num_nodes": 3492,
    "num_channels": 30377,
    "total_network_capacity": "72473265385",
    "avg_channel_size": 2385794.0344668664,
    "min_channel_size": "1100",
    "max_channel_size": "16777216"
}
