{
    "graph_diameter": 0,
    "avg_out_degree": 8.718642117376294,
    "max_out_degree": 1012,
    "num_nodes": 3476,
    "num_channels": 30306,
    "total_network_capacity": "72415539276",
    "avg_channel_size": 2389478.627202534,
    "min_channel_size": "1100",
    "max_channel_size": "16777216"
}
