{
    "graph_diameter": 0,
    "avg_out_degree": 8.69219736087206,
    "max_out_degree": 1016,
    "num_nodes": 3486,
    "num_channels": 30301,
    "total_network_capacity": "72439880673",
    "avg_channel_size": 2390676.2375169136,
    "min_channel_size": "1100",
    "max_channel_size": "16777216"
}
