{
    "graph_diameter": 0,
    "avg_out_degree": 8.723214285714286,
    "max_out_degree": 1011,
    "num_nodes": 3472,
    "num_channels": 30287,
    "total_network_capacity": "72409480739",
    "avg_channel_size": 2390777.585729851,
    "min_channel_size": "1100",
    "max_channel_size": "16777216"
}
