{
    "graph_diameter": 0,
    "avg_out_degree": 8.698940131767403,
    "max_out_degree": 1014,
    "num_nodes": 3491,
    "num_channels": 30368,
    "total_network_capacity": "72461845177",
    "avg_channel_size": 2386125.038757903,
    "min_channel_size": "1100",
    "max_channel_size": "16777216"
}
