{
    "graph_diameter": 0,
    "avg_out_degree": 8.708058503011184,
    "max_out_degree": 1014,
    "num_nodes": 3487,
    "num_channels": 30365,
    "total_network_capacity": "72290625734",
    "avg_channel_size": 2380722.0725835664,
    "min_channel_size": "1100",
    "max_channel_size": "16777216"
}
