{
    "graph_diameter": 0,
    "avg_out_degree": 8.693760732684602,
    "max_out_degree": 1016,
    "num_nodes": 3494,
    "num_channels": 30376,
    "total_network_capacity": "72460681343",
    "avg_channel_size": 2385458.3007308403,
    "min_channel_size": "1100",
    "max_channel_size": "16777216"
}
