{
    "graph_diameter": 0,
    "avg_out_degree": 8.720829732065686,
    "max_out_degree": 1011,
    "num_nodes": 3471,
    "num_channels": 30270,
    "total_network_capacity": "72388755531",
    "avg_channel_size": 2391435.597324083,
    "min_channel_size": "1100",
    "max_channel_size": "16777216"
}
