{
    "graph_diameter": 0,
    "avg_out_degree": 8.691822094691535,
    "max_out_degree": 1016,
    "num_nodes": 3485,
    "num_channels": 30291,
    "total_network_capacity": "72388576194",
    "avg_channel_size": 2389771.7537882538,
    "min_channel_size": "1100",
    "max_channel_size": "16777216"
}
