{
    "graph_diameter": 0,
    "avg_out_degree": 8.694992846924178,
    "max_out_degree": 1016,
    "num_nodes": 3495,
    "num_channels": 30389,
    "total_network_capacity": "72473891841",
    "avg_channel_size": 2384872.5473362072,
    "min_channel_size": "1100",
    "max_channel_size": "16777216"
}
