{
    "graph_diameter": 0,
    "avg_out_degree": 8.698394495412844,
    "max_out_degree": 1016,
    "num_nodes": 3488,
    "num_channels": 30340,
    "total_network_capacity": "72440688651",
    "avg_channel_size": 2387629.8171061305,
    "min_channel_size": "1100",
    "max_channel_size": "16777216"
}
