{
    "graph_diameter": 0,
    "avg_out_degree": 8.721694036300779,
    "max_out_degree": 1012,
    "num_nodes": 3471,
    "num_channels": 30273,
    "total_network_capacity": "72390834626",
    "avg_channel_size": 2391267.288540944,
    "min_channel_size": "1100",
    "max_channel_size": "16777216"
}
