{
    "graph_diameter": 0,
    "avg_out_degree": 8.696822215860292,
    "max_out_degree": 1014,
    "num_nodes": 3493,
    "num_channels": 30378,
    "total_network_capacity": "72478668570",
    "avg_channel_size": 2385893.362630851,
    "min_channel_size": "1100",
    "max_channel_size": "16777216"
}
