{
    "graph_diameter": 0,
    "avg_out_degree": 8.69118488838008,
    "max_out_degree": 1016,
    "num_nodes": 3494,
    "num_channels": 30367,
    "total_network_capacity": "72469925437",
    "avg_channel_size": 2386469.7018803307,
    "min_channel_size": "1100",
    "max_channel_size": "16777216"
}
