{
    "graph_diameter": 0,
    "avg_out_degree": 8.722558340535869,
    "max_out_degree": 1011,
    "num_nodes": 3471,
    "num_channels": 30276,
    "total_network_capacity": "72399908118",
    "avg_channel_size": 2391330.034284582,
    "min_channel_size": "1100",
    "max_channel_size": "16777216"
}
