{
    "graph_diameter": 0,
    "avg_out_degree": 8.693562231759657,
    "max_out_degree": 1016,
    "num_nodes": 3495,
    "num_channels": 30384,
    "total_network_capacity": "72469974428",
    "avg_channel_size": 2385136.072538178,
    "min_channel_size": "1100",
    "max_channel_size": "16777216"
}
