{
    "graph_diameter": 0,
    "avg_out_degree": 8.69653592900086,
    "max_out_degree": 1014,
    "num_nodes": 3493,
    "num_channels": 30377,
    "total_network_capacity": "72484648473",
    "avg_channel_size": 2386168.761661784,
    "min_channel_size": "1100",
    "max_channel_size": "16777216"
}
