{
    "graph_diameter": 0,
    "avg_out_degree": 8.705764267278463,
    "max_out_degree": 1014,
    "num_nodes": 3487,
    "num_channels": 30357,
    "total_network_capacity": "72288300734",
    "avg_channel_size": 2381272.8772276575,
    "min_channel_size": "1100",
    "max_channel_size": "16777216"
}
