{
    "graph_diameter": 0,
    "avg_out_degree": 8.673049442697915,
    "max_out_degree": 1016,
    "num_nodes": 3499,
    "num_channels": 30347,
    "total_network_capacity": "72518684239",
    "avg_channel_size": 2389649.198899397,
    "min_channel_size": "1100",
    "max_channel_size": "16777216"
}
