{
    "graph_diameter": 0,
    "avg_out_degree": 8.717285015818234,
    "max_out_degree": 1012,
    "num_nodes": 3477,
    "num_channels": 30310,
    "total_network_capacity": "72416359276",
    "avg_channel_size": 2389190.342329264,
    "min_channel_size": "1100",
    "max_channel_size": "16777216"
}
