{
    "graph_diameter": 0,
    "avg_out_degree": 8.71867816091954,
    "max_out_degree": 1014,
    "num_nodes": 3480,
    "num_channels": 30341,
    "total_network_capacity": "72424017780",
    "avg_channel_size": 2387001.6736429255,
    "min_channel_size": "1100",
    "max_channel_size": "16777216"
}
