{
    "graph_diameter": 0,
    "avg_out_degree": 8.69384835479256,
    "max_out_degree": 1016,
    "num_nodes": 3495,
    "num_channels": 30385,
    "total_network_capacity": "72471074428",
    "avg_channel_size": 2385093.7774559814,
    "min_channel_size": "1100",
    "max_channel_size": "16777216"
}
