{
    "graph_diameter": 0,
    "avg_out_degree": 8.705073086844369,
    "max_out_degree": 1014,
    "num_nodes": 3489,
    "num_channels": 30372,
    "total_network_capacity": "72289778602",
    "avg_channel_size": 2380145.482747267,
    "min_channel_size": "1100",
    "max_channel_size": "16777216"
}
