{
    "graph_diameter": 0,
    "avg_out_degree": 8.719747053751078,
    "max_out_degree": 1014,
    "num_nodes": 3479,
    "num_channels": 30336,
    "total_network_capacity": "72423235471",
    "avg_channel_size": 2387369.312730749,
    "min_channel_size": "1100",
    "max_channel_size": "16777216"
}
