{
    "graph_diameter": 0,
    "avg_out_degree": 8.702292263610316,
    "max_out_degree": 1014,
    "num_nodes": 3490,
    "num_channels": 30371,
    "total_network_capacity": "72274321233",
    "avg_channel_size": 2379714.9001679234,
    "min_channel_size": "1100",
    "max_channel_size": "16777216"
}
