{
    "graph_diameter": 0,
    "avg_out_degree": 8.720034492670308,
    "max_out_degree": 1014,
    "num_nodes": 3479,
    "num_channels": 30337,
    "total_network_capacity": "72423315471",
    "avg_channel_size": 2387293.2548043644,
    "min_channel_size": "1100",
    "max_channel_size": "16777216"
}
