{
    "graph_diameter": 0,
    "avg_out_degree": 8.708751793400287,
    "max_out_degree": 1014,
    "num_nodes": 3485,
    "num_channels": 30350,
    "total_network_capacity": "72294892491",
    "avg_channel_size": 2382039.291301483,
    "min_channel_size": "1100",
    "max_channel_size": "16777216"
}
