{
    "graph_diameter": 0,
    "avg_out_degree": 8.67344018317115,
    "max_out_degree": 1016,
    "num_nodes": 3494,
    "num_channels": 30305,
    "total_network_capacity": "72462557797",
    "avg_channel_size": 2391108.985216961,
    "min_channel_size": "1100",
    "max_channel_size": "16777216"
}
