{
    "graph_diameter": 0,
    "avg_out_degree": 8.723502304147466,
    "max_out_degree": 1012,
    "num_nodes": 3472,
    "num_channels": 30288,
    "total_network_capacity": "72409819276",
    "avg_channel_size": 2390709.828182779,
    "min_channel_size": "1100",
    "max_channel_size": "16777216"
}
