{
    "graph_diameter": 0,
    "avg_out_degree": 8.666476299257567,
    "max_out_degree": 1016,
    "num_nodes": 3502,
    "num_channels": 30350,
    "total_network_capacity": "72510106620",
    "avg_channel_size": 2389130.3663920923,
    "min_channel_size": "1100",
    "max_channel_size": "16777216"
}
