{
    "graph_diameter": 0,
    "avg_out_degree": 8.69567706842256,
    "max_out_degree": 1014,
    "num_nodes": 3493,
    "num_channels": 30374,
    "total_network_capacity": "72477868570",
    "avg_channel_size": 2386181.226377823,
    "min_channel_size": "1100",
    "max_channel_size": "16777216"
}
