{
    "graph_diameter": 0,
    "avg_out_degree": 8.695963355281993,
    "max_out_degree": 1014,
    "num_nodes": 3493,
    "num_channels": 30375,
    "total_network_capacity": "72478868570",
    "avg_channel_size": 2386135.590781893,
    "min_channel_size": "1100",
    "max_channel_size": "16777216"
}
