{
    "graph_diameter": 0,
    "avg_out_degree": 8.719561454125794,
    "max_out_degree": 1005,
    "num_nodes": 3466,
    "num_channels": 30222,
    "total_network_capacity": "72324981391",
    "avg_channel_size": 2393123.5984051353,
    "min_channel_size": "1100",
    "max_channel_size": "16777216"
}
