{
    "graph_diameter": 0,
    "avg_out_degree": 8.709205620877546,
    "max_out_degree": 1014,
    "num_nodes": 3487,
    "num_channels": 30369,
    "total_network_capacity": "72291425734",
    "avg_channel_size": 2380434.8425697256,
    "min_channel_size": "1100",
    "max_channel_size": "16777216"
}
