{
    "graph_diameter": 0,
    "avg_out_degree": 8.71667628390075,
    "max_out_degree": 1005,
    "num_nodes": 3466,
    "num_channels": 30212,
    "total_network_capacity": "72296342527",
    "avg_channel_size": 2392967.778597908,
    "min_channel_size": "1100",
    "max_channel_size": "16777216"
}
