{
    "graph_diameter": 0,
    "avg_out_degree": 8.675064414543373,
    "max_out_degree": 1016,
    "num_nodes": 3493,
    "num_channels": 30302,
    "total_network_capacity": "72451216170",
    "avg_channel_size": 2390971.426638506,
    "min_channel_size": "1100",
    "max_channel_size": "16777216"
}
