{
    "graph_diameter": 0,
    "avg_out_degree": 8.706540447504302,
    "max_out_degree": 1014,
    "num_nodes": 3486,
    "num_channels": 30351,
    "total_network_capacity": "72295892491",
    "avg_channel_size": 2381993.756087114,
    "min_channel_size": "1100",
    "max_channel_size": "16777216"
}
