{
    "graph_diameter": 0,
    "avg_out_degree": 8.717653824036804,
    "max_out_degree": 1012,
    "num_nodes": 3478,
    "num_channels": 30320,
    "total_network_capacity": "72418653122",
    "avg_channel_size": 2388478.005343008,
    "min_channel_size": "1100",
    "max_channel_size": "16777216"
}
