{
    "graph_diameter": 0,
    "avg_out_degree": 8.693276108726753,
    "max_out_degree": 1016,
    "num_nodes": 3495,
    "num_channels": 30383,
    "total_network_capacity": "72469862015",
    "avg_channel_size": 2385210.874995886,
    "min_channel_size": "1100",
    "max_channel_size": "16777216"
}
