{
    "graph_diameter": 0,
    "avg_out_degree": 8.96044895777659,
    "max_out_degree": 1102,
    "num_nodes": 3742,
    "num_channels": 33530,
    "total_network_capacity": "76633033730",
    "avg_channel_size": 2285506.52341187,
    "min_channel_size": "1100",
    "max_channel_size": "16777216"
}
