{
    "graph_diameter": 0,
    "avg_out_degree": 8.967492672528644,
    "max_out_degree": 1101,
    "num_nodes": 3753,
    "num_channels": 33655,
    "total_network_capacity": "76764845760",
    "avg_channel_size": 2280934.356262071,
    "min_channel_size": "1100",
    "max_channel_size": "16777216"
}
