{
    "graph_diameter": 0,
    "avg_out_degree": 8.969214437367304,
    "max_out_degree": 1098,
    "num_nodes": 3768,
    "num_channels": 33796,
    "total_network_capacity": "76944009062",
    "avg_channel_size": 2276719.4064978105,
    "min_channel_size": "1100",
    "max_channel_size": "16777216"
}
