{
    "graph_diameter": 0,
    "avg_out_degree": 8.964514407684097,
    "max_out_degree": 1101,
    "num_nodes": 3748,
    "num_channels": 33599,
    "total_network_capacity": "76711375625",
    "avg_channel_size": 2283144.606238281,
    "min_channel_size": "1100",
    "max_channel_size": "16777216"
}
