{
    "graph_diameter": 0,
    "avg_out_degree": 8.966435801811402,
    "max_out_degree": 1101,
    "num_nodes": 3754,
    "num_channels": 33660,
    "total_network_capacity": "76744799826",
    "avg_channel_size": 2279999.9948306596,
    "min_channel_size": "1100",
    "max_channel_size": "16777216"
}
