{
    "graph_diameter": 0,
    "avg_out_degree": 8.967217484008529,
    "max_out_degree": 1102,
    "num_nodes": 3752,
    "num_channels": 33645,
    "total_network_capacity": "76756203409",
    "avg_channel_size": 2281355.429008768,
    "min_channel_size": "1100",
    "max_channel_size": "16777216"
}
