{
    "graph_diameter": 0,
    "avg_out_degree": 8.959668803418804,
    "max_out_degree": 1102,
    "num_nodes": 3744,
    "num_channels": 33545,
    "total_network_capacity": "76633572431",
    "avg_channel_size": 2284500.5941571025,
    "min_channel_size": "1100",
    "max_channel_size": "16777216"
}
