{
    "graph_diameter": 0,
    "avg_out_degree": 8.96237993596585,
    "max_out_degree": 1101,
    "num_nodes": 3748,
    "num_channels": 33591,
    "total_network_capacity": "76693389765",
    "avg_channel_size": 2283152.920871662,
    "min_channel_size": "1100",
    "max_channel_size": "16777216"
}
