{
    "graph_diameter": 0,
    "avg_out_degree": 8.976929196499603,
    "max_out_degree": 1098,
    "num_nodes": 3771,
    "num_channels": 33852,
    "total_network_capacity": "77025274007",
    "avg_channel_size": 2275353.716383079,
    "min_channel_size": "1100",
    "max_channel_size": "16777216"
}
