{
    "graph_diameter": 0,
    "avg_out_degree": 8.963141025641026,
    "max_out_degree": 1101,
    "num_nodes": 3744,
    "num_channels": 33558,
    "total_network_capacity": "76645802848",
    "avg_channel_size": 2283980.0598367006,
    "min_channel_size": "1100",
    "max_channel_size": "16777216"
}
