{
    "graph_diameter": 0,
    "avg_out_degree": 8.958311063602352,
    "max_out_degree": 1103,
    "num_nodes": 3742,
    "num_channels": 33522,
    "total_network_capacity": "76626898763",
    "avg_channel_size": 2285868.944663206,
    "min_channel_size": "1100",
    "max_channel_size": "16777216"
}
