{
    "graph_diameter": 0,
    "avg_out_degree": 8.962052378407268,
    "max_out_degree": 1102,
    "num_nodes": 3742,
    "num_channels": 33536,
    "total_network_capacity": "76633950870",
    "avg_channel_size": 2285124.9663048666,
    "min_channel_size": "1100",
    "max_channel_size": "16777216"
}
