{
    "graph_diameter": 0,
    "avg_out_degree": 8.974005305039787,
    "max_out_degree": 1098,
    "num_nodes": 3770,
    "num_channels": 33832,
    "total_network_capacity": "77001542385",
    "avg_channel_size": 2275997.351176401,
    "min_channel_size": "1100",
    "max_channel_size": "16777216"
}
