{
    "graph_diameter": 0,
    "avg_out_degree": 8.971215351812367,
    "max_out_degree": 1102,
    "num_nodes": 3752,
    "num_channels": 33660,
    "total_network_capacity": "76768890184",
    "avg_channel_size": 2280715.691740939,
    "min_channel_size": "1100",
    "max_channel_size": "16777216"
}
