{
    "graph_diameter": 0,
    "avg_out_degree": 8.973712161444503,
    "max_out_degree": 1097,
    "num_nodes": 3766,
    "num_channels": 33795,
    "total_network_capacity": "76942850097",
    "avg_channel_size": 2276752.481047492,
    "min_channel_size": "1100",
    "max_channel_size": "16777216"
}
