{
    "graph_diameter": 0,
    "avg_out_degree": 8.964219454015373,
    "max_out_degree": 1098,
    "num_nodes": 3773,
    "num_channels": 33822,
    "total_network_capacity": "76975129876",
    "avg_channel_size": 2275889.3582875053,
    "min_channel_size": "1100",
    "max_channel_size": "16777216"
}
