{
    "graph_diameter": 0,
    "avg_out_degree": 8.96018172100481,
    "max_out_degree": 1102,
    "num_nodes": 3742,
    "num_channels": 33529,
    "total_network_capacity": "76631033730",
    "avg_channel_size": 2285515.0386232813,
    "min_channel_size": "1100",
    "max_channel_size": "16777216"
}
