{
    "graph_diameter": 0,
    "avg_out_degree": 8.971360381861576,
    "max_out_degree": 1098,
    "num_nodes": 3771,
    "num_channels": 33831,
    "total_network_capacity": "76995093385",
    "avg_channel_size": 2275874.0026898407,
    "min_channel_size": "1100",
    "max_channel_size": "16777216"
}
