{
    "graph_diameter": 0,
    "avg_out_degree": 8.971572794899043,
    "max_out_degree": 1101,
    "num_nodes": 3764,
    "num_channels": 33769,
    "total_network_capacity": "76913925827",
    "avg_channel_size": 2277648.9036394325,
    "min_channel_size": "1100",
    "max_channel_size": "16777216"
}
