{
    "graph_diameter": 0,
    "avg_out_degree": 8.96722621902478,
    "max_out_degree": 1101,
    "num_nodes": 3753,
    "num_channels": 33654,
    "total_network_capacity": "76764045760",
    "avg_channel_size": 2280978.3609674927,
    "min_channel_size": "1100",
    "max_channel_size": "16777216"
}
