{
    "graph_diameter": 0,
    "avg_out_degree": 8.967269824374668,
    "max_out_degree": 1102,
    "num_nodes": 3758,
    "num_channels": 33699,
    "total_network_capacity": "76833309612",
    "avg_channel_size": 2279987.8219531737,
    "min_channel_size": "1100",
    "max_channel_size": "16777216"
}
