{
    "graph_diameter": 0,
    "avg_out_degree": 8.967759126032508,
    "max_out_degree": 1101,
    "num_nodes": 3753,
    "num_channels": 33656,
    "total_network_capacity": "76765345760",
    "avg_channel_size": 2280881.440456382,
    "min_channel_size": "1100",
    "max_channel_size": "16777216"
}
