{
    "graph_diameter": 0,
    "avg_out_degree": 8.96735668789809,
    "max_out_degree": 1098,
    "num_nodes": 3768,
    "num_channels": 33789,
    "total_network_capacity": "76941721271",
    "avg_channel_size": 2277123.361774542,
    "min_channel_size": "1100",
    "max_channel_size": "16777216"
}
