{
    "graph_diameter": 0,
    "avg_out_degree": 8.97052575677111,
    "max_out_degree": 1099,
    "num_nodes": 3766,
    "num_channels": 33783,
    "total_network_capacity": "76943462991",
    "avg_channel_size": 2277579.3443743894,
    "min_channel_size": "1100",
    "max_channel_size": "16777216"
}
