{
    "graph_diameter": 0,
    "avg_out_degree": 8.976664014850172,
    "max_out_degree": 1098,
    "num_nodes": 3771,
    "num_channels": 33851,
    "total_network_capacity": "77022274007",
    "avg_channel_size": 2275332.3094443297,
    "min_channel_size": "1100",
    "max_channel_size": "16777216"
}
