{
    "graph_diameter": 0,
    "avg_out_degree": 8.97094882729211,
    "max_out_degree": 1102,
    "num_nodes": 3752,
    "num_channels": 33659,
    "total_network_capacity": "76768870184",
    "avg_channel_size": 2280782.857007041,
    "min_channel_size": "1100",
    "max_channel_size": "16777216"
}
