{
    "graph_diameter": 0,
    "avg_out_degree": 8.969616204690832,
    "max_out_degree": 1102,
    "num_nodes": 3752,
    "num_channels": 33654,
    "total_network_capacity": "76764386461",
    "avg_channel_size": 2280988.4846080705,
    "min_channel_size": "1100",
    "max_channel_size": "16777216"
}
