{
    "graph_diameter": 0,
    "avg_out_degree": 8.96972111553785,
    "max_out_degree": 1098,
    "num_nodes": 3765,
    "num_channels": 33771,
    "total_network_capacity": "76935887177",
    "avg_channel_size": 2278164.317817062,
    "min_channel_size": "1100",
    "max_channel_size": "16777216"
}
