{
    "graph_diameter": 0,
    "avg_out_degree": 8.971056824216676,
    "max_out_degree": 1099,
    "num_nodes": 3766,
    "num_channels": 33785,
    "total_network_capacity": "76946318923",
    "avg_channel_size": 2277529.0490750335,
    "min_channel_size": "1100",
    "max_channel_size": "16777216"
}
