{
    "graph_diameter": 0,
    "avg_out_degree": 8.966869864829048,
    "max_out_degree": 1098,
    "num_nodes": 3773,
    "num_channels": 33832,
    "total_network_capacity": "76997727683",
    "avg_channel_size": 2275884.596920076,
    "min_channel_size": "1100",
    "max_channel_size": "16777216"
}
