{
    "graph_diameter": 0,
    "avg_out_degree": 8.973418394471025,
    "max_out_degree": 1101,
    "num_nodes": 3762,
    "num_channels": 33758,
    "total_network_capacity": "76904444423",
    "avg_channel_size": 2278110.208632028,
    "min_channel_size": "1100",
    "max_channel_size": "16777216"
}
