{
    "graph_diameter": 0,
    "avg_out_degree": 8.965296316070475,
    "max_out_degree": 1101,
    "num_nodes": 3746,
    "num_channels": 33584,
    "total_network_capacity": "76702023317",
    "avg_channel_size": 2283885.8777096234,
    "min_channel_size": "1100",
    "max_channel_size": "16777216"
}
