{
    "graph_diameter": 0,
    "avg_out_degree": 8.973740053050397,
    "max_out_degree": 1098,
    "num_nodes": 3770,
    "num_channels": 33831,
    "total_network_capacity": "76995418385",
    "avg_channel_size": 2275883.609263693,
    "min_channel_size": "1100",
    "max_channel_size": "16777216"
}
