{
    "graph_diameter": 0,
    "avg_out_degree": 8.966959765520917,
    "max_out_degree": 1101,
    "num_nodes": 3753,
    "num_channels": 33653,
    "total_network_capacity": "76764775760",
    "avg_channel_size": 2281067.8322883546,
    "min_channel_size": "1100",
    "max_channel_size": "16777216"
}
