{
    "graph_diameter": 0,
    "avg_out_degree": 8.96151790486371,
    "max_out_degree": 1102,
    "num_nodes": 3742,
    "num_channels": 33534,
    "total_network_capacity": "76623155366",
    "avg_channel_size": 2284939.326236059,
    "min_channel_size": "1100",
    "max_channel_size": "16777216"
}
