{
    "graph_diameter": 0,
    "avg_out_degree": 8.963180362860193,
    "max_out_degree": 1101,
    "num_nodes": 3748,
    "num_channels": 33594,
    "total_network_capacity": "76706389765",
    "avg_channel_size": 2283336.005387867,
    "min_channel_size": "1100",
    "max_channel_size": "16777216"
}
