{
    "graph_diameter": 0,
    "avg_out_degree": 8.963752665245202,
    "max_out_degree": 1101,
    "num_nodes": 3752,
    "num_channels": 33632,
    "total_network_capacity": "76721158489",
    "avg_channel_size": 2281195.24527236,
    "min_channel_size": "1100",
    "max_channel_size": "16777216"
}
