{
    "graph_diameter": 0,
    "avg_out_degree": 8.962893753336893,
    "max_out_degree": 1101,
    "num_nodes": 3746,
    "num_channels": 33575,
    "total_network_capacity": "76687553317",
    "avg_channel_size": 2284067.1129411766,
    "min_channel_size": "1100",
    "max_channel_size": "16777216"
}
