{
    "graph_diameter": 0,
    "avg_out_degree": 8.962606837606838,
    "max_out_degree": 1102,
    "num_nodes": 3744,
    "num_channels": 33556,
    "total_network_capacity": "76638112567",
    "avg_channel_size": 2283887.0117713674,
    "min_channel_size": "1100",
    "max_channel_size": "16777216"
}
