{
    "graph_diameter": 0,
    "avg_out_degree": 8.960862619808307,
    "max_out_degree": 1101,
    "num_nodes": 3756,
    "num_channels": 33657,
    "total_network_capacity": "76749123626",
    "avg_channel_size": 2280331.688088659,
    "min_channel_size": "1100",
    "max_channel_size": "16777216"
}
