{
    "graph_diameter": 0,
    "avg_out_degree": 8.968833244539159,
    "max_out_degree": 1102,
    "num_nodes": 3754,
    "num_channels": 33669,
    "total_network_capacity": "76749107195",
    "avg_channel_size": 2279518.4649083726,
    "min_channel_size": "1100",
    "max_channel_size": "16777216"
}
