{
    "graph_diameter": 0,
    "avg_out_degree": 8.960726689821,
    "max_out_degree": 1102,
    "num_nodes": 3743,
    "num_channels": 33540,
    "total_network_capacity": "76631366949",
    "avg_channel_size": 2284775.4009839,
    "min_channel_size": "1100",
    "max_channel_size": "16777216"
}
