{
    "graph_diameter": 0,
    "avg_out_degree": 8.969091393551825,
    "max_out_degree": 1102,
    "num_nodes": 3753,
    "num_channels": 33661,
    "total_network_capacity": "76745254887",
    "avg_channel_size": 2279945.7795965658,
    "min_channel_size": "1100",
    "max_channel_size": "16777216"
}
