{
    "graph_diameter": 0,
    "avg_out_degree": 8.960224239188468,
    "max_out_degree": 1101,
    "num_nodes": 3746,
    "num_channels": 33565,
    "total_network_capacity": "76645898317",
    "avg_channel_size": 2283506.5787874274,
    "min_channel_size": "1100",
    "max_channel_size": "16777216"
}
