{
    "graph_diameter": 0,
    "avg_out_degree": 8.965277777777779,
    "max_out_degree": 1101,
    "num_nodes": 3744,
    "num_channels": 33566,
    "total_network_capacity": "76647150317",
    "avg_channel_size": 2283475.8480903297,
    "min_channel_size": "1100",
    "max_channel_size": "16777216"
}
