{
    "graph_diameter": 0,
    "avg_out_degree": 8.962339743589743,
    "max_out_degree": 1102,
    "num_nodes": 3744,
    "num_channels": 33555,
    "total_network_capacity": "76637616382",
    "avg_channel_size": 2283940.288541201,
    "min_channel_size": "1100",
    "max_channel_size": "16777216"
}
