{
    "graph_diameter": 0,
    "avg_out_degree": 8.957242116515232,
    "max_out_degree": 1103,
    "num_nodes": 3742,
    "num_channels": 33518,
    "total_network_capacity": "76625930705",
    "avg_channel_size": 2286112.855928158,
    "min_channel_size": "1100",
    "max_channel_size": "16777216"
}
