{
    "graph_diameter": 0,
    "avg_out_degree": 8.96049119060331,
    "max_out_degree": 1101,
    "num_nodes": 3746,
    "num_channels": 33566,
    "total_network_capacity": "76647898317",
    "avg_channel_size": 2283498.132544837,
    "min_channel_size": "1100",
    "max_channel_size": "16777216"
}
