{
    "graph_diameter": 0,
    "avg_out_degree": 8.967003725385844,
    "max_out_degree": 1102,
    "num_nodes": 3758,
    "num_channels": 33698,
    "total_network_capacity": "76816532397",
    "avg_channel_size": 2279557.611638673,
    "min_channel_size": "1100",
    "max_channel_size": "16777216"
}
