{
    "graph_diameter": 0,
    "avg_out_degree": 8.96370429677075,
    "max_out_degree": 1101,
    "num_nodes": 3747,
    "num_channels": 33587,
    "total_network_capacity": "76702573317",
    "avg_channel_size": 2283698.2557834876,
    "min_channel_size": "1100",
    "max_channel_size": "16777216"
}
