{
    "graph_diameter": 0,
    "avg_out_degree": 8.963743001866169,
    "max_out_degree": 1101,
    "num_nodes": 3751,
    "num_channels": 33623,
    "total_network_capacity": "76718213489",
    "avg_channel_size": 2281718.272878684,
    "min_channel_size": "1100",
    "max_channel_size": "16777216"
}
