{
    "graph_diameter": 0,
    "avg_out_degree": 8.966950959488273,
    "max_out_degree": 1102,
    "num_nodes": 3752,
    "num_channels": 33644,
    "total_network_capacity": "76756183409",
    "avg_channel_size": 2281422.643235049,
    "min_channel_size": "1100",
    "max_channel_size": "16777216"
}
