{
    "graph_diameter": 0,
    "avg_out_degree": 8.965141032464077,
    "max_out_degree": 1102,
    "num_nodes": 3758,
    "num_channels": 33691,
    "total_network_capacity": "76773034588",
    "avg_channel_size": 2278740.155768603,
    "min_channel_size": "1100",
    "max_channel_size": "16777216"
}
