{
    "graph_diameter": 0,
    "avg_out_degree": 8.962873931623932,
    "max_out_degree": 1101,
    "num_nodes": 3744,
    "num_channels": 33557,
    "total_network_capacity": "76645452249",
    "avg_channel_size": 2284037.6746729445,
    "min_channel_size": "1100",
    "max_channel_size": "16777216"
}
