{
    "graph_diameter": 0,
    "avg_out_degree": 8.978779840848807,
    "max_out_degree": 1098,
    "num_nodes": 3770,
    "num_channels": 33850,
    "total_network_capacity": "77023912395",
    "avg_channel_size": 2275447.9289512555,
    "min_channel_size": "1100",
    "max_channel_size": "16777216"
}
