{
    "graph_diameter": 0,
    "avg_out_degree": 8.968816631130064,
    "max_out_degree": 1101,
    "num_nodes": 3752,
    "num_channels": 33651,
    "total_network_capacity": "76745750626",
    "avg_channel_size": 2280638.038275237,
    "min_channel_size": "1100",
    "max_channel_size": "16777216"
}
