{
    "graph_diameter": 0,
    "avg_out_degree": 8.960993855196367,
    "max_out_degree": 1101,
    "num_nodes": 3743,
    "num_channels": 33541,
    "total_network_capacity": "76631957546",
    "avg_channel_size": 2284724.890313348,
    "min_channel_size": "1100",
    "max_channel_size": "16777216"
}
