{
    "graph_diameter": 0,
    "avg_out_degree": 8.96945551128818,
    "max_out_degree": 1098,
    "num_nodes": 3765,
    "num_channels": 33770,
    "total_network_capacity": "76936778027",
    "avg_channel_size": 2278258.1589280427,
    "min_channel_size": "1100",
    "max_channel_size": "16777216"
}
