{
    "graph_diameter": 0,
    "avg_out_degree": 8.963675213675213,
    "max_out_degree": 1101,
    "num_nodes": 3744,
    "num_channels": 33560,
    "total_network_capacity": "76645882390",
    "avg_channel_size": 2283846.3167461264,
    "min_channel_size": "1100",
    "max_channel_size": "16777216"
}
