{
    "graph_diameter": 0,
    "avg_out_degree": 8.976608187134502,
    "max_out_degree": 1099,
    "num_nodes": 3762,
    "num_channels": 33770,
    "total_network_capacity": "76936497849",
    "avg_channel_size": 2278249.862274208,
    "min_channel_size": "1100",
    "max_channel_size": "16777216"
}
