{
    "graph_diameter": 0,
    "avg_out_degree": 8.96619643332446,
    "max_out_degree": 1102,
    "num_nodes": 3757,
    "num_channels": 33686,
    "total_network_capacity": "76770366612",
    "avg_channel_size": 2278999.186961943,
    "min_channel_size": "1100",
    "max_channel_size": "16777216"
}
