{
    "graph_diameter": 0,
    "avg_out_degree": 8.96155899626268,
    "max_out_degree": 1101,
    "num_nodes": 3746,
    "num_channels": 33570,
    "total_network_capacity": "76681918317",
    "avg_channel_size": 2284239.449419124,
    "min_channel_size": "1100",
    "max_channel_size": "16777216"
}
