{
    "graph_diameter": 0,
    "avg_out_degree": 8.963170536429143,
    "max_out_degree": 1101,
    "num_nodes": 3747,
    "num_channels": 33585,
    "total_network_capacity": "76702053317",
    "avg_channel_size": 2283818.7678130115,
    "min_channel_size": "1100",
    "max_channel_size": "16777216"
}
