{
    "graph_diameter": 0,
    "avg_out_degree": 8.971215351812367,
    "max_out_degree": 1101,
    "num_nodes": 3752,
    "num_channels": 33660,
    "total_network_capacity": "76772337502",
    "avg_channel_size": 2280818.1076054666,
    "min_channel_size": "1100",
    "max_channel_size": "16777216"
}
