{
    "graph_diameter": 0,
    "avg_out_degree": 8.962450066577896,
    "max_out_degree": 1101,
    "num_nodes": 3755,
    "num_channels": 33654,
    "total_network_capacity": "76748343626",
    "avg_channel_size": 2280511.7854044097,
    "min_channel_size": "1100",
    "max_channel_size": "16777216"
}
