{
    "graph_diameter": 0,
    "avg_out_degree": 8.968300479488546,
    "max_out_degree": 1102,
    "num_nodes": 3754,
    "num_channels": 33667,
    "total_network_capacity": "76748318247",
    "avg_channel_size": 2279630.446639142,
    "min_channel_size": "1100",
    "max_channel_size": "16777216"
}
