{
    "graph_diameter": 0,
    "avg_out_degree": 8.968558486544097,
    "max_out_degree": 1102,
    "num_nodes": 3753,
    "num_channels": 33659,
    "total_network_capacity": "76743254887",
    "avg_channel_size": 2280021.833298672,
    "min_channel_size": "1100",
    "max_channel_size": "16777216"
}
