{
    "graph_diameter": 0,
    "avg_out_degree": 8.968550106609808,
    "max_out_degree": 1102,
    "num_nodes": 3752,
    "num_channels": 33650,
    "total_network_capacity": "76756507293",
    "avg_channel_size": 2281025.4767607725,
    "min_channel_size": "1100",
    "max_channel_size": "16777216"
}
