{
    "graph_diameter": 0,
    "avg_out_degree": 8.962319615179048,
    "max_out_degree": 1102,
    "num_nodes": 3742,
    "num_channels": 33537,
    "total_network_capacity": "76636797281",
    "avg_channel_size": 2285141.702626949,
    "min_channel_size": "1100",
    "max_channel_size": "16777216"
}
