{
    "graph_diameter": 0,
    "avg_out_degree": 8.975311919299177,
    "max_out_degree": 1098,
    "num_nodes": 3767,
    "num_channels": 33810,
    "total_network_capacity": "76961959194",
    "avg_channel_size": 2276307.5774622895,
    "min_channel_size": "1100",
    "max_channel_size": "16777216"
}
