{
    "graph_diameter": 0,
    "avg_out_degree": 8.98143728453991,
    "max_out_degree": 1099,
    "num_nodes": 3771,
    "num_channels": 33869,
    "total_network_capacity": "77052169910",
    "avg_channel_size": 2275005.754820042,
    "min_channel_size": "1100",
    "max_channel_size": "16777216"
}
