{
    "graph_diameter": 0,
    "avg_out_degree": 8.969341508930953,
    "max_out_degree": 1101,
    "num_nodes": 3751,
    "num_channels": 33644,
    "total_network_capacity": "76747177782",
    "avg_channel_size": 2281154.969147545,
    "min_channel_size": "1100",
    "max_channel_size": "16777216"
}
