{
    "graph_diameter": 0,
    "avg_out_degree": 8.961025093432996,
    "max_out_degree": 1101,
    "num_nodes": 3746,
    "num_channels": 33568,
    "total_network_capacity": "76648318317",
    "avg_channel_size": 2283374.5923796473,
    "min_channel_size": "1100",
    "max_channel_size": "16777216"
}
