{
    "graph_diameter": 0,
    "avg_out_degree": 8.96098343132015,
    "max_out_degree": 1102,
    "num_nodes": 3742,
    "num_channels": 33532,
    "total_network_capacity": "76636069187",
    "avg_channel_size": 2285460.7296612193,
    "min_channel_size": "1100",
    "max_channel_size": "16777216"
}
