{
    "graph_diameter": 0,
    "avg_out_degree": 8.973950026581605,
    "max_out_degree": 1098,
    "num_nodes": 3762,
    "num_channels": 33760,
    "total_network_capacity": "76909257254",
    "avg_channel_size": 2278117.809656398,
    "min_channel_size": "1100",
    "max_channel_size": "16777216"
}
