{
    "graph_diameter": 0,
    "avg_out_degree": 8.965526456440406,
    "max_out_degree": 1102,
    "num_nodes": 3742,
    "num_channels": 33549,
    "total_network_capacity": "76636642127",
    "avg_channel_size": 2284319.7152523175,
    "min_channel_size": "1100",
    "max_channel_size": "16777216"
}
