{
    "graph_diameter": 0,
    "avg_out_degree": 8.964314247669774,
    "max_out_degree": 1101,
    "num_nodes": 3755,
    "num_channels": 33661,
    "total_network_capacity": "76745399826",
    "avg_channel_size": 2279950.0854401235,
    "min_channel_size": "1100",
    "max_channel_size": "16777216"
}
