{
    "graph_diameter": 0,
    "avg_out_degree": 8.973432518597237,
    "max_out_degree": 1101,
    "num_nodes": 3764,
    "num_channels": 33776,
    "total_network_capacity": "76923447174",
    "avg_channel_size": 2277458.7628493607,
    "min_channel_size": "1100",
    "max_channel_size": "16777216"
}
