{
    "graph_diameter": 0,
    "avg_out_degree": 8.978179882916445,
    "max_out_degree": 1101,
    "num_nodes": 3758,
    "num_channels": 33740,
    "total_network_capacity": "76896289524",
    "avg_channel_size": 2279083.8625963246,
    "min_channel_size": "1100",
    "max_channel_size": "16777216"
}
