{
    "graph_diameter": 0,
    "avg_out_degree": 8.966462603140803,
    "max_out_degree": 1102,
    "num_nodes": 3757,
    "num_channels": 33687,
    "total_network_capacity": "76770386612",
    "avg_channel_size": 2278932.1284768605,
    "min_channel_size": "1100",
    "max_channel_size": "16777216"
}
