{
    "graph_diameter": 0,
    "avg_out_degree": 8.965691489361703,
    "max_out_degree": 1102,
    "num_nodes": 3760,
    "num_channels": 33711,
    "total_network_capacity": "76848788246",
    "avg_channel_size": 2279635.378541129,
    "min_channel_size": "1100",
    "max_channel_size": "16777216"
}
