{
    "graph_diameter": 0,
    "avg_out_degree": 8.976874003189792,
    "max_out_degree": 1099,
    "num_nodes": 3762,
    "num_channels": 33771,
    "total_network_capacity": "76936997849",
    "avg_channel_size": 2278197.2061532084,
    "min_channel_size": "1100",
    "max_channel_size": "16777216"
}
