{
    "graph_diameter": 0,
    "avg_out_degree": 8.593733117233928,
    "max_out_degree": 1091,
    "num_nodes": 3702,
    "num_channels": 31814,
    "total_network_capacity": "74967655960",
    "avg_channel_size": 2356436.033192934,
    "min_channel_size": "1100",
    "max_channel_size": "16777216"
}
