{
    "graph_diameter": 0,
    "avg_out_degree": 8.591412368349987,
    "max_out_degree": 1092,
    "num_nodes": 3703,
    "num_channels": 31814,
    "total_network_capacity": "74911295455",
    "avg_channel_size": 2354664.470201798,
    "min_channel_size": "1100",
    "max_channel_size": "16777216"
}
