{
    "graph_diameter": 0,
    "avg_out_degree": 8.59087226573049,
    "max_out_degree": 1092,
    "num_nodes": 3703,
    "num_channels": 31812,
    "total_network_capacity": "74911601034",
    "avg_channel_size": 2354822.112221803,
    "min_channel_size": "1100",
    "max_channel_size": "16777216"
}
