{
    "graph_diameter": 0,
    "avg_out_degree": 8.596060442525634,
    "max_out_degree": 1090,
    "num_nodes": 3706,
    "num_channels": 31857,
    "total_network_capacity": "74957094458",
    "avg_channel_size": 2352923.8301786105,
    "min_channel_size": "1100",
    "max_channel_size": "16777216"
}
