{
    "graph_diameter": 0,
    "avg_out_degree": 8.59735349716446,
    "max_out_degree": 1091,
    "num_nodes": 3703,
    "num_channels": 31836,
    "total_network_capacity": "74931647737",
    "avg_channel_size": 2353676.584275663,
    "min_channel_size": "1100",
    "max_channel_size": "16777216"
}
