{
    "graph_diameter": 0,
    "avg_out_degree": 8.594871794871795,
    "max_out_degree": 1092,
    "num_nodes": 3705,
    "num_channels": 31844,
    "total_network_capacity": "74950027539",
    "avg_channel_size": 2353662.465111167,
    "min_channel_size": "1100",
    "max_channel_size": "16777216"
}
