{
    "graph_diameter": 0,
    "avg_out_degree": 8.60524182653337,
    "max_out_degree": 1091,
    "num_nodes": 3701,
    "num_channels": 31848,
    "total_network_capacity": "74991773167",
    "avg_channel_size": 2354677.630212258,
    "min_channel_size": "1100",
    "max_channel_size": "16777216"
}
