{
    "graph_diameter": 0,
    "avg_out_degree": 8.591902834008097,
    "max_out_degree": 1089,
    "num_nodes": 3705,
    "num_channels": 31833,
    "total_network_capacity": "74896669459",
    "avg_channel_size": 2352799.5934721828,
    "min_channel_size": "1100",
    "max_channel_size": "16777216"
}
