{
    "graph_diameter": 0,
    "avg_out_degree": 8.596652267818575,
    "max_out_degree": 1092,
    "num_nodes": 3704,
    "num_channels": 31842,
    "total_network_capacity": "74943596028",
    "avg_channel_size": 2353608.316939891,
    "min_channel_size": "1100",
    "max_channel_size": "16777216"
}
