{
    "graph_diameter": 0,
    "avg_out_degree": 8.593572778827978,
    "max_out_degree": 1092,
    "num_nodes": 3703,
    "num_channels": 31822,
    "total_network_capacity": "74950132901",
    "avg_channel_size": 2355292.9703035634,
    "min_channel_size": "1100",
    "max_channel_size": "16777216"
}
