{
    "graph_diameter": 0,
    "avg_out_degree": 8.59854211663067,
    "max_out_degree": 1090,
    "num_nodes": 3704,
    "num_channels": 31849,
    "total_network_capacity": "74960348457",
    "avg_channel_size": 2353617.019592452,
    "min_channel_size": "1100",
    "max_channel_size": "16777216"
}
