{
    "graph_diameter": 0,
    "avg_out_degree": 8.592712550607288,
    "max_out_degree": 1092,
    "num_nodes": 3705,
    "num_channels": 31836,
    "total_network_capacity": "74919723051",
    "avg_channel_size": 2353302.018186958,
    "min_channel_size": "1100",
    "max_channel_size": "16777216"
}
