{
    "graph_diameter": 0,
    "avg_out_degree": 8.594062078272605,
    "max_out_degree": 1089,
    "num_nodes": 3705,
    "num_channels": 31841,
    "total_network_capacity": "74915299298",
    "avg_channel_size": 2352793.5459941584,
    "min_channel_size": "1100",
    "max_channel_size": "16777216"
}
