{
    "graph_diameter": 0,
    "avg_out_degree": 8.594112881447476,
    "max_out_degree": 1092,
    "num_nodes": 3703,
    "num_channels": 31824,
    "total_network_capacity": "74922114397",
    "avg_channel_size": 2354264.5298202615,
    "min_channel_size": "1100",
    "max_channel_size": "16777216"
}
