{
    "graph_diameter": 0,
    "avg_out_degree": 8.590761750405186,
    "max_out_degree": 1091,
    "num_nodes": 3702,
    "num_channels": 31803,
    "total_network_capacity": "74943943960",
    "avg_channel_size": 2356505.485646008,
    "min_channel_size": "1100",
    "max_channel_size": "16777216"
}
