{
    "graph_diameter": 0,
    "avg_out_degree": 8.591461767089976,
    "max_out_degree": 1091,
    "num_nodes": 3701,
    "num_channels": 31797,
    "total_network_capacity": "74948671533",
    "avg_channel_size": 2357098.831116143,
    "min_channel_size": "1100",
    "max_channel_size": "16777216"
}
