{
    "graph_diameter": 0,
    "avg_out_degree": 8.601999459605512,
    "max_out_degree": 1091,
    "num_nodes": 3701,
    "num_channels": 31836,
    "total_network_capacity": "74929687908",
    "avg_channel_size": 2353615.0241236337,
    "min_channel_size": "1100",
    "max_channel_size": "16777216"
}
