{
    "graph_diameter": 0,
    "avg_out_degree": 8.595738942826321,
    "max_out_degree": 1090,
    "num_nodes": 3708,
    "num_channels": 31873,
    "total_network_capacity": "75018157823",
    "avg_channel_size": 2353658.514196969,
    "min_channel_size": "1100",
    "max_channel_size": "16777216"
}
