{
    "graph_diameter": 0,
    "avg_out_degree": 8.59546313799622,
    "max_out_degree": 1091,
    "num_nodes": 3703,
    "num_channels": 31829,
    "total_network_capacity": "74994013084",
    "avg_channel_size": 2356153.6047001164,
    "min_channel_size": "1100",
    "max_channel_size": "16777216"
}
