{
    "graph_diameter": 0,
    "avg_out_degree": 8.602377093462993,
    "max_out_degree": 1091,
    "num_nodes": 3702,
    "num_channels": 31846,
    "total_network_capacity": "74991762747",
    "avg_channel_size": 2354825.18203228,
    "min_channel_size": "1100",
    "max_channel_size": "16777216"
}
