{
    "graph_diameter": 0,
    "avg_out_degree": 8.591682419659735,
    "max_out_degree": 1092,
    "num_nodes": 3703,
    "num_channels": 31815,
    "total_network_capacity": "74912038961",
    "avg_channel_size": 2354613.8287285874,
    "min_channel_size": "1100",
    "max_channel_size": "16777216"
}
