{
    "graph_diameter": 0,
    "avg_out_degree": 8.602318684281478,
    "max_out_degree": 1090,
    "num_nodes": 3709,
    "num_channels": 31906,
    "total_network_capacity": "75110232712",
    "avg_channel_size": 2354109.97028772,
    "min_channel_size": "1100",
    "max_channel_size": "16777216"
}
