{
    "graph_diameter": 0,
    "avg_out_degree": 8.59546925566343,
    "max_out_degree": 1090,
    "num_nodes": 3708,
    "num_channels": 31872,
    "total_network_capacity": "75060266058",
    "avg_channel_size": 2355053.528426205,
    "min_channel_size": "1100",
    "max_channel_size": "16777216"
}
