{
    "graph_diameter": 0,
    "avg_out_degree": 8.60054054054054,
    "max_out_degree": 1092,
    "num_nodes": 3700,
    "num_channels": 31822,
    "total_network_capacity": "74953516315",
    "avg_channel_size": 2355399.293413362,
    "min_channel_size": "1100",
    "max_channel_size": "16777216"
}
