{
    "graph_diameter": 0,
    "avg_out_degree": 8.59697868896682,
    "max_out_degree": 1090,
    "num_nodes": 3707,
    "num_channels": 31869,
    "total_network_capacity": "75015917048",
    "avg_channel_size": 2353883.618814522,
    "min_channel_size": "1100",
    "max_channel_size": "16777216"
}
