{
    "graph_diameter": 0,
    "avg_out_degree": 8.594003241491086,
    "max_out_degree": 1092,
    "num_nodes": 3702,
    "num_channels": 31815,
    "total_network_capacity": "74919052381",
    "avg_channel_size": 2354834.2725443975,
    "min_channel_size": "1100",
    "max_channel_size": "16777216"
}
