{
    "graph_diameter": 0,
    "avg_out_degree": 8.597083445854713,
    "max_out_degree": 1091,
    "num_nodes": 3703,
    "num_channels": 31835,
    "total_network_capacity": "74931607737",
    "avg_channel_size": 2353749.2614103975,
    "min_channel_size": "1100",
    "max_channel_size": "16777216"
}
