{
    "graph_diameter": 0,
    "avg_out_degree": 8.598002159827214,
    "max_out_degree": 1090,
    "num_nodes": 3704,
    "num_channels": 31847,
    "total_network_capacity": "74955073457",
    "avg_channel_size": 2353599.191666405,
    "min_channel_size": "1100",
    "max_channel_size": "16777216"
}
