{
    "graph_diameter": 0,
    "avg_out_degree": 8.59303267620848,
    "max_out_degree": 1092,
    "num_nodes": 3703,
    "num_channels": 31820,
    "total_network_capacity": "74949188456",
    "avg_channel_size": 2355411.3279698305,
    "min_channel_size": "1100",
    "max_channel_size": "16777216"
}
