{
    "graph_diameter": 0,
    "avg_out_degree": 8.592392770434314,
    "max_out_degree": 1090,
    "num_nodes": 3707,
    "num_channels": 31852,
    "total_network_capacity": "74945137743",
    "avg_channel_size": 2352917.7992904685,
    "min_channel_size": "1100",
    "max_channel_size": "16777216"
}
