{
    "graph_diameter": 0,
    "avg_out_degree": 8.599514563106796,
    "max_out_degree": 1090,
    "num_nodes": 3708,
    "num_channels": 31887,
    "total_network_capacity": "75042679020",
    "avg_channel_size": 2353394.142440493,
    "min_channel_size": "1100",
    "max_channel_size": "16777216"
}
