{
    "graph_diameter": 0,
    "avg_out_degree": 8.607191132738578,
    "max_out_degree": 1088,
    "num_nodes": 3699,
    "num_channels": 31838,
    "total_network_capacity": "74976207401",
    "avg_channel_size": 2354928.305829512,
    "min_channel_size": "1100",
    "max_channel_size": "16777216"
}
