{
    "graph_diameter": 0,
    "avg_out_degree": 8.59762354847421,
    "max_out_degree": 1091,
    "num_nodes": 3703,
    "num_channels": 31837,
    "total_network_capacity": "74945785015",
    "avg_channel_size": 2354046.70713321,
    "min_channel_size": "1100",
    "max_channel_size": "16777216"
}
