{
    "graph_diameter": 0,
    "avg_out_degree": 8.59055330634278,
    "max_out_degree": 1092,
    "num_nodes": 3705,
    "num_channels": 31828,
    "total_network_capacity": "74938644676",
    "avg_channel_size": 2354488.0192283522,
    "min_channel_size": "1100",
    "max_channel_size": "16777216"
}
