{
    "graph_diameter": 0,
    "avg_out_degree": 8.59611231101512,
    "max_out_degree": 1090,
    "num_nodes": 3704,
    "num_channels": 31840,
    "total_network_capacity": "74915442686",
    "avg_channel_size": 2352871.943655779,
    "min_channel_size": "1100",
    "max_channel_size": "16777216"
}
