{
    "graph_diameter": 0,
    "avg_out_degree": 8.598057728621527,
    "max_out_degree": 1090,
    "num_nodes": 3707,
    "num_channels": 31873,
    "total_network_capacity": "75020206000",
    "avg_channel_size": 2353722.774762338,
    "min_channel_size": "1100",
    "max_channel_size": "16777216"
}
