{
    "graph_diameter": 0,
    "avg_out_degree": 8.595629889398435,
    "max_out_degree": 1090,
    "num_nodes": 3707,
    "num_channels": 31864,
    "total_network_capacity": "75034307827",
    "avg_channel_size": 2354830.1477215667,
    "min_channel_size": "1100",
    "max_channel_size": "16777216"
}
