{
    "graph_diameter": 0,
    "avg_out_degree": 8.595250944414463,
    "max_out_degree": 1090,
    "num_nodes": 3706,
    "num_channels": 31854,
    "total_network_capacity": "74949807743",
    "avg_channel_size": 2352916.674295222,
    "min_channel_size": "1100",
    "max_channel_size": "16777216"
}
