{
    "graph_diameter": 0,
    "avg_out_degree": 8.593042071197411,
    "max_out_degree": 1090,
    "num_nodes": 3708,
    "num_channels": 31863,
    "total_network_capacity": "74977137578",
    "avg_channel_size": 2353109.800646518,
    "min_channel_size": "1100",
    "max_channel_size": "16777216"
}
