{
    "graph_diameter": 0,
    "avg_out_degree": 8.59266253034799,
    "max_out_degree": 1090,
    "num_nodes": 3707,
    "num_channels": 31853,
    "total_network_capacity": "74945307743",
    "avg_channel_size": 2352849.2682949803,
    "min_channel_size": "1100",
    "max_channel_size": "16777216"
}
