{
    "graph_diameter": 0,
    "avg_out_degree": 8.608414239482201,
    "max_out_degree": 1090,
    "num_nodes": 3708,
    "num_channels": 31920,
    "total_network_capacity": "75116785799",
    "avg_channel_size": 2353282.7631265665,
    "min_channel_size": "1100",
    "max_channel_size": "16777216"
}
