{
    "graph_diameter": 0,
    "avg_out_degree": 8.596330275229358,
    "max_out_degree": 1090,
    "num_nodes": 3706,
    "num_channels": 31858,
    "total_network_capacity": "74959124458",
    "avg_channel_size": 2352913.6938288654,
    "min_channel_size": "1100",
    "max_channel_size": "16777216"
}
