{
    "graph_diameter": 0,
    "avg_out_degree": 8.60070099757347,
    "max_out_degree": 1090,
    "num_nodes": 3709,
    "num_channels": 31900,
    "total_network_capacity": "75100612947",
    "avg_channel_size": 2354251.1895611286,
    "min_channel_size": "1100",
    "max_channel_size": "16777216"
}
