{
    "graph_diameter": 0,
    "avg_out_degree": 8.596922246220302,
    "max_out_degree": 1092,
    "num_nodes": 3704,
    "num_channels": 31843,
    "total_network_capacity": "74948596028",
    "avg_channel_size": 2353691.4244260904,
    "min_channel_size": "1100",
    "max_channel_size": "16777216"
}
