{
    "graph_diameter": 0,
    "avg_out_degree": 8.605675675675675,
    "max_out_degree": 1090,
    "num_nodes": 3700,
    "num_channels": 31841,
    "total_network_capacity": "74983237442",
    "avg_channel_size": 2354927.2146603437,
    "min_channel_size": "1100",
    "max_channel_size": "16777216"
}
