{
    "graph_diameter": 0,
    "avg_out_degree": 8.592222522279233,
    "max_out_degree": 1092,
    "num_nodes": 3703,
    "num_channels": 31817,
    "total_network_capacity": "74913095455",
    "avg_channel_size": 2354499.024263758,
    "min_channel_size": "1100",
    "max_channel_size": "16777216"
}
