{
    "graph_diameter": 0,
    "avg_out_degree": 8.592123010520636,
    "max_out_degree": 1090,
    "num_nodes": 3707,
    "num_channels": 31851,
    "total_network_capacity": "74943138743",
    "avg_channel_size": 2352928.9109604093,
    "min_channel_size": "1100",
    "max_channel_size": "16777216"
}
