{
    "graph_diameter": 0,
    "avg_out_degree": 8.593522267206477,
    "max_out_degree": 1089,
    "num_nodes": 3705,
    "num_channels": 31839,
    "total_network_capacity": "74898173858",
    "avg_channel_size": 2352403.4629856464,
    "min_channel_size": "1100",
    "max_channel_size": "16777216"
}
