{
    "graph_diameter": 0,
    "avg_out_degree": 8.599622030237581,
    "max_out_degree": 1090,
    "num_nodes": 3704,
    "num_channels": 31853,
    "total_network_capacity": "74963498457",
    "avg_channel_size": 2353420.3515210496,
    "min_channel_size": "1100",
    "max_channel_size": "16777216"
}
