{
    "graph_diameter": 0,
    "avg_out_degree": 8.594492440604752,
    "max_out_degree": 1090,
    "num_nodes": 3704,
    "num_channels": 31834,
    "total_network_capacity": "74912102151",
    "avg_channel_size": 2353210.471539863,
    "min_channel_size": "1100",
    "max_channel_size": "16777216"
}
