{
    "graph_diameter": 0,
    "avg_out_degree": 8.6022696568495,
    "max_out_degree": 1091,
    "num_nodes": 3701,
    "num_channels": 31837,
    "total_network_capacity": "74946931509",
    "avg_channel_size": 2354082.718503628,
    "min_channel_size": "1100",
    "max_channel_size": "16777216"
}
