{
    "graph_diameter": 0,
    "avg_out_degree": 8.591522678185745,
    "max_out_degree": 1092,
    "num_nodes": 3704,
    "num_channels": 31823,
    "total_network_capacity": "74950227628",
    "avg_channel_size": 2355221.9347013165,
    "min_channel_size": "1100",
    "max_channel_size": "16777216"
}
