{
    "graph_diameter": 0,
    "avg_out_degree": 8.591191569845988,
    "max_out_degree": 1091,
    "num_nodes": 3701,
    "num_channels": 31796,
    "total_network_capacity": "74943671532",
    "avg_channel_size": 2357015.7105296263,
    "min_channel_size": "1100",
    "max_channel_size": "16777216"
}
