{
    "graph_diameter": 0,
    "avg_out_degree": 8.590283400809717,
    "max_out_degree": 1092,
    "num_nodes": 3705,
    "num_channels": 31827,
    "total_network_capacity": "74930634096",
    "avg_channel_size": 2354310.305589594,
    "min_channel_size": "1100",
    "max_channel_size": "16777216"
}
