{
    "graph_diameter": 0,
    "avg_out_degree": 8.592602591792657,
    "max_out_degree": 1090,
    "num_nodes": 3704,
    "num_channels": 31827,
    "total_network_capacity": "74893957138",
    "avg_channel_size": 2353157.920570585,
    "min_channel_size": "1100",
    "max_channel_size": "16777216"
}
