{
    "graph_diameter": 0,
    "avg_out_degree": 8.596382289416846,
    "max_out_degree": 1092,
    "num_nodes": 3704,
    "num_channels": 31841,
    "total_network_capacity": "74943556028",
    "avg_channel_size": 2353680.978235608,
    "min_channel_size": "1100",
    "max_channel_size": "16777216"
}
