{
    "graph_diameter": 0,
    "avg_out_degree": 8.594601889338731,
    "max_out_degree": 1092,
    "num_nodes": 3705,
    "num_channels": 31843,
    "total_network_capacity": "74949727539",
    "avg_channel_size": 2353726.958483811,
    "min_channel_size": "1100",
    "max_channel_size": "16777216"
}
