{
    "graph_diameter": 0,
    "avg_out_degree": 8.59827213822894,
    "max_out_degree": 1090,
    "num_nodes": 3704,
    "num_channels": 31848,
    "total_network_capacity": "74968325915",
    "avg_channel_size": 2353941.4065247425,
    "min_channel_size": "1100",
    "max_channel_size": "16777216"
}
