{
    "graph_diameter": 0,
    "avg_out_degree": 8.606420285945509,
    "max_out_degree": 1089,
    "num_nodes": 3707,
    "num_channels": 31904,
    "total_network_capacity": "75101035549",
    "avg_channel_size": 2353969.268712387,
    "min_channel_size": "1100",
    "max_channel_size": "16777216"
}
