{
    "graph_diameter": 0,
    "avg_out_degree": 8.602810051337476,
    "max_out_degree": 1091,
    "num_nodes": 3701,
    "num_channels": 31839,
    "total_network_capacity": "74947897977",
    "avg_channel_size": 2353965.199189673,
    "min_channel_size": "1100",
    "max_channel_size": "16777216"
}
