{
    "graph_diameter": 0,
    "avg_out_degree": 8.593302727518228,
    "max_out_degree": 1092,
    "num_nodes": 3703,
    "num_channels": 31821,
    "total_network_capacity": "74921614397",
    "avg_channel_size": 2354470.770780302,
    "min_channel_size": "1100",
    "max_channel_size": "16777216"
}
