{
    "graph_diameter": 0,
    "avg_out_degree": 8.595141700404858,
    "max_out_degree": 1092,
    "num_nodes": 3705,
    "num_channels": 31845,
    "total_network_capacity": "74954547539",
    "avg_channel_size": 2353730.492667609,
    "min_channel_size": "1100",
    "max_channel_size": "16777216"
}
