{
    "graph_diameter": 0,
    "avg_out_degree": 8.599352051835853,
    "max_out_degree": 1090,
    "num_nodes": 3704,
    "num_channels": 31852,
    "total_network_capacity": "74961248457",
    "avg_channel_size": 2353423.5984239606,
    "min_channel_size": "1100",
    "max_channel_size": "16777216"
}
