{
    "graph_diameter": 0,
    "avg_out_degree": 8.60497162928938,
    "max_out_degree": 1091,
    "num_nodes": 3701,
    "num_channels": 31847,
    "total_network_capacity": "74991733167",
    "avg_channel_size": 2354750.311395108,
    "min_channel_size": "1100",
    "max_channel_size": "16777216"
}
