{
    "graph_diameter": 0,
    "avg_out_degree": 8.594543490005403,
    "max_out_degree": 1091,
    "num_nodes": 3702,
    "num_channels": 31817,
    "total_network_capacity": "74968335960",
    "avg_channel_size": 2356235.2189081307,
    "min_channel_size": "1100",
    "max_channel_size": "16777216"
}
