{
    "graph_diameter": 0,
    "avg_out_degree": 8.595411605937922,
    "max_out_degree": 1092,
    "num_nodes": 3705,
    "num_channels": 31846,
    "total_network_capacity": "74954672539",
    "avg_channel_size": 2353660.508038686,
    "min_channel_size": "1100",
    "max_channel_size": "16777216"
}
