{
    "graph_diameter": 0,
    "avg_out_degree": 8.601729262361523,
    "max_out_degree": 1091,
    "num_nodes": 3701,
    "num_channels": 31835,
    "total_network_capacity": "74929667488",
    "avg_channel_size": 2353688.3143709754,
    "min_channel_size": "1100",
    "max_channel_size": "16777216"
}
