{
    "graph_diameter": 0,
    "avg_out_degree": 8.59519956850054,
    "max_out_degree": 1090,
    "num_nodes": 3708,
    "num_channels": 31871,
    "total_network_capacity": "75060077613",
    "avg_channel_size": 2355121.5089893634,
    "min_channel_size": "1100",
    "max_channel_size": "16777216"
}
