{
    "graph_diameter": 0,
    "avg_out_degree": 8.59136302294197,
    "max_out_degree": 1089,
    "num_nodes": 3705,
    "num_channels": 31831,
    "total_network_capacity": "74896201811",
    "avg_channel_size": 2352932.732587729,
    "min_channel_size": "1100",
    "max_channel_size": "16777216"
}
