{
    "graph_diameter": 0,
    "avg_out_degree": 8.600756347920044,
    "max_out_degree": 1091,
    "num_nodes": 3702,
    "num_channels": 31840,
    "total_network_capacity": "74947997977",
    "avg_channel_size": 2353894.408825377,
    "min_channel_size": "1100",
    "max_channel_size": "16777216"
}
