{
    "graph_diameter": 0,
    "avg_out_degree": 8.600755327758295,
    "max_out_degree": 1090,
    "num_nodes": 3707,
    "num_channels": 31883,
    "total_network_capacity": "75038422670",
    "avg_channel_size": 2353555.8971865885,
    "min_channel_size": "1100",
    "max_channel_size": "16777216"
}
