{
    "graph_diameter": 0,
    "avg_out_degree": 8.604054054054053,
    "max_out_degree": 1090,
    "num_nodes": 3700,
    "num_channels": 31835,
    "total_network_capacity": "74982997442",
    "avg_channel_size": 2355363.5131773204,
    "min_channel_size": "1100",
    "max_channel_size": "16777216"
}
