{
    "graph_diameter": 0,
    "avg_out_degree": 8.605945945945946,
    "max_out_degree": 1090,
    "num_nodes": 3700,
    "num_channels": 31842,
    "total_network_capacity": "74984237442",
    "avg_channel_size": 2354884.66308649,
    "min_channel_size": "1100",
    "max_channel_size": "16777216"
}
