{
    "graph_diameter": 0,
    "avg_out_degree": 8.950293960448958,
    "max_out_degree": 1103,
    "num_nodes": 3742,
    "num_channels": 33492,
    "total_network_capacity": "76545638502",
    "avg_channel_size": 2285490.2216051593,
    "min_channel_size": "1100",
    "max_channel_size": "16777216"
}
