{
    "graph_diameter": 0,
    "avg_out_degree": 8.920515574650913,
    "max_out_degree": 1097,
    "num_nodes": 3724,
    "num_channels": 33220,
    "total_network_capacity": "76180921541",
    "avg_channel_size": 2293224.6099036727,
    "min_channel_size": "1100",
    "max_channel_size": "16777216"
}
