{
    "graph_diameter": 0,
    "avg_out_degree": 8.853494623655914,
    "max_out_degree": 1094,
    "num_nodes": 3720,
    "num_channels": 32935,
    "total_network_capacity": "76001958826",
    "avg_channel_size": 2307635.0030666464,
    "min_channel_size": "1100",
    "max_channel_size": "16777216"
}
