{
    "graph_diameter": 0,
    "avg_out_degree": 8.909774436090226,
    "max_out_degree": 1097,
    "num_nodes": 3724,
    "num_channels": 33180,
    "total_network_capacity": "76171690225",
    "avg_channel_size": 2295710.9772453285,
    "min_channel_size": "1100",
    "max_channel_size": "16777216"
}
