{
    "graph_diameter": 0,
    "avg_out_degree": 8.94628540887226,
    "max_out_degree": 1102,
    "num_nodes": 3742,
    "num_channels": 33477,
    "total_network_capacity": "76531299692",
    "avg_channel_size": 2286085.960271231,
    "min_channel_size": "1100",
    "max_channel_size": "16777216"
}
