{
    "graph_diameter": 0,
    "avg_out_degree": 8.908308685130411,
    "max_out_degree": 1097,
    "num_nodes": 3719,
    "num_channels": 33130,
    "total_network_capacity": "76149413169",
    "avg_channel_size": 2298503.2649864173,
    "min_channel_size": "1100",
    "max_channel_size": "16777216"
}
