{
    "graph_diameter": 0,
    "avg_out_degree": 8.884677419354839,
    "max_out_degree": 1097,
    "num_nodes": 3720,
    "num_channels": 33051,
    "total_network_capacity": "76097300448",
    "avg_channel_size": 2302420.515203776,
    "min_channel_size": "1100",
    "max_channel_size": "16777216"
}
