{
    "graph_diameter": 0,
    "avg_out_degree": 8.940702978266703,
    "max_out_degree": 1097,
    "num_nodes": 3727,
    "num_channels": 33322,
    "total_network_capacity": "76264065902",
    "avg_channel_size": 2288700.135105936,
    "min_channel_size": "1100",
    "max_channel_size": "16777216"
}
