{
    "graph_diameter": 0,
    "avg_out_degree": 8.852648561441248,
    "max_out_degree": 1094,
    "num_nodes": 3719,
    "num_channels": 32923,
    "total_network_capacity": "75996768826",
    "avg_channel_size": 2308318.4650851986,
    "min_channel_size": "1100",
    "max_channel_size": "16777216"
}
