{
    "graph_diameter": 0,
    "avg_out_degree": 8.953681392235609,
    "max_out_degree": 1099,
    "num_nodes": 3735,
    "num_channels": 33442,
    "total_network_capacity": "76470722184",
    "avg_channel_size": 2286667.1306740027,
    "min_channel_size": "1100",
    "max_channel_size": "16777216"
}
