{
    "graph_diameter": 0,
    "avg_out_degree": 8.921900161030596,
    "max_out_degree": 1097,
    "num_nodes": 3726,
    "num_channels": 33243,
    "total_network_capacity": "76169531918",
    "avg_channel_size": 2291295.3679872453,
    "min_channel_size": "1100",
    "max_channel_size": "16777216"
}
