{
    "graph_diameter": 0,
    "avg_out_degree": 8.950990894483128,
    "max_out_degree": 1099,
    "num_nodes": 3734,
    "num_channels": 33423,
    "total_network_capacity": "76427839551",
    "avg_channel_size": 2286684.006552374,
    "min_channel_size": "1100",
    "max_channel_size": "16777216"
}
