{
    "graph_diameter": 0,
    "avg_out_degree": 8.9473402833467,
    "max_out_degree": 1102,
    "num_nodes": 3741,
    "num_channels": 33472,
    "total_network_capacity": "76520056673",
    "avg_channel_size": 2286091.559303298,
    "min_channel_size": "1100",
    "max_channel_size": "16777216"
}
