{
    "graph_diameter": 0,
    "avg_out_degree": 8.954484605087014,
    "max_out_degree": 1099,
    "num_nodes": 3735,
    "num_channels": 33445,
    "total_network_capacity": "76460258385",
    "avg_channel_size": 2286149.1518911645,
    "min_channel_size": "1100",
    "max_channel_size": "16777216"
}
