{
    "graph_diameter": 0,
    "avg_out_degree": 8.955495978552278,
    "max_out_degree": 1100,
    "num_nodes": 3730,
    "num_channels": 33404,
    "total_network_capacity": "76384222155",
    "avg_channel_size": 2286678.9053706145,
    "min_channel_size": "1100",
    "max_channel_size": "16777216"
}
