{
    "graph_diameter": 0,
    "avg_out_degree": 8.955728467936678,
    "max_out_degree": 1099,
    "num_nodes": 3727,
    "num_channels": 33378,
    "total_network_capacity": "76300015742",
    "avg_channel_size": 2285937.3162562167,
    "min_channel_size": "1100",
    "max_channel_size": "16777216"
}
