{
    "graph_diameter": 0,
    "avg_out_degree": 8.899166442592094,
    "max_out_degree": 1097,
    "num_nodes": 3719,
    "num_channels": 33096,
    "total_network_capacity": "76156347781",
    "avg_channel_size": 2301074.0808859076,
    "min_channel_size": "1100",
    "max_channel_size": "16777216"
}
