{
    "graph_diameter": 0,
    "avg_out_degree": 8.9475935828877,
    "max_out_degree": 1100,
    "num_nodes": 3740,
    "num_channels": 33464,
    "total_network_capacity": "76471391203",
    "avg_channel_size": 2285183.8155331104,
    "min_channel_size": "1100",
    "max_channel_size": "16777216"
}
