{
    "graph_diameter": 0,
    "avg_out_degree": 8.91941982272361,
    "max_out_degree": 1097,
    "num_nodes": 3723,
    "num_channels": 33207,
    "total_network_capacity": "76178273884",
    "avg_channel_size": 2294042.638118469,
    "min_channel_size": "1100",
    "max_channel_size": "16777216"
}
