{
    "graph_diameter": 0,
    "avg_out_degree": 8.927575107296137,
    "max_out_degree": 1097,
    "num_nodes": 3728,
    "num_channels": 33282,
    "total_network_capacity": "76187993278",
    "avg_channel_size": 2289165.1126134247,
    "min_channel_size": "1100",
    "max_channel_size": "16777216"
}
