{
    "graph_diameter": 0,
    "avg_out_degree": 8.957663451232584,
    "max_out_degree": 1100,
    "num_nodes": 3732,
    "num_channels": 33430,
    "total_network_capacity": "76407005314",
    "avg_channel_size": 2285581.971702064,
    "min_channel_size": "1100",
    "max_channel_size": "16777216"
}
