{
    "graph_diameter": 0,
    "avg_out_degree": 8.944399893076717,
    "max_out_degree": 1100,
    "num_nodes": 3741,
    "num_channels": 33461,
    "total_network_capacity": "76461121193",
    "avg_channel_size": 2285081.7726009386,
    "min_channel_size": "1100",
    "max_channel_size": "16777216"
}
