{
    "graph_diameter": 0,
    "avg_out_degree": 8.95427807486631,
    "max_out_degree": 1100,
    "num_nodes": 3740,
    "num_channels": 33489,
    "total_network_capacity": "76518681528",
    "avg_channel_size": 2284890.009495655,
    "min_channel_size": "1100",
    "max_channel_size": "16777216"
}
