{
    "graph_diameter": 0,
    "avg_out_degree": 8.948381920299544,
    "max_out_degree": 1099,
    "num_nodes": 3739,
    "num_channels": 33458,
    "total_network_capacity": "76491904234",
    "avg_channel_size": 2286206.7139099767,
    "min_channel_size": "1100",
    "max_channel_size": "16777216"
}
