{
    "graph_diameter": 0,
    "avg_out_degree": 8.951095670764298,
    "max_out_degree": 1103,
    "num_nodes": 3742,
    "num_channels": 33495,
    "total_network_capacity": "76559921236",
    "avg_channel_size": 2285711.9341991344,
    "min_channel_size": "1100",
    "max_channel_size": "16777216"
}
