{
    "graph_diameter": 0,
    "avg_out_degree": 8.922210300429185,
    "max_out_degree": 1097,
    "num_nodes": 3728,
    "num_channels": 33262,
    "total_network_capacity": "76175957316",
    "avg_channel_size": 2290179.7040466596,
    "min_channel_size": "1100",
    "max_channel_size": "16777216"
}
