{
    "graph_diameter": 0,
    "avg_out_degree": 8.955287817938421,
    "max_out_degree": 1099,
    "num_nodes": 3735,
    "num_channels": 33448,
    "total_network_capacity": "76470758385",
    "avg_channel_size": 2286258.0239476203,
    "min_channel_size": "1100",
    "max_channel_size": "16777216"
}
