{
    "graph_diameter": 0,
    "avg_out_degree": 8.909701693093254,
    "max_out_degree": 1097,
    "num_nodes": 3721,
    "num_channels": 33153,
    "total_network_capacity": "76162410133",
    "avg_channel_size": 2297300.7007812266,
    "min_channel_size": "1100",
    "max_channel_size": "16777216"
}
