{
    "graph_diameter": 0,
    "avg_out_degree": 8.872346143509809,
    "max_out_degree": 1095,
    "num_nodes": 3721,
    "num_channels": 33014,
    "total_network_capacity": "76086348296",
    "avg_channel_size": 2304669.179620767,
    "min_channel_size": "1100",
    "max_channel_size": "16777216"
}
