{
    "graph_diameter": 0,
    "avg_out_degree": 8.961073825503355,
    "max_out_degree": 1099,
    "num_nodes": 3725,
    "num_channels": 33380,
    "total_network_capacity": "76298504269",
    "avg_channel_size": 2285755.070970641,
    "min_channel_size": "1100",
    "max_channel_size": "16777216"
}
