{
    "graph_diameter": 0,
    "avg_out_degree": 8.948663101604279,
    "max_out_degree": 1099,
    "num_nodes": 3740,
    "num_channels": 33468,
    "total_network_capacity": "76508044234",
    "avg_channel_size": 2286005.863332138,
    "min_channel_size": "1100",
    "max_channel_size": "16777216"
}
