{
    "graph_diameter": 0,
    "avg_out_degree": 8.950977765871952,
    "max_out_degree": 1100,
    "num_nodes": 3733,
    "num_channels": 33414,
    "total_network_capacity": "76387878009",
    "avg_channel_size": 2286103.9686658285,
    "min_channel_size": "1100",
    "max_channel_size": "16777216"
}
