{
    "graph_diameter": 0,
    "avg_out_degree": 8.871739714977144,
    "max_out_degree": 1094,
    "num_nodes": 3719,
    "num_channels": 32994,
    "total_network_capacity": "76050304862",
    "avg_channel_size": 2304973.7789295022,
    "min_channel_size": "1100",
    "max_channel_size": "16777216"
}
