{
    "graph_diameter": 0,
    "avg_out_degree": 8.923778851315083,
    "max_out_degree": 1097,
    "num_nodes": 3726,
    "num_channels": 33250,
    "total_network_capacity": "76169441918",
    "avg_channel_size": 2290810.2832481205,
    "min_channel_size": "1100",
    "max_channel_size": "16777216"
}
