{
    "graph_diameter": 0,
    "avg_out_degree": 8.946538358727613,
    "max_out_degree": 1100,
    "num_nodes": 3741,
    "num_channels": 33469,
    "total_network_capacity": "76515698837",
    "avg_channel_size": 2286166.268397622,
    "min_channel_size": "1100",
    "max_channel_size": "16777216"
}
