{
    "graph_diameter": 0,
    "avg_out_degree": 8.948409516172147,
    "max_out_degree": 1100,
    "num_nodes": 3741,
    "num_channels": 33476,
    "total_network_capacity": "76512253067",
    "avg_channel_size": 2285585.286981718,
    "min_channel_size": "1100",
    "max_channel_size": "16777216"
}
