{
    "graph_diameter": 0,
    "avg_out_degree": 8.946805666933974,
    "max_out_degree": 1100,
    "num_nodes": 3741,
    "num_channels": 33470,
    "total_network_capacity": "76509064234",
    "avg_channel_size": 2285899.7380938153,
    "min_channel_size": "1100",
    "max_channel_size": "16777216"
}
