{
    "graph_diameter": 0,
    "avg_out_degree": 8.953233564938536,
    "max_out_degree": 1103,
    "num_nodes": 3742,
    "num_channels": 33503,
    "total_network_capacity": "76584466767",
    "avg_channel_size": 2285898.778228815,
    "min_channel_size": "1100",
    "max_channel_size": "16777216"
}
