{
    "graph_diameter": 0,
    "avg_out_degree": 8.848884108631353,
    "max_out_degree": 1094,
    "num_nodes": 3719,
    "num_channels": 32909,
    "total_network_capacity": "75991179792",
    "avg_channel_size": 2309130.62663709,
    "min_channel_size": "1100",
    "max_channel_size": "16777216"
}
