{
    "graph_diameter": 0,
    "avg_out_degree": 8.924356223175966,
    "max_out_degree": 1097,
    "num_nodes": 3728,
    "num_channels": 33270,
    "total_network_capacity": "76183814278",
    "avg_channel_size": 2289865.1721671177,
    "min_channel_size": "1100",
    "max_channel_size": "16777216"
}
