{
    "graph_diameter": 0,
    "avg_out_degree": 8.961342281879194,
    "max_out_degree": 1099,
    "num_nodes": 3725,
    "num_channels": 33381,
    "total_network_capacity": "76301504269",
    "avg_channel_size": 2285776.4677211586,
    "min_channel_size": "1100",
    "max_channel_size": "16777216"
}
