{
    "graph_diameter": 0,
    "avg_out_degree": 8.952164617851416,
    "max_out_degree": 1103,
    "num_nodes": 3742,
    "num_channels": 33499,
    "total_network_capacity": "76571466767",
    "avg_channel_size": 2285783.6582286037,
    "min_channel_size": "1100",
    "max_channel_size": "16777216"
}
