{
    "graph_diameter": 0,
    "avg_out_degree": 8.956335387088133,
    "max_out_degree": 1099,
    "num_nodes": 3733,
    "num_channels": 33434,
    "total_network_capacity": "76455964101",
    "avg_channel_size": 2286772.8689657236,
    "min_channel_size": "1100",
    "max_channel_size": "16777216"
}
