{
    "graph_diameter": 0,
    "avg_out_degree": 8.893576995431335,
    "max_out_degree": 1097,
    "num_nodes": 3721,
    "num_channels": 33093,
    "total_network_capacity": "76163007974",
    "avg_channel_size": 2301483.938415979,
    "min_channel_size": "1100",
    "max_channel_size": "16777216"
}
