{
    "graph_diameter": 0,
    "avg_out_degree": 8.95187165775401,
    "max_out_degree": 1100,
    "num_nodes": 3740,
    "num_channels": 33480,
    "total_network_capacity": "76504517679",
    "avg_channel_size": 2285081.173207885,
    "min_channel_size": "1100",
    "max_channel_size": "16777216"
}
