{
    "graph_diameter": 0,
    "avg_out_degree": 8.905325443786982,
    "max_out_degree": 1097,
    "num_nodes": 3718,
    "num_channels": 33110,
    "total_network_capacity": "76148265704",
    "avg_channel_size": 2299857.0131078223,
    "min_channel_size": "1100",
    "max_channel_size": "16777216"
}
