{
    "graph_diameter": 0,
    "avg_out_degree": 8.921321160042964,
    "max_out_degree": 1097,
    "num_nodes": 3724,
    "num_channels": 33223,
    "total_network_capacity": "76181341541",
    "avg_channel_size": 2293030.176112934,
    "min_channel_size": "1100",
    "max_channel_size": "16777216"
}
