{
    "graph_diameter": 0,
    "avg_out_degree": 8.952597750401713,
    "max_out_degree": 1099,
    "num_nodes": 3734,
    "num_channels": 33429,
    "total_network_capacity": "76449700850",
    "avg_channel_size": 2286927.543450298,
    "min_channel_size": "1100",
    "max_channel_size": "16777216"
}
