{
    "graph_diameter": 0,
    "avg_out_degree": 8.954618689581096,
    "max_out_degree": 1098,
    "num_nodes": 3724,
    "num_channels": 33347,
    "total_network_capacity": "76308154098",
    "avg_channel_size": 2288306.4173089033,
    "min_channel_size": "1100",
    "max_channel_size": "16777216"
}
