{
    "graph_diameter": 0,
    "avg_out_degree": 8.866630814735144,
    "max_out_degree": 1094,
    "num_nodes": 3719,
    "num_channels": 32975,
    "total_network_capacity": "76036907922",
    "avg_channel_size": 2305895.615526914,
    "min_channel_size": "1100",
    "max_channel_size": "16777216"
}
