{
    "graph_diameter": 0,
    "avg_out_degree": 8.960558089616313,
    "max_out_degree": 1099,
    "num_nodes": 3727,
    "num_channels": 33396,
    "total_network_capacity": "76365099128",
    "avg_channel_size": 2286654.064199305,
    "min_channel_size": "1100",
    "max_channel_size": "16777216"
}
