{
    "graph_diameter": 0,
    "avg_out_degree": 8.934549356223176,
    "max_out_degree": 1097,
    "num_nodes": 3728,
    "num_channels": 33308,
    "total_network_capacity": "76223234141",
    "avg_channel_size": 2288436.235769185,
    "min_channel_size": "1100",
    "max_channel_size": "16777216"
}
