{
    "graph_diameter": 0,
    "avg_out_degree": 8.941223617419183,
    "max_out_degree": 1100,
    "num_nodes": 3743,
    "num_channels": 33467,
    "total_network_capacity": "76507306577",
    "avg_channel_size": 2286052.1282756147,
    "min_channel_size": "1100",
    "max_channel_size": "16777216"
}
