{
    "graph_diameter": 0,
    "avg_out_degree": 8.953768038482096,
    "max_out_degree": 1103,
    "num_nodes": 3742,
    "num_channels": 33505,
    "total_network_capacity": "76589486767",
    "avg_channel_size": 2285912.15540964,
    "min_channel_size": "1100",
    "max_channel_size": "16777216"
}
