{
    "graph_diameter": 0,
    "avg_out_degree": 8.94894413258487,
    "max_out_degree": 1100,
    "num_nodes": 3741,
    "num_channels": 33478,
    "total_network_capacity": "76495804450",
    "avg_channel_size": 2284957.4183045584,
    "min_channel_size": "1100",
    "max_channel_size": "16777216"
}
