{
    "graph_diameter": 0,
    "avg_out_degree": 8.929452789699571,
    "max_out_degree": 1097,
    "num_nodes": 3728,
    "num_channels": 33289,
    "total_network_capacity": "76196219141",
    "avg_channel_size": 2288930.8522635107,
    "min_channel_size": "1100",
    "max_channel_size": "16777216"
}
