{
    "graph_diameter": 0,
    "avg_out_degree": 8.958690987124463,
    "max_out_degree": 1099,
    "num_nodes": 3728,
    "num_channels": 33398,
    "total_network_capacity": "76377599128",
    "avg_channel_size": 2286891.4045152403,
    "min_channel_size": "1100",
    "max_channel_size": "16777216"
}
