{
    "graph_diameter": 0,
    "avg_out_degree": 8.9470871191876,
    "max_out_degree": 1102,
    "num_nodes": 3742,
    "num_channels": 33480,
    "total_network_capacity": "76531804470",
    "avg_channel_size": 2285896.190860215,
    "min_channel_size": "1100",
    "max_channel_size": "16777216"
}
