{
    "graph_diameter": 0,
    "avg_out_degree": 8.873958613276,
    "max_out_degree": 1095,
    "num_nodes": 3721,
    "num_channels": 33020,
    "total_network_capacity": "76087987848",
    "avg_channel_size": 2304300.055966081,
    "min_channel_size": "1100",
    "max_channel_size": "16777216"
}
