{
    "graph_diameter": 0,
    "avg_out_degree": 8.936392914653783,
    "max_out_degree": 1097,
    "num_nodes": 3726,
    "num_channels": 33297,
    "total_network_capacity": "76230735310",
    "avg_channel_size": 2289417.5244015977,
    "min_channel_size": "1100",
    "max_channel_size": "16777216"
}
