{
    "graph_diameter": 0,
    "avg_out_degree": 8.94627105052125,
    "max_out_degree": 1100,
    "num_nodes": 3741,
    "num_channels": 33468,
    "total_network_capacity": "76507574189",
    "avg_channel_size": 2285991.8187223617,
    "min_channel_size": "1100",
    "max_channel_size": "16777216"
}
