{
    "graph_diameter": 0,
    "avg_out_degree": 8.906208008599839,
    "max_out_degree": 1097,
    "num_nodes": 3721,
    "num_channels": 33140,
    "total_network_capacity": "76155217640",
    "avg_channel_size": 2297984.8412794205,
    "min_channel_size": "1100",
    "max_channel_size": "16777216"
}
