{
    "graph_diameter": 0,
    "avg_out_degree": 8.853763440860215,
    "max_out_degree": 1094,
    "num_nodes": 3720,
    "num_channels": 32936,
    "total_network_capacity": "76001978826",
    "avg_channel_size": 2307565.5460893856,
    "min_channel_size": "1100",
    "max_channel_size": "16777216"
}
