{
    "graph_diameter": 0,
    "avg_out_degree": 8.939629729004562,
    "max_out_degree": 1097,
    "num_nodes": 3727,
    "num_channels": 33318,
    "total_network_capacity": "76263475902",
    "avg_channel_size": 2288957.1973707904,
    "min_channel_size": "1100",
    "max_channel_size": "16777216"
}
