{
    "graph_diameter": 0,
    "avg_out_degree": 8.961621041331187,
    "max_out_degree": 1099,
    "num_nodes": 3726,
    "num_channels": 33391,
    "total_network_capacity": "76342253718",
    "avg_channel_size": 2286312.291276092,
    "min_channel_size": "1100",
    "max_channel_size": "16777216"
}
