{
    "graph_diameter": 0,
    "avg_out_degree": 8.948903156768326,
    "max_out_degree": 1099,
    "num_nodes": 3738,
    "num_channels": 33451,
    "total_network_capacity": "76476918442",
    "avg_channel_size": 2286237.1361693223,
    "min_channel_size": "1100",
    "max_channel_size": "16777216"
}
