{
    "graph_diameter": 0,
    "avg_out_degree": 8.859639688088196,
    "max_out_degree": 1094,
    "num_nodes": 3719,
    "num_channels": 32949,
    "total_network_capacity": "76009642316",
    "avg_channel_size": 2306887.6844820785,
    "min_channel_size": "1100",
    "max_channel_size": "16777216"
}
