{
    "graph_diameter": 0,
    "avg_out_degree": 8.941286863270777,
    "max_out_degree": 1098,
    "num_nodes": 3730,
    "num_channels": 33351,
    "total_network_capacity": "76305840519",
    "avg_channel_size": 2287962.595394441,
    "min_channel_size": "1100",
    "max_channel_size": "16777216"
}
