{
    "graph_diameter": 0,
    "avg_out_degree": 8.962426194310252,
    "max_out_degree": 1099,
    "num_nodes": 3726,
    "num_channels": 33394,
    "total_network_capacity": "76351487543",
    "avg_channel_size": 2286383.4084865544,
    "min_channel_size": "1100",
    "max_channel_size": "16777216"
}
