{
    "graph_diameter": 0,
    "avg_out_degree": 8.944681988241582,
    "max_out_degree": 1102,
    "num_nodes": 3742,
    "num_channels": 33471,
    "total_network_capacity": "76519099692",
    "avg_channel_size": 2286131.2686205967,
    "min_channel_size": "1100",
    "max_channel_size": "16777216"
}
