{
    "graph_diameter": 0,
    "avg_out_degree": 8.960547504025765,
    "max_out_degree": 1099,
    "num_nodes": 3726,
    "num_channels": 33387,
    "total_network_capacity": "76322014115",
    "avg_channel_size": 2285979.9956569923,
    "min_channel_size": "1100",
    "max_channel_size": "16777216"
}
