{
    "graph_diameter": 0,
    "avg_out_degree": 8.95179432244242,
    "max_out_degree": 1099,
    "num_nodes": 3734,
    "num_channels": 33426,
    "total_network_capacity": "76433371164",
    "avg_channel_size": 2286644.263866451,
    "min_channel_size": "1100",
    "max_channel_size": "16777216"
}
