{
    "graph_diameter": 0,
    "avg_out_degree": 8.924087982832617,
    "max_out_degree": 1097,
    "num_nodes": 3728,
    "num_channels": 33269,
    "total_network_capacity": "76173814278",
    "avg_channel_size": 2289633.4208422257,
    "min_channel_size": "1100",
    "max_channel_size": "16777216"
}
