{
    "graph_diameter": 0,
    "avg_out_degree": 8.905056481979559,
    "max_out_degree": 1097,
    "num_nodes": 3718,
    "num_channels": 33109,
    "total_network_capacity": "76158465704",
    "avg_channel_size": 2300234.549639071,
    "min_channel_size": "1100",
    "max_channel_size": "16777216"
}
