{
    "graph_diameter": 0,
    "avg_out_degree": 8.945201817695803,
    "max_out_degree": 1100,
    "num_nodes": 3741,
    "num_channels": 33464,
    "total_network_capacity": "76463841203",
    "avg_channel_size": 2284958.1999462107,
    "min_channel_size": "1100",
    "max_channel_size": "16777216"
}
