{
    "graph_diameter": 0,
    "avg_out_degree": 8.94015029522276,
    "max_out_degree": 1097,
    "num_nodes": 3726,
    "num_channels": 33311,
    "total_network_capacity": "76217213177",
    "avg_channel_size": 2288049.388400228,
    "min_channel_size": "1100",
    "max_channel_size": "16777216"
}
