{
    "graph_diameter": 0,
    "avg_out_degree": 8.922478540772532,
    "max_out_degree": 1097,
    "num_nodes": 3728,
    "num_channels": 33263,
    "total_network_capacity": "76176257316",
    "avg_channel_size": 2290119.872410787,
    "min_channel_size": "1100",
    "max_channel_size": "16777216"
}
