{
    "graph_diameter": 0,
    "avg_out_degree": 8.9484233030465,
    "max_out_degree": 1103,
    "num_nodes": 3742,
    "num_channels": 33485,
    "total_network_capacity": "76533704480",
    "avg_channel_size": 2285611.6016126624,
    "min_channel_size": "1100",
    "max_channel_size": "16777216"
}
