{
    "graph_diameter": 0,
    "avg_out_degree": 8.939345142243694,
    "max_out_degree": 1097,
    "num_nodes": 3726,
    "num_channels": 33308,
    "total_network_capacity": "76216673177",
    "avg_channel_size": 2288239.2571454304,
    "min_channel_size": "1100",
    "max_channel_size": "16777216"
}
