{
    "graph_diameter": 0,
    "avg_out_degree": 8.89005376344086,
    "max_out_degree": 1097,
    "num_nodes": 3720,
    "num_channels": 33071,
    "total_network_capacity": "76122205448",
    "avg_channel_size": 2301781.1813371233,
    "min_channel_size": "1100",
    "max_channel_size": "16777216"
}
