{
    "graph_diameter": 0,
    "avg_out_degree": 8.952878179384204,
    "max_out_degree": 1099,
    "num_nodes": 3735,
    "num_channels": 33439,
    "total_network_capacity": "76441661043",
    "avg_channel_size": 2286003.2011423786,
    "min_channel_size": "1100",
    "max_channel_size": "16777216"
}
