{
    "graph_diameter": 0,
    "avg_out_degree": 8.855337456305458,
    "max_out_degree": 1094,
    "num_nodes": 3719,
    "num_channels": 32933,
    "total_network_capacity": "75998928826",
    "avg_channel_size": 2307683.1392827863,
    "min_channel_size": "1100",
    "max_channel_size": "16777216"
}
