{
    "graph_diameter": 0,
    "avg_out_degree": 8.943613041154462,
    "max_out_degree": 1100,
    "num_nodes": 3742,
    "num_channels": 33467,
    "total_network_capacity": "76505194086",
    "avg_channel_size": 2285989.00666328,
    "min_channel_size": "1100",
    "max_channel_size": "16777216"
}
