{
    "graph_diameter": 0,
    "avg_out_degree": 8.951154052603329,
    "max_out_degree": 1098,
    "num_nodes": 3726,
    "num_channels": 33352,
    "total_network_capacity": "76289953906",
    "avg_channel_size": 2287417.6632885584,
    "min_channel_size": "1100",
    "max_channel_size": "16777216"
}
