{
    "graph_diameter": 0,
    "avg_out_degree": 8.952610441767069,
    "max_out_degree": 1099,
    "num_nodes": 3735,
    "num_channels": 33438,
    "total_network_capacity": "76440561043",
    "avg_channel_size": 2286038.6698666187,
    "min_channel_size": "1100",
    "max_channel_size": "16777216"
}
