{
    "graph_diameter": 0,
    "avg_out_degree": 8.89274193548387,
    "max_out_degree": 1097,
    "num_nodes": 3720,
    "num_channels": 33081,
    "total_network_capacity": "76148772077",
    "avg_channel_size": 2301888.45793658,
    "min_channel_size": "1100",
    "max_channel_size": "16777216"
}
