{
    "graph_diameter": 0,
    "avg_out_degree": 8.909505907626208,
    "max_out_degree": 1097,
    "num_nodes": 3724,
    "num_channels": 33179,
    "total_network_capacity": "76171670225",
    "avg_channel_size": 2295779.566141234,
    "min_channel_size": "1100",
    "max_channel_size": "16777216"
}
