{
    "graph_diameter": 0,
    "avg_out_degree": 8.935890557939913,
    "max_out_degree": 1097,
    "num_nodes": 3728,
    "num_channels": 33313,
    "total_network_capacity": "76231217939",
    "avg_channel_size": 2288332.4209467773,
    "min_channel_size": "1100",
    "max_channel_size": "16777216"
}
