{
    "graph_diameter": 0,
    "avg_out_degree": 8.960536912751678,
    "max_out_degree": 1099,
    "num_nodes": 3725,
    "num_channels": 33378,
    "total_network_capacity": "76293105742",
    "avg_channel_size": 2285730.293666487,
    "min_channel_size": "1100",
    "max_channel_size": "16777216"
}
