{
    "graph_diameter": 0,
    "avg_out_degree": 8.936644295302013,
    "max_out_degree": 1097,
    "num_nodes": 3725,
    "num_channels": 33289,
    "total_network_capacity": "76234935939",
    "avg_channel_size": 2290093.9030610714,
    "min_channel_size": "1100",
    "max_channel_size": "16777216"
}
