{
    "graph_diameter": 0,
    "avg_out_degree": 8.921052631578947,
    "max_out_degree": 1097,
    "num_nodes": 3724,
    "num_channels": 33222,
    "total_network_capacity": "76181321541",
    "avg_channel_size": 2293098.5955391005,
    "min_channel_size": "1100",
    "max_channel_size": "16777216"
}
