{
    "graph_diameter": 0,
    "avg_out_degree": 8.89220430107527,
    "max_out_degree": 1097,
    "num_nodes": 3720,
    "num_channels": 33079,
    "total_network_capacity": "76145522077",
    "avg_channel_size": 2301929.383506152,
    "min_channel_size": "1100",
    "max_channel_size": "16777216"
}
