{
    "graph_diameter": 0,
    "avg_out_degree": 8.945736434108527,
    "max_out_degree": 1100,
    "num_nodes": 3741,
    "num_channels": 33466,
    "total_network_capacity": "76505068629",
    "avg_channel_size": 2286053.5656785993,
    "min_channel_size": "1100",
    "max_channel_size": "16777216"
}
