{
    "graph_diameter": 0,
    "avg_out_degree": 8.918635875402792,
    "max_out_degree": 1097,
    "num_nodes": 3724,
    "num_channels": 33213,
    "total_network_capacity": "76182163580",
    "avg_channel_size": 2293745.3280342035,
    "min_channel_size": "1100",
    "max_channel_size": "16777216"
}
