{
    "graph_diameter": 0,
    "avg_out_degree": 8.872043010752687,
    "max_out_degree": 1095,
    "num_nodes": 3720,
    "num_channels": 33004,
    "total_network_capacity": "76066053748",
    "avg_channel_size": 2304752.567809962,
    "min_channel_size": "1100",
    "max_channel_size": "16777216"
}
