{
    "graph_diameter": 0,
    "avg_out_degree": 8.917002417405318,
    "max_out_degree": 1097,
    "num_nodes": 3723,
    "num_channels": 33198,
    "total_network_capacity": "76180664665",
    "avg_channel_size": 2294736.5704259295,
    "min_channel_size": "1100",
    "max_channel_size": "16777216"
}
