{
    "graph_diameter": 0,
    "avg_out_degree": 8.532547699214366,
    "max_out_degree": 1022,
    "num_nodes": 3564,
    "num_channels": 30410,
    "total_network_capacity": "72946049223",
    "avg_channel_size": 2398752.0296941795,
    "min_channel_size": "1100",
    "max_channel_size": "16777216"
}
