{
    "graph_diameter": 0,
    "avg_out_degree": 8.534231200897867,
    "max_out_degree": 1022,
    "num_nodes": 3564,
    "num_channels": 30416,
    "total_network_capacity": "72948491312",
    "avg_channel_size": 2398359.1304576537,
    "min_channel_size": "1100",
    "max_channel_size": "16777216"
}
