{
    "graph_diameter": 0,
    "avg_out_degree": 8.546629213483145,
    "max_out_degree": 1016,
    "num_nodes": 3560,
    "num_channels": 30426,
    "total_network_capacity": "73033584395",
    "avg_channel_size": 2400367.593341221,
    "min_channel_size": "1100",
    "max_channel_size": "16777216"
}
