{
    "graph_diameter": 0,
    "avg_out_degree": 8.509402189166433,
    "max_out_degree": 1012,
    "num_nodes": 3563,
    "num_channels": 30319,
    "total_network_capacity": "72843185649",
    "avg_channel_size": 2402558.977835681,
    "min_channel_size": "1100",
    "max_channel_size": "16777216"
}
