{
    "graph_diameter": 0,
    "avg_out_degree": 8.530846887268648,
    "max_out_degree": 1022,
    "num_nodes": 3566,
    "num_channels": 30421,
    "total_network_capacity": "72907860311",
    "avg_channel_size": 2396629.312350021,
    "min_channel_size": "1100",
    "max_channel_size": "16777216"
}
