{
    "graph_diameter": 0,
    "avg_out_degree": 8.531617235590375,
    "max_out_degree": 1024,
    "num_nodes": 3574,
    "num_channels": 30492,
    "total_network_capacity": "72879372181",
    "avg_channel_size": 2390114.527777778,
    "min_channel_size": "1100",
    "max_channel_size": "16777216"
}
