{
    "graph_diameter": 0,
    "avg_out_degree": 8.509121526803256,
    "max_out_degree": 1014,
    "num_nodes": 3563,
    "num_channels": 30318,
    "total_network_capacity": "72829303076",
    "avg_channel_size": 2402180.3244277327,
    "min_channel_size": "1100",
    "max_channel_size": "16777216"
}
