{
    "graph_diameter": 0,
    "avg_out_degree": 8.534381139489195,
    "max_out_degree": 1022,
    "num_nodes": 3563,
    "num_channels": 30408,
    "total_network_capacity": "72947273380",
    "avg_channel_size": 2398950.058537227,
    "min_channel_size": "1100",
    "max_channel_size": "16777216"
}
