{
    "graph_diameter": 0,
    "avg_out_degree": 8.53253281206367,
    "max_out_degree": 1025,
    "num_nodes": 3581,
    "num_channels": 30555,
    "total_network_capacity": "72990221131",
    "avg_channel_size": 2388814.30636557,
    "min_channel_size": "1100",
    "max_channel_size": "16777216"
}
