{
    "graph_diameter": 0,
    "avg_out_degree": 8.533389214864487,
    "max_out_degree": 1024,
    "num_nodes": 3579,
    "num_channels": 30541,
    "total_network_capacity": "72952500997",
    "avg_channel_size": 2388674.273828624,
    "min_channel_size": "1100",
    "max_channel_size": "16777216"
}
