{
    "graph_diameter": 0,
    "avg_out_degree": 8.555618135736413,
    "max_out_degree": 1016,
    "num_nodes": 3551,
    "num_channels": 30381,
    "total_network_capacity": "72934985809",
    "avg_channel_size": 2400677.588262401,
    "min_channel_size": "1100",
    "max_channel_size": "16777216"
}
