{
    "graph_diameter": 0,
    "avg_out_degree": 8.553023909985935,
    "max_out_degree": 1016,
    "num_nodes": 3555,
    "num_channels": 30406,
    "total_network_capacity": "72954140270",
    "avg_channel_size": 2399333.6930211144,
    "min_channel_size": "1100",
    "max_channel_size": "16777216"
}
