{
    "graph_diameter": 0,
    "avg_out_degree": 8.547498594716133,
    "max_out_degree": 1016,
    "num_nodes": 3558,
    "num_channels": 30412,
    "total_network_capacity": "72974919033",
    "avg_channel_size": 2399543.5694133895,
    "min_channel_size": "1100",
    "max_channel_size": "16777216"
}
