{
    "graph_diameter": 0,
    "avg_out_degree": 8.529296327446033,
    "max_out_degree": 1022,
    "num_nodes": 3567,
    "num_channels": 30424,
    "total_network_capacity": "72909079152",
    "avg_channel_size": 2396433.051275309,
    "min_channel_size": "1100",
    "max_channel_size": "16777216"
}
