{
    "graph_diameter": 0,
    "avg_out_degree": 8.529001673173452,
    "max_out_degree": 1025,
    "num_nodes": 3586,
    "num_channels": 30585,
    "total_network_capacity": "73049013030",
    "avg_channel_size": 2388393.4291319274,
    "min_channel_size": "1100",
    "max_channel_size": "16777216"
}
