{
    "graph_diameter": 0,
    "avg_out_degree": 8.545505617977527,
    "max_out_degree": 1016,
    "num_nodes": 3560,
    "num_channels": 30422,
    "total_network_capacity": "72981515251",
    "avg_channel_size": 2398971.6406219183,
    "min_channel_size": "1100",
    "max_channel_size": "16777216"
}
