{
    "graph_diameter": 0,
    "avg_out_degree": 8.534097261039687,
    "max_out_degree": 1024,
    "num_nodes": 3578,
    "num_channels": 30535,
    "total_network_capacity": "72951610411",
    "avg_channel_size": 2389114.472277714,
    "min_channel_size": "1100",
    "max_channel_size": "16777216"
}
