{
    "graph_diameter": 0,
    "avg_out_degree": 8.51347557551937,
    "max_out_degree": 1011,
    "num_nodes": 3562,
    "num_channels": 30325,
    "total_network_capacity": "72853474185",
    "avg_channel_size": 2402422.891508656,
    "min_channel_size": "1100",
    "max_channel_size": "16777216"
}
