{
    "graph_diameter": 0,
    "avg_out_degree": 8.534434490481523,
    "max_out_degree": 1023,
    "num_nodes": 3572,
    "num_channels": 30485,
    "total_network_capacity": "72861959589",
    "avg_channel_size": 2390092.1629981957,
    "min_channel_size": "1100",
    "max_channel_size": "16777216"
}
