{
    "graph_diameter": 0,
    "avg_out_degree": 8.532623914869784,
    "max_out_degree": 1023,
    "num_nodes": 3571,
    "num_channels": 30470,
    "total_network_capacity": "72843053214",
    "avg_channel_size": 2390648.284017066,
    "min_channel_size": "1100",
    "max_channel_size": "16777216"
}
