{
    "graph_diameter": 0,
    "avg_out_degree": 8.53492286115007,
    "max_out_degree": 1022,
    "num_nodes": 3565,
    "num_channels": 30427,
    "total_network_capacity": "72930553738",
    "avg_channel_size": 2396902.545042232,
    "min_channel_size": "1100",
    "max_channel_size": "16777216"
}
