{
    "graph_diameter": 0,
    "avg_out_degree": 8.555274261603376,
    "max_out_degree": 1016,
    "num_nodes": 3555,
    "num_channels": 30414,
    "total_network_capacity": "72976797890",
    "avg_channel_size": 2399447.553429342,
    "min_channel_size": "1100",
    "max_channel_size": "16777216"
}
