{
    "graph_diameter": 0,
    "avg_out_degree": 8.531276297335204,
    "max_out_degree": 1022,
    "num_nodes": 3565,
    "num_channels": 30414,
    "total_network_capacity": "72916734345",
    "avg_channel_size": 2397472.688400079,
    "min_channel_size": "1100",
    "max_channel_size": "16777216"
}
