{
    "graph_diameter": 0,
    "avg_out_degree": 8.519786696603985,
    "max_out_degree": 1011,
    "num_nodes": 3563,
    "num_channels": 30356,
    "total_network_capacity": "72917191996",
    "avg_channel_size": 2402068.5200948743,
    "min_channel_size": "1100",
    "max_channel_size": "16777216"
}
