{
    "graph_diameter": 0,
    "avg_out_degree": 8.545224719101123,
    "max_out_degree": 1015,
    "num_nodes": 3560,
    "num_channels": 30421,
    "total_network_capacity": "73031170398",
    "avg_channel_size": 2400682.7651293515,
    "min_channel_size": "1100",
    "max_channel_size": "16777216"
}
