{
    "graph_diameter": 0,
    "avg_out_degree": 8.555555555555555,
    "max_out_degree": 1016,
    "num_nodes": 3555,
    "num_channels": 30415,
    "total_network_capacity": "72977297890",
    "avg_channel_size": 2399385.1024165708,
    "min_channel_size": "1100",
    "max_channel_size": "16777216"
}
