{
    "graph_diameter": 0,
    "avg_out_degree": 8.526374859708193,
    "max_out_degree": 1020,
    "num_nodes": 3564,
    "num_channels": 30388,
    "total_network_capacity": "72943977690",
    "avg_channel_size": 2400420.4847308146,
    "min_channel_size": "1100",
    "max_channel_size": "16777216"
}
