{
    "graph_diameter": 0,
    "avg_out_degree": 8.532905744562186,
    "max_out_degree": 1025,
    "num_nodes": 3586,
    "num_channels": 30599,
    "total_network_capacity": "73056666430",
    "avg_channel_size": 2387550.7836857415,
    "min_channel_size": "1100",
    "max_channel_size": "16777216"
}
