{
    "graph_diameter": 0,
    "avg_out_degree": 8.53217683268047,
    "max_out_degree": 1024,
    "num_nodes": 3574,
    "num_channels": 30494,
    "total_network_capacity": "72879756804",
    "avg_channel_size": 2389970.381189742,
    "min_channel_size": "1100",
    "max_channel_size": "16777216"
}
