{
    "graph_diameter": 0,
    "avg_out_degree": 8.558277027027026,
    "max_out_degree": 1016,
    "num_nodes": 3552,
    "num_channels": 30399,
    "total_network_capacity": "72928071473",
    "avg_channel_size": 2399028.6349222013,
    "min_channel_size": "1100",
    "max_channel_size": "16777216"
}
