{
    "graph_diameter": 0,
    "avg_out_degree": 8.52901597981497,
    "max_out_degree": 1022,
    "num_nodes": 3567,
    "num_channels": 30423,
    "total_network_capacity": "72911179152",
    "avg_channel_size": 2396580.848437038,
    "min_channel_size": "1100",
    "max_channel_size": "16777216"
}
