{
    "graph_diameter": 0,
    "avg_out_degree": 8.532678821879383,
    "max_out_degree": 1022,
    "num_nodes": 3565,
    "num_channels": 30419,
    "total_network_capacity": "72913682290",
    "avg_channel_size": 2396978.2796936124,
    "min_channel_size": "1100",
    "max_channel_size": "16777216"
}
