{
    "graph_diameter": 0,
    "avg_out_degree": 8.551307281416925,
    "max_out_degree": 1016,
    "num_nodes": 3557,
    "num_channels": 30417,
    "total_network_capacity": "72984982809",
    "avg_channel_size": 2399479.9884604006,
    "min_channel_size": "1100",
    "max_channel_size": "16777216"
}
