{
    "graph_diameter": 0,
    "avg_out_degree": 8.532398316970546,
    "max_out_degree": 1022,
    "num_nodes": 3565,
    "num_channels": 30418,
    "total_network_capacity": "72910198138",
    "avg_channel_size": 2396942.538562693,
    "min_channel_size": "1100",
    "max_channel_size": "16777216"
}
