{
    "graph_diameter": 0,
    "avg_out_degree": 8.530663679641558,
    "max_out_degree": 1023,
    "num_nodes": 3571,
    "num_channels": 30463,
    "total_network_capacity": "72868553208",
    "avg_channel_size": 2392034.7046581097,
    "min_channel_size": "1100",
    "max_channel_size": "16777216"
}
