{
    "graph_diameter": 0,
    "avg_out_degree": 8.533258490036486,
    "max_out_degree": 1022,
    "num_nodes": 3563,
    "num_channels": 30404,
    "total_network_capacity": "72945944674",
    "avg_channel_size": 2399221.9666491253,
    "min_channel_size": "1100",
    "max_channel_size": "16777216"
}
