{
    "graph_diameter": 0,
    "avg_out_degree": 8.525533108866442,
    "max_out_degree": 1020,
    "num_nodes": 3564,
    "num_channels": 30385,
    "total_network_capacity": "72933877690",
    "avg_channel_size": 2400325.084416653,
    "min_channel_size": "1100",
    "max_channel_size": "16777216"
}
