{
    "graph_diameter": 0,
    "avg_out_degree": 8.529725182277062,
    "max_out_degree": 1022,
    "num_nodes": 3566,
    "num_channels": 30417,
    "total_network_capacity": "72929556155",
    "avg_channel_size": 2397657.7622710983,
    "min_channel_size": "1100",
    "max_channel_size": "16777216"
}
