{
    "graph_diameter": 0,
    "avg_out_degree": 8.532922387223312,
    "max_out_degree": 1022,
    "num_nodes": 3569,
    "num_channels": 30454,
    "total_network_capacity": "72914722177",
    "avg_channel_size": 2394257.6402771394,
    "min_channel_size": "1100",
    "max_channel_size": "16777216"
}
