{
    "graph_diameter": 0,
    "avg_out_degree": 8.52982357882946,
    "max_out_degree": 1023,
    "num_nodes": 3571,
    "num_channels": 30460,
    "total_network_capacity": "72865163208",
    "avg_channel_size": 2392159.002232436,
    "min_channel_size": "1100",
    "max_channel_size": "16777216"
}
