{
    "graph_diameter": 0,
    "avg_out_degree": 8.536044880785413,
    "max_out_degree": 1022,
    "num_nodes": 3565,
    "num_channels": 30431,
    "total_network_capacity": "72883250701",
    "avg_channel_size": 2395033.0485688937,
    "min_channel_size": "1100",
    "max_channel_size": "16777216"
}
