{
    "graph_diameter": 0,
    "avg_out_degree": 8.530383646037524,
    "max_out_degree": 1022,
    "num_nodes": 3571,
    "num_channels": 30462,
    "total_network_capacity": "72890153179",
    "avg_channel_size": 2392822.3090736,
    "min_channel_size": "1100",
    "max_channel_size": "16777216"
}
