{
    "graph_diameter": 0,
    "avg_out_degree": 8.532069157836029,
    "max_out_degree": 1025,
    "num_nodes": 3586,
    "num_channels": 30596,
    "total_network_capacity": "73051266430",
    "avg_channel_size": 2387608.3942345404,
    "min_channel_size": "1100",
    "max_channel_size": "16777216"
}
