{
    "graph_diameter": 0,
    "avg_out_degree": 8.53206384766172,
    "max_out_degree": 1023,
    "num_nodes": 3571,
    "num_channels": 30468,
    "total_network_capacity": "72868999761",
    "avg_channel_size": 2391656.812426152,
    "min_channel_size": "1100",
    "max_channel_size": "16777216"
}
