{
    "graph_diameter": 0,
    "avg_out_degree": 8.5477796514896,
    "max_out_degree": 1016,
    "num_nodes": 3558,
    "num_channels": 30413,
    "total_network_capacity": "72977336101",
    "avg_channel_size": 2399544.1456285142,
    "min_channel_size": "1100",
    "max_channel_size": "16777216"
}
