{
    "graph_diameter": 0,
    "avg_out_degree": 8.520078629598427,
    "max_out_degree": 1011,
    "num_nodes": 3561,
    "num_channels": 30340,
    "total_network_capacity": "72902425913",
    "avg_channel_size": 2402848.5798615688,
    "min_channel_size": "1100",
    "max_channel_size": "16777216"
}
