{
    "graph_diameter": 0,
    "avg_out_degree": 8.534811903425043,
    "max_out_degree": 1022,
    "num_nodes": 3562,
    "num_channels": 30401,
    "total_network_capacity": "72951491644",
    "avg_channel_size": 2399641.1843031477,
    "min_channel_size": "1100",
    "max_channel_size": "16777216"
}
