{
    "graph_diameter": 0,
    "avg_out_degree": 8.531837307152875,
    "max_out_degree": 1022,
    "num_nodes": 3565,
    "num_channels": 30416,
    "total_network_capacity": "72919085603",
    "avg_channel_size": 2397392.346232246,
    "min_channel_size": "1100",
    "max_channel_size": "16777216"
}
