{
    "graph_diameter": 0,
    "avg_out_degree": 8.534642356241234,
    "max_out_degree": 1022,
    "num_nodes": 3565,
    "num_channels": 30426,
    "total_network_capacity": "72930453738",
    "avg_channel_size": 2396978.036481956,
    "min_channel_size": "1100",
    "max_channel_size": "16777216"
}
