{
    "graph_diameter": 0,
    "avg_out_degree": 8.532846715328468,
    "max_out_degree": 1022,
    "num_nodes": 3562,
    "num_channels": 30394,
    "total_network_capacity": "72948192670",
    "avg_channel_size": 2400085.302033296,
    "min_channel_size": "1100",
    "max_channel_size": "16777216"
}
