{
    "graph_diameter": 0,
    "avg_out_degree": 8.52511928150435,
    "max_out_degree": 1019,
    "num_nodes": 3563,
    "num_channels": 30375,
    "total_network_capacity": "72929529131",
    "avg_channel_size": 2400972.1524609053,
    "min_channel_size": "1100",
    "max_channel_size": "16777216"
}
