{
    "graph_diameter": 0,
    "avg_out_degree": 8.558434243874965,
    "max_out_degree": 1016,
    "num_nodes": 3551,
    "num_channels": 30391,
    "total_network_capacity": "72923775270",
    "avg_channel_size": 2399518.780889079,
    "min_channel_size": "1100",
    "max_channel_size": "16777216"
}
