{
    "graph_diameter": 0,
    "avg_out_degree": 8.53322166387493,
    "max_out_degree": 1025,
    "num_nodes": 3582,
    "num_channels": 30566,
    "total_network_capacity": "73010186686",
    "avg_channel_size": 2388607.8219590397,
    "min_channel_size": "1100",
    "max_channel_size": "16777216"
}
