{
    "graph_diameter": 0,
    "avg_out_degree": 8.539451594851707,
    "max_out_degree": 1024,
    "num_nodes": 3574,
    "num_channels": 30520,
    "total_network_capacity": "72889305573",
    "avg_channel_size": 2388247.233715596,
    "min_channel_size": "1100",
    "max_channel_size": "16777216"
}
