{
    "graph_diameter": 0,
    "avg_out_degree": 8.517270429654591,
    "max_out_degree": 1011,
    "num_nodes": 3561,
    "num_channels": 30330,
    "total_network_capacity": "72856594268",
    "avg_channel_size": 2402129.7153972965,
    "min_channel_size": "1100",
    "max_channel_size": "16777216"
}
