{
    "graph_diameter": 0,
    "avg_out_degree": 8.530103612433493,
    "max_out_degree": 1023,
    "num_nodes": 3571,
    "num_channels": 30461,
    "total_network_capacity": "72866453208",
    "avg_channel_size": 2392122.819605397,
    "min_channel_size": "1100",
    "max_channel_size": "16777216"
}
