{
    "graph_diameter": 0,
    "avg_out_degree": 8.552712960359854,
    "max_out_degree": 1016,
    "num_nodes": 3557,
    "num_channels": 30422,
    "total_network_capacity": "72983573181",
    "avg_channel_size": 2399039.286733285,
    "min_channel_size": "1100",
    "max_channel_size": "16777216"
}
