{
    "graph_diameter": 0,
    "avg_out_degree": 8.554430379746835,
    "max_out_degree": 1016,
    "num_nodes": 3555,
    "num_channels": 30411,
    "total_network_capacity": "72970690270",
    "avg_channel_size": 2399483.41948637,
    "min_channel_size": "1100",
    "max_channel_size": "16777216"
}
