{
    "graph_diameter": 0,
    "avg_out_degree": 8.527049637479085,
    "max_out_degree": 1025,
    "num_nodes": 3586,
    "num_channels": 30578,
    "total_network_capacity": "73047953030",
    "avg_channel_size": 2388905.521289816,
    "min_channel_size": "1100",
    "max_channel_size": "16777216"
}
