{
    "graph_diameter": 0,
    "avg_out_degree": 8.533370566880759,
    "max_out_degree": 1025,
    "num_nodes": 3581,
    "num_channels": 30558,
    "total_network_capacity": "73009021131",
    "avg_channel_size": 2389195.010504614,
    "min_channel_size": "1100",
    "max_channel_size": "16777216"
}
