{
    "graph_diameter": 0,
    "avg_out_degree": 8.53632538569425,
    "max_out_degree": 1022,
    "num_nodes": 3565,
    "num_channels": 30432,
    "total_network_capacity": "72871350701",
    "avg_channel_size": 2394563.311678496,
    "min_channel_size": "1100",
    "max_channel_size": "16777216"
}
