{
    "graph_diameter": 0,
    "avg_out_degree": 8.533165407220823,
    "max_out_degree": 1023,
    "num_nodes": 3573,
    "num_channels": 30489,
    "total_network_capacity": "72879236804",
    "avg_channel_size": 2390345.265636787,
    "min_channel_size": "1100",
    "max_channel_size": "16777216"
}
