{
    "graph_diameter": 0,
    "avg_out_degree": 8.532194848824188,
    "max_out_degree": 1023,
    "num_nodes": 3572,
    "num_channels": 30477,
    "total_network_capacity": "72848454906",
    "avg_channel_size": 2390276.4348853235,
    "min_channel_size": "1100",
    "max_channel_size": "16777216"
}
