{
    "graph_diameter": 0,
    "avg_out_degree": 8.510387422796182,
    "max_out_degree": 1014,
    "num_nodes": 3562,
    "num_channels": 30314,
    "total_network_capacity": "72837274769",
    "avg_channel_size": 2402760.268159926,
    "min_channel_size": "1100",
    "max_channel_size": "16777216"
}
