{
    "graph_diameter": 0,
    "avg_out_degree": 8.553305203938116,
    "max_out_degree": 1016,
    "num_nodes": 3555,
    "num_channels": 30407,
    "total_network_capacity": "72961640270",
    "avg_channel_size": 2399501.4394711745,
    "min_channel_size": "1100",
    "max_channel_size": "16777216"
}
