{
    "graph_diameter": 0,
    "avg_out_degree": 8.533931575995513,
    "max_out_degree": 1022,
    "num_nodes": 3566,
    "num_channels": 30432,
    "total_network_capacity": "72891607841",
    "avg_channel_size": 2395228.9642810198,
    "min_channel_size": "1100",
    "max_channel_size": "16777216"
}
