{
    "graph_diameter": 0,
    "avg_out_degree": 8.509825940482875,
    "max_out_degree": 1014,
    "num_nodes": 3562,
    "num_channels": 30312,
    "total_network_capacity": "72837799769",
    "avg_channel_size": 2402936.123284508,
    "min_channel_size": "1100",
    "max_channel_size": "16777216"
}
