{
    "graph_diameter": 0,
    "avg_out_degree": 8.53421200224341,
    "max_out_degree": 1022,
    "num_nodes": 3566,
    "num_channels": 30433,
    "total_network_capacity": "72875181993",
    "avg_channel_size": 2394610.521243387,
    "min_channel_size": "1100",
    "max_channel_size": "16777216"
}
