{
    "graph_diameter": 0,
    "avg_out_degree": 8.532828282828282,
    "max_out_degree": 1022,
    "num_nodes": 3564,
    "num_channels": 30411,
    "total_network_capacity": "72946395410",
    "avg_channel_size": 2398684.535529907,
    "min_channel_size": "1100",
    "max_channel_size": "16777216"
}
