{
    "graph_diameter": 0,
    "avg_out_degree": 8.531556802244038,
    "max_out_degree": 1022,
    "num_nodes": 3565,
    "num_channels": 30415,
    "total_network_capacity": "72917234345",
    "avg_channel_size": 2397410.302317935,
    "min_channel_size": "1100",
    "max_channel_size": "16777216"
}
