{
    "graph_diameter": 0,
    "avg_out_degree": 8.50968285152961,
    "max_out_degree": 1012,
    "num_nodes": 3563,
    "num_channels": 30320,
    "total_network_capacity": "72846862485",
    "avg_channel_size": 2402601.0054419525,
    "min_channel_size": "1100",
    "max_channel_size": "16777216"
}
