{
    "graph_diameter": 0,
    "avg_out_degree": 8.532081815634632,
    "max_out_degree": 1022,
    "num_nodes": 3569,
    "num_channels": 30451,
    "total_network_capacity": "72913764977",
    "avg_channel_size": 2394462.085875669,
    "min_channel_size": "1100",
    "max_channel_size": "16777216"
}
