{
    "graph_diameter": 0,
    "avg_out_degree": 8.554149085794656,
    "max_out_degree": 1016,
    "num_nodes": 3555,
    "num_channels": 30410,
    "total_network_capacity": "72970140270",
    "avg_channel_size": 2399544.23775074,
    "min_channel_size": "1100",
    "max_channel_size": "16777216"
}
