{
    "graph_diameter": 0,
    "avg_out_degree": 8.54803370786517,
    "max_out_degree": 1016,
    "num_nodes": 3560,
    "num_channels": 30431,
    "total_network_capacity": "73036543588",
    "avg_channel_size": 2400070.440931944,
    "min_channel_size": "1100",
    "max_channel_size": "16777216"
}
