{
    "graph_diameter": 0,
    "avg_out_degree": 8.529609879315183,
    "max_out_degree": 1020,
    "num_nodes": 3563,
    "num_channels": 30391,
    "total_network_capacity": "72945767690",
    "avg_channel_size": 2400242.4299957226,
    "min_channel_size": "1100",
    "max_channel_size": "16777216"
}
