{
    "graph_diameter": 0,
    "avg_out_degree": 8.537342657342657,
    "max_out_degree": 1024,
    "num_nodes": 3575,
    "num_channels": 30521,
    "total_network_capacity": "72892305573",
    "avg_channel_size": 2388267.2773827855,
    "min_channel_size": "1100",
    "max_channel_size": "16777216"
}
