{
    "graph_diameter": 0,
    "avg_out_degree": 8.528735632183908,
    "max_out_degree": 1022,
    "num_nodes": 3567,
    "num_channels": 30422,
    "total_network_capacity": "72907079152",
    "avg_channel_size": 2396524.855433568,
    "min_channel_size": "1100",
    "max_channel_size": "16777216"
}
