{
    "graph_diameter": 0,
    "avg_out_degree": 8.550590219224283,
    "max_out_degree": 1016,
    "num_nodes": 3558,
    "num_channels": 30423,
    "total_network_capacity": "72984573181",
    "avg_channel_size": 2398993.300496335,
    "min_channel_size": "1100",
    "max_channel_size": "16777216"
}
