{
    "graph_diameter": 0,
    "avg_out_degree": 8.52034802133034,
    "max_out_degree": 1011,
    "num_nodes": 3563,
    "num_channels": 30358,
    "total_network_capacity": "72922491541",
    "avg_channel_size": 2402084.8389551356,
    "min_channel_size": "1100",
    "max_channel_size": "16777216"
}
