{
    "graph_diameter": 0,
    "avg_out_degree": 8.534903280067283,
    "max_out_degree": 1022,
    "num_nodes": 3567,
    "num_channels": 30444,
    "total_network_capacity": "72910645263",
    "avg_channel_size": 2394910.171560899,
    "min_channel_size": "1100",
    "max_channel_size": "16777216"
}
