{
    "graph_diameter": 0,
    "avg_out_degree": 8.534005037783375,
    "max_out_degree": 1024,
    "num_nodes": 3573,
    "num_channels": 30492,
    "total_network_capacity": "72879536804",
    "avg_channel_size": 2390119.9266692903,
    "min_channel_size": "1100",
    "max_channel_size": "16777216"
}
