{
    "graph_diameter": 0,
    "avg_out_degree": 8.559560687130386,
    "max_out_degree": 1016,
    "num_nodes": 3551,
    "num_channels": 30395,
    "total_network_capacity": "72926315270",
    "avg_channel_size": 2399286.569172561,
    "min_channel_size": "1100",
    "max_channel_size": "16777216"
}
