{
    "graph_diameter": 0,
    "avg_out_degree": 8.520359449592812,
    "max_out_degree": 1011,
    "num_nodes": 3561,
    "num_channels": 30341,
    "total_network_capacity": "72902725913",
    "avg_channel_size": 2402779.2727003065,
    "min_channel_size": "1100",
    "max_channel_size": "16777216"
}
