{
    "graph_diameter": 0,
    "avg_out_degree": 8.528443948689347,
    "max_out_degree": 1025,
    "num_nodes": 3586,
    "num_channels": 30583,
    "total_network_capacity": "73048673030",
    "avg_channel_size": 2388538.502762973,
    "min_channel_size": "1100",
    "max_channel_size": "16777216"
}
