{
    "graph_diameter": 0,
    "avg_out_degree": 8.542391914654688,
    "max_out_degree": 1015,
    "num_nodes": 3562,
    "num_channels": 30428,
    "total_network_capacity": "73044330398",
    "avg_channel_size": 2400562.981398712,
    "min_channel_size": "1100",
    "max_channel_size": "16777216"
}
