{
    "graph_diameter": 0,
    "avg_out_degree": 8.535483870967742,
    "max_out_degree": 1022,
    "num_nodes": 3565,
    "num_channels": 30429,
    "total_network_capacity": "72882250701",
    "avg_channel_size": 2395157.602977423,
    "min_channel_size": "1100",
    "max_channel_size": "16777216"
}
