{
    "graph_diameter": 0,
    "avg_out_degree": 8.531897034135422,
    "max_out_degree": 1024,
    "num_nodes": 3574,
    "num_channels": 30493,
    "total_network_capacity": "72879736804",
    "avg_channel_size": 2390048.102974453,
    "min_channel_size": "1100",
    "max_channel_size": "16777216"
}
