{
    "graph_diameter": 0,
    "avg_out_degree": 8.531634938409855,
    "max_out_degree": 1023,
    "num_nodes": 3572,
    "num_channels": 30475,
    "total_network_capacity": "72874428792",
    "avg_channel_size": 2391285.6043314193,
    "min_channel_size": "1100",
    "max_channel_size": "16777216"
}
