{
    "graph_diameter": 0,
    "avg_out_degree": 8.530434782608696,
    "max_out_degree": 1022,
    "num_nodes": 3565,
    "num_channels": 30411,
    "total_network_capacity": "72929586155",
    "avg_channel_size": 2398131.799513334,
    "min_channel_size": "1100",
    "max_channel_size": "16777216"
}
