{
    "graph_diameter": 0,
    "avg_out_degree": 8.539001122334456,
    "max_out_degree": 1022,
    "num_nodes": 3564,
    "num_channels": 30433,
    "total_network_capacity": "72963489587",
    "avg_channel_size": 2397512.226431834,
    "min_channel_size": "1100",
    "max_channel_size": "16777216"
}
