{
    "graph_diameter": 0,
    "avg_out_degree": 8.533034714445689,
    "max_out_degree": 1023,
    "num_nodes": 3572,
    "num_channels": 30480,
    "total_network_capacity": "72851884589",
    "avg_channel_size": 2390153.6938648294,
    "min_channel_size": "1100",
    "max_channel_size": "16777216"
}
