{
    "graph_diameter": 0,
    "avg_out_degree": 9.014450867052023,
    "max_out_degree": 1104,
    "num_nodes": 3806,
    "num_channels": 34309,
    "total_network_capacity": "77438291796",
    "avg_channel_size": 2257083.9078958873,
    "min_channel_size": "1100",
    "max_channel_size": "16777216"
}
