{
    "graph_diameter": 0,
    "avg_out_degree": 9.002891692954785,
    "max_out_degree": 1104,
    "num_nodes": 3804,
    "num_channels": 34247,
    "total_network_capacity": "77440769215",
    "avg_channel_size": 2261242.421671971,
    "min_channel_size": "1100",
    "max_channel_size": "16777216"
}
