{
    "graph_diameter": 0,
    "avg_out_degree": 9.234444736151222,
    "max_out_degree": 1107,
    "num_nodes": 3809,
    "num_channels": 35174,
    "total_network_capacity": "80713625611",
    "avg_channel_size": 2294695.673252971,
    "min_channel_size": "1100",
    "max_channel_size": "16777216"
}
