{
    "graph_diameter": 0,
    "avg_out_degree": 9.00632244467861,
    "max_out_degree": 1103,
    "num_nodes": 3796,
    "num_channels": 34188,
    "total_network_capacity": "77311336049",
    "avg_channel_size": 2261358.8407920906,
    "min_channel_size": "1100",
    "max_channel_size": "16777216"
}
