{
    "graph_diameter": 0,
    "avg_out_degree": 9.013406940063092,
    "max_out_degree": 1104,
    "num_nodes": 3804,
    "num_channels": 34287,
    "total_network_capacity": "77426136779",
    "avg_channel_size": 2258177.6410592934,
    "min_channel_size": "1100",
    "max_channel_size": "16777216"
}
