{
    "graph_diameter": 0,
    "avg_out_degree": 9.013137151865475,
    "max_out_degree": 1104,
    "num_nodes": 3806,
    "num_channels": 34304,
    "total_network_capacity": "77436446212",
    "avg_channel_size": 2257359.0896688434,
    "min_channel_size": "1100",
    "max_channel_size": "16777216"
}
