{
    "graph_diameter": 0,
    "avg_out_degree": 9.004478398314015,
    "max_out_degree": 1103,
    "num_nodes": 3796,
    "num_channels": 34181,
    "total_network_capacity": "77307726049",
    "avg_channel_size": 2261716.3350691907,
    "min_channel_size": "1100",
    "max_channel_size": "16777216"
}
