{
    "graph_diameter": 0,
    "avg_out_degree": 9.18468823993686,
    "max_out_degree": 1107,
    "num_nodes": 3801,
    "num_channels": 34911,
    "total_network_capacity": "79857849574",
    "avg_channel_size": 2287469.5532640144,
    "min_channel_size": "1100",
    "max_channel_size": "16777216"
}
