{
    "graph_diameter": 0,
    "avg_out_degree": 9.00157894736842,
    "max_out_degree": 1103,
    "num_nodes": 3800,
    "num_channels": 34206,
    "total_network_capacity": "77361852074",
    "avg_channel_size": 2261645.6783605213,
    "min_channel_size": "1100",
    "max_channel_size": "16777216"
}
