{
    "graph_diameter": 0,
    "avg_out_degree": 9.235093249277647,
    "max_out_degree": 1107,
    "num_nodes": 3807,
    "num_channels": 35158,
    "total_network_capacity": "80699340611",
    "avg_channel_size": 2295333.654104329,
    "min_channel_size": "1100",
    "max_channel_size": "16777216"
}
