{
    "graph_diameter": 0,
    "avg_out_degree": 9.235494880546074,
    "max_out_degree": 1107,
    "num_nodes": 3809,
    "num_channels": 35178,
    "total_network_capacity": "80718705611",
    "avg_channel_size": 2294579.1577406335,
    "min_channel_size": "1100",
    "max_channel_size": "16777216"
}
