{
    "graph_diameter": 0,
    "avg_out_degree": 9.077348066298342,
    "max_out_degree": 1106,
    "num_nodes": 3801,
    "num_channels": 34503,
    "total_network_capacity": "78416069629",
    "avg_channel_size": 2272731.9256006726,
    "min_channel_size": "1100",
    "max_channel_size": "16777216"
}
