{
    "graph_diameter": 0,
    "avg_out_degree": 9.060231457127827,
    "max_out_degree": 1106,
    "num_nodes": 3802,
    "num_channels": 34447,
    "total_network_capacity": "78200051003",
    "avg_channel_size": 2270155.6304758033,
    "min_channel_size": "1100",
    "max_channel_size": "16777216"
}
