{
    "graph_diameter": 0,
    "avg_out_degree": 9.220120830049908,
    "max_out_degree": 1107,
    "num_nodes": 3807,
    "num_channels": 35101,
    "total_network_capacity": "80489756054",
    "avg_channel_size": 2293090.1129312557,
    "min_channel_size": "1100",
    "max_channel_size": "16777216"
}
