{
    "graph_diameter": 0,
    "avg_out_degree": 9.05627136471207,
    "max_out_degree": 1106,
    "num_nodes": 3803,
    "num_channels": 34441,
    "total_network_capacity": "78182232296",
    "avg_channel_size": 2270033.7474521645,
    "min_channel_size": "1100",
    "max_channel_size": "16777216"
}
