{
    "graph_diameter": 0,
    "avg_out_degree": 9.228526398739165,
    "max_out_degree": 1107,
    "num_nodes": 3807,
    "num_channels": 35133,
    "total_network_capacity": "80591871197",
    "avg_channel_size": 2293908.040787863,
    "min_channel_size": "1100",
    "max_channel_size": "16777216"
}
