{
    "graph_diameter": 0,
    "avg_out_degree": 9.139137296159916,
    "max_out_degree": 1106,
    "num_nodes": 3802,
    "num_channels": 34747,
    "total_network_capacity": "79253509447",
    "avg_channel_size": 2280873.440786255,
    "min_channel_size": "1100",
    "max_channel_size": "16777216"
}
