{
    "graph_diameter": 0,
    "avg_out_degree": 9.005263157894737,
    "max_out_degree": 1103,
    "num_nodes": 3800,
    "num_channels": 34220,
    "total_network_capacity": "77381391762",
    "avg_channel_size": 2261291.4015780245,
    "min_channel_size": "1100",
    "max_channel_size": "16777216"
}
