{
    "graph_diameter": 0,
    "avg_out_degree": 9.010789473684211,
    "max_out_degree": 1102,
    "num_nodes": 3800,
    "num_channels": 34241,
    "total_network_capacity": "77422113574",
    "avg_channel_size": 2261093.8224350926,
    "min_channel_size": "1100",
    "max_channel_size": "16777216"
}
