{
    "graph_diameter": 0,
    "avg_out_degree": 9.014462266631607,
    "max_out_degree": 1103,
    "num_nodes": 3803,
    "num_channels": 34282,
    "total_network_capacity": "77424003446",
    "avg_channel_size": 2258444.765357914,
    "min_channel_size": "1100",
    "max_channel_size": "16777216"
}
