{
    "graph_diameter": 0,
    "avg_out_degree": 9.058653340347187,
    "max_out_degree": 1106,
    "num_nodes": 3802,
    "num_channels": 34441,
    "total_network_capacity": "78180752296",
    "avg_channel_size": 2269990.775413025,
    "min_channel_size": "1100",
    "max_channel_size": "16777216"
}
