{
    "graph_diameter": 0,
    "avg_out_degree": 9.004471330878484,
    "max_out_degree": 1104,
    "num_nodes": 3802,
    "num_channels": 34235,
    "total_network_capacity": "77451924737",
    "avg_channel_size": 2262360.8802979407,
    "min_channel_size": "1100",
    "max_channel_size": "16777216"
}
