{
    "graph_diameter": 0,
    "avg_out_degree": 9.22122963741461,
    "max_out_degree": 1107,
    "num_nodes": 3806,
    "num_channels": 35096,
    "total_network_capacity": "80467193269",
    "avg_channel_size": 2292773.9135229085,
    "min_channel_size": "1100",
    "max_channel_size": "16777216"
}
