{
    "graph_diameter": 0,
    "avg_out_degree": 9.236344537815127,
    "max_out_degree": 1107,
    "num_nodes": 3808,
    "num_channels": 35172,
    "total_network_capacity": "80728410611",
    "avg_channel_size": 2295246.520271807,
    "min_channel_size": "1100",
    "max_channel_size": "16777216"
}
