{
    "graph_diameter": 0,
    "avg_out_degree": 9.17205998421468,
    "max_out_degree": 1106,
    "num_nodes": 3801,
    "num_channels": 34863,
    "total_network_capacity": "79683802641",
    "avg_channel_size": 2285626.671284743,
    "min_channel_size": "1100",
    "max_channel_size": "16777216"
}
