{
    "graph_diameter": 0,
    "avg_out_degree": 9.002628811777077,
    "max_out_degree": 1104,
    "num_nodes": 3804,
    "num_channels": 34246,
    "total_network_capacity": "77438269215",
    "avg_channel_size": 2261235.449833557,
    "min_channel_size": "1100",
    "max_channel_size": "16777216"
}
