{
    "graph_diameter": 0,
    "avg_out_degree": 9.235618597320725,
    "max_out_degree": 1107,
    "num_nodes": 3807,
    "num_channels": 35160,
    "total_network_capacity": "80704360611",
    "avg_channel_size": 2295345.864931741,
    "min_channel_size": "1100",
    "max_channel_size": "16777216"
}
