{
    "graph_diameter": 0,
    "avg_out_degree": 9.228789072760703,
    "max_out_degree": 1107,
    "num_nodes": 3807,
    "num_channels": 35134,
    "total_network_capacity": "80598804691",
    "avg_channel_size": 2294040.0948084476,
    "min_channel_size": "1100",
    "max_channel_size": "16777216"
}
