{
    "graph_diameter": 0,
    "avg_out_degree": 9.219390436153441,
    "max_out_degree": 1107,
    "num_nodes": 3806,
    "num_channels": 35089,
    "total_network_capacity": "80449093269",
    "avg_channel_size": 2292715.474051697,
    "min_channel_size": "1100",
    "max_channel_size": "16777216"
}
