{
    "graph_diameter": 0,
    "avg_out_degree": 9.012874408828166,
    "max_out_degree": 1104,
    "num_nodes": 3806,
    "num_channels": 34303,
    "total_network_capacity": "77436346212",
    "avg_channel_size": 2257421.980934612,
    "min_channel_size": "1100",
    "max_channel_size": "16777216"
}
