{
    "graph_diameter": 0,
    "avg_out_degree": 9.180741910023677,
    "max_out_degree": 1107,
    "num_nodes": 3801,
    "num_channels": 34896,
    "total_network_capacity": "79808319574",
    "avg_channel_size": 2287033.4586772122,
    "min_channel_size": "1100",
    "max_channel_size": "16777216"
}
