{
    "graph_diameter": 0,
    "avg_out_degree": 9.021310181531176,
    "max_out_degree": 1104,
    "num_nodes": 3801,
    "num_channels": 34290,
    "total_network_capacity": "77640894464",
    "avg_channel_size": 2264243.0581510644,
    "min_channel_size": "1100",
    "max_channel_size": "16777216"
}
