{
    "graph_diameter": 0,
    "avg_out_degree": 9.218717139852787,
    "max_out_degree": 1107,
    "num_nodes": 3804,
    "num_channels": 35068,
    "total_network_capacity": "80381586540",
    "avg_channel_size": 2292163.412227672,
    "min_channel_size": "1100",
    "max_channel_size": "16777216"
}
