{
    "graph_diameter": 0,
    "avg_out_degree": 9.167894736842106,
    "max_out_degree": 1106,
    "num_nodes": 3800,
    "num_channels": 34838,
    "total_network_capacity": "79597011511",
    "avg_channel_size": 2284775.57583673,
    "min_channel_size": "1100",
    "max_channel_size": "16777216"
}
