{
    "graph_diameter": 0,
    "avg_out_degree": 9.000789473684211,
    "max_out_degree": 1103,
    "num_nodes": 3800,
    "num_channels": 34203,
    "total_network_capacity": "77345252074",
    "avg_channel_size": 2261358.7133877147,
    "min_channel_size": "1100",
    "max_channel_size": "16777216"
}
