{
    "graph_diameter": 0,
    "avg_out_degree": 9.16736842105263,
    "max_out_degree": 1106,
    "num_nodes": 3800,
    "num_channels": 34836,
    "total_network_capacity": "79588011511",
    "avg_channel_size": 2284648.395653921,
    "min_channel_size": "1100",
    "max_channel_size": "16777216"
}
