{
    "graph_diameter": 0,
    "avg_out_degree": 9.21141204312385,
    "max_out_degree": 1107,
    "num_nodes": 3803,
    "num_channels": 35031,
    "total_network_capacity": "80240666888",
    "avg_channel_size": 2290561.6992949103,
    "min_channel_size": "1100",
    "max_channel_size": "16777216"
}
