{
    "graph_diameter": 0,
    "avg_out_degree": 9.236081932773109,
    "max_out_degree": 1107,
    "num_nodes": 3808,
    "num_channels": 35171,
    "total_network_capacity": "80710410611",
    "avg_channel_size": 2294799.994626255,
    "min_channel_size": "1100",
    "max_channel_size": "16777216"
}
