{
    "graph_diameter": 0,
    "avg_out_degree": 9.187582215206525,
    "max_out_degree": 1107,
    "num_nodes": 3801,
    "num_channels": 34922,
    "total_network_capacity": "79894446894",
    "avg_channel_size": 2287797.0017181146,
    "min_channel_size": "1100",
    "max_channel_size": "16777216"
}
