{
    "graph_diameter": 0,
    "avg_out_degree": 9.134210526315789,
    "max_out_degree": 1106,
    "num_nodes": 3800,
    "num_channels": 34710,
    "total_network_capacity": "79140240408",
    "avg_channel_size": 2280041.4983578217,
    "min_channel_size": "1100",
    "max_channel_size": "16777216"
}
