{
    "graph_diameter": 0,
    "avg_out_degree": 9.080242041568008,
    "max_out_degree": 1106,
    "num_nodes": 3801,
    "num_channels": 34514,
    "total_network_capacity": "78438967214",
    "avg_channel_size": 2272671.0092716,
    "min_channel_size": "1100",
    "max_channel_size": "16777216"
}
