{
    "graph_diameter": 0,
    "avg_out_degree": 9.005532139093782,
    "max_out_degree": 1103,
    "num_nodes": 3796,
    "num_channels": 34185,
    "total_network_capacity": "77309936049",
    "avg_channel_size": 2261516.339008337,
    "min_channel_size": "1100",
    "max_channel_size": "16777216"
}
