{
    "graph_diameter": 0,
    "avg_out_degree": 8.99868593955322,
    "max_out_degree": 1102,
    "num_nodes": 3805,
    "num_channels": 34240,
    "total_network_capacity": "77433241780",
    "avg_channel_size": 2261484.8650700934,
    "min_channel_size": "1100",
    "max_channel_size": "16777216"
}
