{
    "graph_diameter": 0,
    "avg_out_degree": 9.234969808348648,
    "max_out_degree": 1107,
    "num_nodes": 3809,
    "num_channels": 35176,
    "total_network_capacity": "80717825611",
    "avg_channel_size": 2294684.6034512166,
    "min_channel_size": "1100",
    "max_channel_size": "16777216"
}
