{
    "graph_diameter": 0,
    "avg_out_degree": 9.002633658151172,
    "max_out_degree": 1102,
    "num_nodes": 3797,
    "num_channels": 34183,
    "total_network_capacity": "77316593831",
    "avg_channel_size": 2261843.426001229,
    "min_channel_size": "1100",
    "max_channel_size": "16777216"
}
