{
    "graph_diameter": 0,
    "avg_out_degree": 9.203367534859247,
    "max_out_degree": 1107,
    "num_nodes": 3801,
    "num_channels": 34982,
    "total_network_capacity": "80098440083",
    "avg_channel_size": 2289704.4217883484,
    "min_channel_size": "1100",
    "max_channel_size": "16777216"
}
