{
    "graph_diameter": 0,
    "avg_out_degree": 9.218807459942212,
    "max_out_degree": 1107,
    "num_nodes": 3807,
    "num_channels": 35096,
    "total_network_capacity": "80482033269",
    "avg_channel_size": 2293196.753732619,
    "min_channel_size": "1100",
    "max_channel_size": "16777216"
}
