{
    "graph_diameter": 0,
    "avg_out_degree": 9.002371541501976,
    "max_out_degree": 1103,
    "num_nodes": 3795,
    "num_channels": 34164,
    "total_network_capacity": "77309889492",
    "avg_channel_size": 2262905.089919213,
    "min_channel_size": "1100",
    "max_channel_size": "16777216"
}
