{
    "graph_diameter": 0,
    "avg_out_degree": 9.009736842105264,
    "max_out_degree": 1102,
    "num_nodes": 3800,
    "num_channels": 34237,
    "total_network_capacity": "77427883045",
    "avg_channel_size": 2261526.50772556,
    "min_channel_size": "1100",
    "max_channel_size": "16777216"
}
