{
    "graph_diameter": 0,
    "avg_out_degree": 9.187056037884767,
    "max_out_degree": 1107,
    "num_nodes": 3801,
    "num_channels": 34920,
    "total_network_capacity": "79891446894",
    "avg_channel_size": 2287842.1218213057,
    "min_channel_size": "1100",
    "max_channel_size": "16777216"
}
