{
    "graph_diameter": 0,
    "avg_out_degree": 9.013403416557162,
    "max_out_degree": 1104,
    "num_nodes": 3805,
    "num_channels": 34296,
    "total_network_capacity": "77445704366",
    "avg_channel_size": 2258155.5973291346,
    "min_channel_size": "1100",
    "max_channel_size": "16777216"
}
