{
    "graph_diameter": 0,
    "avg_out_degree": 9.009473684210526,
    "max_out_degree": 1102,
    "num_nodes": 3800,
    "num_channels": 34236,
    "total_network_capacity": "77429103045",
    "avg_channel_size": 2261628.1997020678,
    "min_channel_size": "1100",
    "max_channel_size": "16777216"
}
