{
    "graph_diameter": 0,
    "avg_out_degree": 9.108157894736841,
    "max_out_degree": 1106,
    "num_nodes": 3800,
    "num_channels": 34611,
    "total_network_capacity": "78781468550",
    "avg_channel_size": 2276197.409783017,
    "min_channel_size": "1100",
    "max_channel_size": "16777216"
}
