{
    "graph_diameter": 0,
    "avg_out_degree": 9.002103602419142,
    "max_out_degree": 1103,
    "num_nodes": 3803,
    "num_channels": 34235,
    "total_network_capacity": "77412133431",
    "avg_channel_size": 2261198.5813056813,
    "min_channel_size": "1100",
    "max_channel_size": "16777216"
}
