{
    "graph_diameter": 0,
    "avg_out_degree": 9.008166491043204,
    "max_out_degree": 1104,
    "num_nodes": 3796,
    "num_channels": 34195,
    "total_network_capacity": "77330594266",
    "avg_channel_size": 2261459.1099868403,
    "min_channel_size": "1100",
    "max_channel_size": "16777216"
}
