{
    "graph_diameter": 0,
    "avg_out_degree": 9.221755123489228,
    "max_out_degree": 1107,
    "num_nodes": 3806,
    "num_channels": 35098,
    "total_network_capacity": "80468793269",
    "avg_channel_size": 2292688.850333352,
    "min_channel_size": "1100",
    "max_channel_size": "16777216"
}
