{
    "graph_diameter": 0,
    "avg_out_degree": 9.069192317811103,
    "max_out_degree": 1106,
    "num_nodes": 3801,
    "num_channels": 34472,
    "total_network_capacity": "78291069629",
    "avg_channel_size": 2271149.6179217915,
    "min_channel_size": "1100",
    "max_channel_size": "16777216"
}
