{
    "graph_diameter": 0,
    "avg_out_degree": 9.13917390160484,
    "max_out_degree": 1106,
    "num_nodes": 3801,
    "num_channels": 34738,
    "total_network_capacity": "79233719501",
    "avg_channel_size": 2280894.6830848064,
    "min_channel_size": "1100",
    "max_channel_size": "16777216"
}
