{
    "graph_diameter": 0,
    "avg_out_degree": 9.003687121411641,
    "max_out_degree": 1102,
    "num_nodes": 3797,
    "num_channels": 34187,
    "total_network_capacity": "77314486842",
    "avg_channel_size": 2261517.1510223183,
    "min_channel_size": "1100",
    "max_channel_size": "16777216"
}
