{
    "graph_diameter": 0,
    "avg_out_degree": 9.069455406471981,
    "max_out_degree": 1106,
    "num_nodes": 3801,
    "num_channels": 34473,
    "total_network_capacity": "78296069629",
    "avg_channel_size": 2271228.7769848867,
    "min_channel_size": "1100",
    "max_channel_size": "16777216"
}
