{
    "graph_diameter": 0,
    "avg_out_degree": 9.21907013396375,
    "max_out_degree": 1107,
    "num_nodes": 3807,
    "num_channels": 35097,
    "total_network_capacity": "80489033269",
    "avg_channel_size": 2293330.8621534603,
    "min_channel_size": "1100",
    "max_channel_size": "16777216"
}
