{
    "graph_diameter": 0,
    "avg_out_degree": 9.235232344447361,
    "max_out_degree": 1107,
    "num_nodes": 3809,
    "num_channels": 35177,
    "total_network_capacity": "80725025611",
    "avg_channel_size": 2294824.0501179746,
    "min_channel_size": "1100",
    "max_channel_size": "16777216"
}
