{
    "graph_diameter": 0,
    "avg_out_degree": 9.010013175230567,
    "max_out_degree": 1103,
    "num_nodes": 3795,
    "num_channels": 34193,
    "total_network_capacity": "77328282201",
    "avg_channel_size": 2261523.7680519405,
    "min_channel_size": "1100",
    "max_channel_size": "16777216"
}
