{
    "graph_diameter": 0,
    "avg_out_degree": 9.017091769655535,
    "max_out_degree": 1104,
    "num_nodes": 3803,
    "num_channels": 34292,
    "total_network_capacity": "77639719728",
    "avg_channel_size": 2264076.7446634783,
    "min_channel_size": "1100",
    "max_channel_size": "16777216"
}
