{
    "graph_diameter": 0,
    "avg_out_degree": 9.000788643533124,
    "max_out_degree": 1102,
    "num_nodes": 3804,
    "num_channels": 34239,
    "total_network_capacity": "77436220528",
    "avg_channel_size": 2261637.9137241156,
    "min_channel_size": "1100",
    "max_channel_size": "16777216"
}
