{
    "graph_diameter": 0,
    "avg_out_degree": 9.000262881177708,
    "max_out_degree": 1103,
    "num_nodes": 3804,
    "num_channels": 34237,
    "total_network_capacity": "77416292444",
    "avg_channel_size": 2261187.9675205187,
    "min_channel_size": "1100",
    "max_channel_size": "16777216"
}
