{
    "graph_diameter": 0,
    "avg_out_degree": 8.987112046291426,
    "max_out_degree": 1104,
    "num_nodes": 3802,
    "num_channels": 34169,
    "total_network_capacity": "77225199299",
    "avg_channel_size": 2260095.3876027977,
    "min_channel_size": "1100",
    "max_channel_size": "16777216"
}
