{
    "graph_diameter": 0,
    "avg_out_degree": 9.21985815602837,
    "max_out_degree": 1107,
    "num_nodes": 3807,
    "num_channels": 35100,
    "total_network_capacity": "80486756054",
    "avg_channel_size": 2293069.973048433,
    "min_channel_size": "1100",
    "max_channel_size": "16777216"
}
