{
    "graph_diameter": 0,
    "avg_out_degree": 9.002370292336055,
    "max_out_degree": 1103,
    "num_nodes": 3797,
    "num_channels": 34182,
    "total_network_capacity": "77308726049",
    "avg_channel_size": 2261679.4233514713,
    "min_channel_size": "1100",
    "max_channel_size": "16777216"
}
