{
    "graph_diameter": 0,
    "avg_out_degree": 9.173421052631578,
    "max_out_degree": 1106,
    "num_nodes": 3800,
    "num_channels": 34859,
    "total_network_capacity": "79681162641",
    "avg_channel_size": 2285813.2086692103,
    "min_channel_size": "1100",
    "max_channel_size": "16777216"
}
