{
    "graph_diameter": 0,
    "avg_out_degree": 9.003947368421052,
    "max_out_degree": 1103,
    "num_nodes": 3800,
    "num_channels": 34215,
    "total_network_capacity": "77377905021",
    "avg_channel_size": 2261519.948005261,
    "min_channel_size": "1100",
    "max_channel_size": "16777216"
}
