{
    "graph_diameter": 0,
    "avg_out_degree": 9.001577287066246,
    "max_out_degree": 1101,
    "num_nodes": 3804,
    "num_channels": 34242,
    "total_network_capacity": "77425100290",
    "avg_channel_size": 2261115.013433795,
    "min_channel_size": "1100",
    "max_channel_size": "16777216"
}
