{
    "graph_diameter": 0,
    "avg_out_degree": 9.22044140830268,
    "max_out_degree": 1107,
    "num_nodes": 3806,
    "num_channels": 35093,
    "total_network_capacity": "80462693269",
    "avg_channel_size": 2292841.685492833,
    "min_channel_size": "1100",
    "max_channel_size": "16777216"
}
