{
    "graph_diameter": 0,
    "avg_out_degree": 9.234243697478991,
    "max_out_degree": 1107,
    "num_nodes": 3808,
    "num_channels": 35164,
    "total_network_capacity": "80705110611",
    "avg_channel_size": 2295106.091769992,
    "min_channel_size": "1100",
    "max_channel_size": "16777216"
}
