{
    "graph_diameter": 0,
    "avg_out_degree": 9.076821888976585,
    "max_out_degree": 1106,
    "num_nodes": 3801,
    "num_channels": 34501,
    "total_network_capacity": "78410069629",
    "avg_channel_size": 2272689.7663545986,
    "min_channel_size": "1100",
    "max_channel_size": "16777216"
}
