{
    "graph_diameter": 0,
    "avg_out_degree": 9.007629571165483,
    "max_out_degree": 1102,
    "num_nodes": 3801,
    "num_channels": 34238,
    "total_network_capacity": "77429362352",
    "avg_channel_size": 2261503.661195163,
    "min_channel_size": "1100",
    "max_channel_size": "16777216"
}
