{
    "graph_diameter": 0,
    "avg_out_degree": 9.001052631578947,
    "max_out_degree": 1103,
    "num_nodes": 3800,
    "num_channels": 34204,
    "total_network_capacity": "77351752074",
    "avg_channel_size": 2261482.6357735936,
    "min_channel_size": "1100",
    "max_channel_size": "16777216"
}
