{
    "graph_diameter": 0,
    "avg_out_degree": 9.002103049421661,
    "max_out_degree": 1103,
    "num_nodes": 3804,
    "num_channels": 34244,
    "total_network_capacity": "77437249215",
    "avg_channel_size": 2261337.7296752715,
    "min_channel_size": "1100",
    "max_channel_size": "16777216"
}
