{
    "graph_diameter": 0,
    "avg_out_degree": 9.117368421052632,
    "max_out_degree": 1106,
    "num_nodes": 3800,
    "num_channels": 34646,
    "total_network_capacity": "78918039142",
    "avg_channel_size": 2277839.841309242,
    "min_channel_size": "1100",
    "max_channel_size": "16777216"
}
