{
    "graph_diameter": 0,
    "avg_out_degree": 9.138348237769595,
    "max_out_degree": 1106,
    "num_nodes": 3802,
    "num_channels": 34744,
    "total_network_capacity": "79244509447",
    "avg_channel_size": 2280811.347196638,
    "min_channel_size": "1100",
    "max_channel_size": "16777216"
}
