{
    "graph_diameter": 0,
    "avg_out_degree": 9.186003683241251,
    "max_out_degree": 1107,
    "num_nodes": 3801,
    "num_channels": 34916,
    "total_network_capacity": "79868301629",
    "avg_channel_size": 2287441.3343166457,
    "min_channel_size": "1100",
    "max_channel_size": "16777216"
}
