{
    "graph_diameter": 0,
    "avg_out_degree": 9.202315180215733,
    "max_out_degree": 1107,
    "num_nodes": 3801,
    "num_channels": 34978,
    "total_network_capacity": "80089475083",
    "avg_channel_size": 2289709.9629195496,
    "min_channel_size": "1100",
    "max_channel_size": "16777216"
}
