{
    "graph_diameter": 0,
    "avg_out_degree": 9.171007629571166,
    "max_out_degree": 1106,
    "num_nodes": 3801,
    "num_channels": 34859,
    "total_network_capacity": "79677762641",
    "avg_channel_size": 2285715.6728821825,
    "min_channel_size": "1100",
    "max_channel_size": "16777216"
}
