{
    "graph_diameter": 0,
    "avg_out_degree": 9.222280609563846,
    "max_out_degree": 1107,
    "num_nodes": 3806,
    "num_channels": 35100,
    "total_network_capacity": "80476793269",
    "avg_channel_size": 2292786.133019943,
    "min_channel_size": "1100",
    "max_channel_size": "16777216"
}
