{
    "graph_diameter": 0,
    "avg_out_degree": 9.06761378584583,
    "max_out_degree": 1106,
    "num_nodes": 3801,
    "num_channels": 34466,
    "total_network_capacity": "78271269629",
    "avg_channel_size": 2270970.5109093017,
    "min_channel_size": "1100",
    "max_channel_size": "16777216"
}
