{
    "graph_diameter": 0,
    "avg_out_degree": 9.175263157894737,
    "max_out_degree": 1106,
    "num_nodes": 3800,
    "num_channels": 34866,
    "total_network_capacity": "79712262641",
    "avg_channel_size": 2286246.275483279,
    "min_channel_size": "1100",
    "max_channel_size": "16777216"
}
