{
    "graph_diameter": 0,
    "avg_out_degree": 9.139400315623357,
    "max_out_degree": 1106,
    "num_nodes": 3802,
    "num_channels": 34748,
    "total_network_capacity": "79258509447",
    "avg_channel_size": 2280951.693536319,
    "min_channel_size": "1100",
    "max_channel_size": "16777216"
}
