{
    "graph_diameter": 0,
    "avg_out_degree": 9.006840305182847,
    "max_out_degree": 1102,
    "num_nodes": 3801,
    "num_channels": 34235,
    "total_network_capacity": "77427842352",
    "avg_channel_size": 2261657.4368920694,
    "min_channel_size": "1100",
    "max_channel_size": "16777216"
}
