{
    "graph_diameter": 0,
    "avg_out_degree": 9.22017866526537,
    "max_out_degree": 1107,
    "num_nodes": 3806,
    "num_channels": 35092,
    "total_network_capacity": "80459693269",
    "avg_channel_size": 2292821.5339393592,
    "min_channel_size": "1100",
    "max_channel_size": "16777216"
}
