{
    "graph_diameter": 0,
    "avg_out_degree": 9.004734350341925,
    "max_out_degree": 1102,
    "num_nodes": 3802,
    "num_channels": 34236,
    "total_network_capacity": "77429422352",
    "avg_channel_size": 2261637.526346536,
    "min_channel_size": "1100",
    "max_channel_size": "16777216"
}
