{
    "graph_diameter": 0,
    "avg_out_degree": 9.0778742436201,
    "max_out_degree": 1106,
    "num_nodes": 3801,
    "num_channels": 34505,
    "total_network_capacity": "78425467214",
    "avg_channel_size": 2272872.546413563,
    "min_channel_size": "1100",
    "max_channel_size": "16777216"
}
