{
    "graph_diameter": 0,
    "avg_out_degree": 9.011309836927932,
    "max_out_degree": 1102,
    "num_nodes": 3802,
    "num_channels": 34261,
    "total_network_capacity": "77429880716",
    "avg_channel_size": 2260000.6046525203,
    "min_channel_size": "1100",
    "max_channel_size": "16777216"
}
