{
    "graph_diameter": 0,
    "avg_out_degree": 9.01656586905075,
    "max_out_degree": 1104,
    "num_nodes": 3803,
    "num_channels": 34290,
    "total_network_capacity": "77629719728",
    "avg_channel_size": 2263917.1690871976,
    "min_channel_size": "1100",
    "max_channel_size": "16777216"
}
