{
    "graph_diameter": 0,
    "avg_out_degree": 9.205209155485399,
    "max_out_degree": 1107,
    "num_nodes": 3801,
    "num_channels": 34989,
    "total_network_capacity": "80131761968",
    "avg_channel_size": 2290198.6901026038,
    "min_channel_size": "1100",
    "max_channel_size": "16777216"
}
