{
    "graph_diameter": 0,
    "avg_out_degree": 9.137858458300448,
    "max_out_degree": 1106,
    "num_nodes": 3801,
    "num_channels": 34733,
    "total_network_capacity": "79210719501",
    "avg_channel_size": 2280560.8355454467,
    "min_channel_size": "1100",
    "max_channel_size": "16777216"
}
