{
    "graph_diameter": 0,
    "avg_out_degree": 9.117631578947368,
    "max_out_degree": 1106,
    "num_nodes": 3800,
    "num_channels": 34647,
    "total_network_capacity": "78923039142",
    "avg_channel_size": 2277918.409732444,
    "min_channel_size": "1100",
    "max_channel_size": "16777216"
}
