{
    "graph_diameter": 0,
    "avg_out_degree": 9.235943247503942,
    "max_out_degree": 1107,
    "num_nodes": 3806,
    "num_channels": 35152,
    "total_network_capacity": "80684033706",
    "avg_channel_size": 2295289.9893604917,
    "min_channel_size": "1100",
    "max_channel_size": "16777216"
}
