{
    "graph_diameter": 0,
    "avg_out_degree": 7.921880523153058,
    "max_out_degree": 970,
    "num_nodes": 2829,
    "num_channels": 22411,
    "total_network_capacity": "62149847741",
    "avg_channel_size": 2773184.9422604972,
    "min_channel_size": "1100",
    "max_channel_size": "16777216"
}
