{
    "graph_diameter": 0,
    "avg_out_degree": 7.9229137199434225,
    "max_out_degree": 970,
    "num_nodes": 2828,
    "num_channels": 22406,
    "total_network_capacity": "62121547741",
    "avg_channel_size": 2772540.7364545213,
    "min_channel_size": "1100",
    "max_channel_size": "16777216"
}
