{
    "graph_diameter": 0,
    "avg_out_degree": 7.919081272084806,
    "max_out_degree": 970,
    "num_nodes": 2830,
    "num_channels": 22411,
    "total_network_capacity": "62116653600",
    "avg_channel_size": 2771703.7883182364,
    "min_channel_size": "1100",
    "max_channel_size": "16777216"
}
