{
    "graph_diameter": 0,
    "avg_out_degree": 7.9201413427561835,
    "max_out_degree": 969,
    "num_nodes": 2830,
    "num_channels": 22414,
    "total_network_capacity": "62172666226",
    "avg_channel_size": 2773831.811635585,
    "min_channel_size": "1100",
    "max_channel_size": "16777216"
}
