{
    "graph_diameter": 0,
    "avg_out_degree": 7.92190812720848,
    "max_out_degree": 969,
    "num_nodes": 2830,
    "num_channels": 22419,
    "total_network_capacity": "62210073982",
    "avg_channel_size": 2774881.7512823944,
    "min_channel_size": "1100",
    "max_channel_size": "16777216"
}
