{
    "graph_diameter": 0,
    "avg_out_degree": 7.91696113074205,
    "max_out_degree": 971,
    "num_nodes": 2830,
    "num_channels": 22405,
    "total_network_capacity": "62077655398",
    "avg_channel_size": 2770705.440660567,
    "min_channel_size": "1100",
    "max_channel_size": "16777216"
}
