{
    "graph_diameter": 0,
    "avg_out_degree": 7.920848056537102,
    "max_out_degree": 970,
    "num_nodes": 2830,
    "num_channels": 22416,
    "total_network_capacity": "62123478040",
    "avg_channel_size": 2771389.9910778017,
    "min_channel_size": "1100",
    "max_channel_size": "16777216"
}
