{
    "graph_diameter": 0,
    "avg_out_degree": 7.919434628975265,
    "max_out_degree": 969,
    "num_nodes": 2830,
    "num_channels": 22412,
    "total_network_capacity": "62154666226",
    "avg_channel_size": 2773276.201409959,
    "min_channel_size": "1100",
    "max_channel_size": "16777216"
}
