{
    "graph_diameter": 0,
    "avg_out_degree": 7.91660777385159,
    "max_out_degree": 971,
    "num_nodes": 2830,
    "num_channels": 22404,
    "total_network_capacity": "62060878183",
    "avg_channel_size": 2770080.2616943405,
    "min_channel_size": "1100",
    "max_channel_size": "16777216"
}
