{
    "graph_diameter": 0,
    "avg_out_degree": 7.915577534440128,
    "max_out_degree": 971,
    "num_nodes": 2831,
    "num_channels": 22409,
    "total_network_capacity": "62091852376",
    "avg_channel_size": 2770844.4096568343,
    "min_channel_size": "1100",
    "max_channel_size": "16777216"
}
