{
    "graph_diameter": 0,
    "avg_out_degree": 7.92152704135737,
    "max_out_degree": 970,
    "num_nodes": 2829,
    "num_channels": 22410,
    "total_network_capacity": "62149347741",
    "avg_channel_size": 2773286.378447122,
    "min_channel_size": "1100",
    "max_channel_size": "16777216"
}
