{
    "graph_diameter": 0,
    "avg_out_degree": 7.912874779541446,
    "max_out_degree": 970,
    "num_nodes": 2835,
    "num_channels": 22433,
    "total_network_capacity": "62247160219",
    "avg_channel_size": 2774803.201488878,
    "min_channel_size": "1100",
    "max_channel_size": "16777216"
}
