{
    "graph_diameter": 0,
    "avg_out_degree": 7.908001409940078,
    "max_out_degree": 970,
    "num_nodes": 2837,
    "num_channels": 22435,
    "total_network_capacity": "62251009913",
    "avg_channel_size": 2774727.430933809,
    "min_channel_size": "1100",
    "max_channel_size": "16777216"
}
