{
    "graph_diameter": 0,
    "avg_out_degree": 7.861538461538461,
    "max_out_degree": 964,
    "num_nodes": 2860,
    "num_channels": 22484,
    "total_network_capacity": "62455447688",
    "avg_channel_size": 2777772.980252624,
    "min_channel_size": "1100",
    "max_channel_size": "16777216"
}
