{
    "graph_diameter": 0,
    "avg_out_degree": 7.9055340148043705,
    "max_out_degree": 970,
    "num_nodes": 2837,
    "num_channels": 22428,
    "total_network_capacity": "62247850958",
    "avg_channel_size": 2775452.602015338,
    "min_channel_size": "1100",
    "max_channel_size": "16777216"
}
