{
    "graph_diameter": 0,
    "avg_out_degree": 7.903940886699507,
    "max_out_degree": 969,
    "num_nodes": 2842,
    "num_channels": 22463,
    "total_network_capacity": "62394190207",
    "avg_channel_size": 2777642.799581534,
    "min_channel_size": "1100",
    "max_channel_size": "16777216"
}
