{
    "graph_diameter": 0,
    "avg_out_degree": 7.659734060688715,
    "max_out_degree": 963,
    "num_nodes": 2933,
    "num_channels": 22466,
    "total_network_capacity": "62593680483",
    "avg_channel_size": 2786151.5393483485,
    "min_channel_size": "1100",
    "max_channel_size": "16777216"
}
