{
    "graph_diameter": 0,
    "avg_out_degree": 7.882146615222729,
    "max_out_degree": 966,
    "num_nodes": 2851,
    "num_channels": 22472,
    "total_network_capacity": "62488708382",
    "avg_channel_size": 2780736.4000533996,
    "min_channel_size": "1100",
    "max_channel_size": "16777216"
}
