{
    "graph_diameter": 0,
    "avg_out_degree": 7.845192641443943,
    "max_out_degree": 965,
    "num_nodes": 2881,
    "num_channels": 22602,
    "total_network_capacity": "62543567292",
    "avg_channel_size": 2767169.599681444,
    "min_channel_size": "1050",
    "max_channel_size": "16777216"
}
