{
    "graph_diameter": 0,
    "avg_out_degree": 7.859839217056973,
    "max_out_degree": 964,
    "num_nodes": 2861,
    "num_channels": 22487,
    "total_network_capacity": "62456546883",
    "avg_channel_size": 2777451.277760484,
    "min_channel_size": "1100",
    "max_channel_size": "16777216"
}
