{
    "graph_diameter": 0,
    "avg_out_degree": 7.471899224806202,
    "max_out_degree": 965,
    "num_nodes": 3096,
    "num_channels": 23133,
    "total_network_capacity": "62582172265",
    "avg_channel_size": 2705320.203389098,
    "min_channel_size": "1050",
    "max_channel_size": "16777216"
}
