{
    "graph_diameter": 0,
    "avg_out_degree": 7.889708465050931,
    "max_out_degree": 968,
    "num_nodes": 2847,
    "num_channels": 22462,
    "total_network_capacity": "62453457864",
    "avg_channel_size": 2780405.0335678034,
    "min_channel_size": "1100",
    "max_channel_size": "16777216"
}
