{
    "graph_diameter": 0,
    "avg_out_degree": 7.9042590637099615,
    "max_out_degree": 970,
    "num_nodes": 2841,
    "num_channels": 22456,
    "total_network_capacity": "62317802266",
    "avg_channel_size": 2775106.9765764163,
    "min_channel_size": "1100",
    "max_channel_size": "16777216"
}
