{
    "graph_diameter": 0,
    "avg_out_degree": 7.919816319321795,
    "max_out_degree": 969,
    "num_nodes": 2831,
    "num_channels": 22421,
    "total_network_capacity": "62211373773",
    "avg_channel_size": 2774692.198073235,
    "min_channel_size": "1100",
    "max_channel_size": "16777216"
}
