{
    "graph_diameter": 0,
    "avg_out_degree": 7.889044943820225,
    "max_out_degree": 968,
    "num_nodes": 2848,
    "num_channels": 22468,
    "total_network_capacity": "62473943238",
    "avg_channel_size": 2780574.294018159,
    "min_channel_size": "1100",
    "max_channel_size": "16777216"
}
