{
    "graph_diameter": 0,
    "avg_out_degree": 7.728854024556616,
    "max_out_degree": 963,
    "num_nodes": 2932,
    "num_channels": 22661,
    "total_network_capacity": "62627827459",
    "avg_channel_size": 2763683.30872424,
    "min_channel_size": "1050",
    "max_channel_size": "16777216"
}
