{
    "graph_diameter": 0,
    "avg_out_degree": 7.864590622813156,
    "max_out_degree": 963,
    "num_nodes": 2858,
    "num_channels": 22477,
    "total_network_capacity": "62615027716",
    "avg_channel_size": 2785737.7637585085,
    "min_channel_size": "1100",
    "max_channel_size": "16777216"
}
