{
    "graph_diameter": 0,
    "avg_out_degree": 7.914255469301341,
    "max_out_degree": 970,
    "num_nodes": 2834,
    "num_channels": 22429,
    "total_network_capacity": "62232170219",
    "avg_channel_size": 2774629.730215346,
    "min_channel_size": "1100",
    "max_channel_size": "16777216"
}
