{
    "graph_diameter": 0,
    "avg_out_degree": 7.911785462244178,
    "max_out_degree": 970,
    "num_nodes": 2834,
    "num_channels": 22422,
    "total_network_capacity": "62211293004",
    "avg_channel_size": 2774564.8472036393,
    "min_channel_size": "1100",
    "max_channel_size": "16777216"
}
