{
    "graph_diameter": 0,
    "avg_out_degree": 7.906272022551092,
    "max_out_degree": 970,
    "num_nodes": 2838,
    "num_channels": 22438,
    "total_network_capacity": "62290676712",
    "avg_channel_size": 2776124.2852304126,
    "min_channel_size": "1100",
    "max_channel_size": "16777216"
}
