{
    "graph_diameter": 0,
    "avg_out_degree": 7.916666666666667,
    "max_out_degree": 969,
    "num_nodes": 2832,
    "num_channels": 22420,
    "total_network_capacity": "62211472772",
    "avg_channel_size": 2774820.3734165924,
    "min_channel_size": "1100",
    "max_channel_size": "16777216"
}
