{
    "graph_diameter": 0,
    "avg_out_degree": 7.896272855133614,
    "max_out_degree": 969,
    "num_nodes": 2844,
    "num_channels": 22457,
    "total_network_capacity": "62374412558",
    "avg_channel_size": 2777504.2328895223,
    "min_channel_size": "1100",
    "max_channel_size": "16777216"
}
