{
    "graph_diameter": 0,
    "avg_out_degree": 7.90355508623724,
    "max_out_degree": 970,
    "num_nodes": 2841,
    "num_channels": 22454,
    "total_network_capacity": "62317802266",
    "avg_channel_size": 2775354.1581010064,
    "min_channel_size": "1100",
    "max_channel_size": "16777216"
}
