{
    "graph_diameter": 0,
    "avg_out_degree": 7.906722984864484,
    "max_out_degree": 969,
    "num_nodes": 2841,
    "num_channels": 22463,
    "total_network_capacity": "62375171115",
    "avg_channel_size": 2776796.1142768105,
    "min_channel_size": "1100",
    "max_channel_size": "16777216"
}
