{
    "graph_diameter": 0,
    "avg_out_degree": 7.87666433076384,
    "max_out_degree": 966,
    "num_nodes": 2854,
    "num_channels": 22480,
    "total_network_capacity": "62354796970",
    "avg_channel_size": 2773789.900800712,
    "min_channel_size": "1100",
    "max_channel_size": "16777216"
}
