{
    "graph_diameter": 0,
    "avg_out_degree": 7.893497363796134,
    "max_out_degree": 969,
    "num_nodes": 2845,
    "num_channels": 22457,
    "total_network_capacity": "62424721475",
    "avg_channel_size": 2779744.4660907513,
    "min_channel_size": "1100",
    "max_channel_size": "16777216"
}
