{
    "graph_diameter": 0,
    "avg_out_degree": 7.721350613915416,
    "max_out_degree": 963,
    "num_nodes": 2932,
    "num_channels": 22639,
    "total_network_capacity": "62502191655",
    "avg_channel_size": 2760819.455585494,
    "min_channel_size": "1050",
    "max_channel_size": "16777216"
}
