{
    "graph_diameter": 0,
    "avg_out_degree": 7.718963165075034,
    "max_out_degree": 963,
    "num_nodes": 2932,
    "num_channels": 22632,
    "total_network_capacity": "62508391655",
    "avg_channel_size": 2761947.31596854,
    "min_channel_size": "1050",
    "max_channel_size": "16777216"
}
