{
    "graph_diameter": 0,
    "avg_out_degree": 7.870034843205575,
    "max_out_degree": 964,
    "num_nodes": 2870,
    "num_channels": 22587,
    "total_network_capacity": "62538519008",
    "avg_channel_size": 2768783.7697790763,
    "min_channel_size": "1100",
    "max_channel_size": "16777216"
}
