{
    "graph_diameter": 0,
    "avg_out_degree": 7.907074973600845,
    "max_out_degree": 970,
    "num_nodes": 2841,
    "num_channels": 22464,
    "total_network_capacity": "62375471115",
    "avg_channel_size": 2776685.85803953,
    "min_channel_size": "1100",
    "max_channel_size": "16777216"
}
