{
    "graph_diameter": 0,
    "avg_out_degree": 7.906976744186046,
    "max_out_degree": 970,
    "num_nodes": 2838,
    "num_channels": 22440,
    "total_network_capacity": "62293176712",
    "avg_channel_size": 2775988.2670231727,
    "min_channel_size": "1100",
    "max_channel_size": "16777216"
}
