{
    "graph_diameter": 0,
    "avg_out_degree": 7.913841807909605,
    "max_out_degree": 970,
    "num_nodes": 2832,
    "num_channels": 22412,
    "total_network_capacity": "62205693004",
    "avg_channel_size": 2775552.96287703,
    "min_channel_size": "1100",
    "max_channel_size": "16777216"
}
