{
    "graph_diameter": 0,
    "avg_out_degree": 7.88635566467906,
    "max_out_degree": 966,
    "num_nodes": 2851,
    "num_channels": 22484,
    "total_network_capacity": "62415444289",
    "avg_channel_size": 2775993.7862035227,
    "min_channel_size": "1100",
    "max_channel_size": "16777216"
}
