{
    "graph_diameter": 0,
    "avg_out_degree": 7.863493174658733,
    "max_out_degree": 963,
    "num_nodes": 2857,
    "num_channels": 22466,
    "total_network_capacity": "62595460501",
    "avg_channel_size": 2786230.7709872695,
    "min_channel_size": "1100",
    "max_channel_size": "16777216"
}
