{
    "graph_diameter": 0,
    "avg_out_degree": 7.905315029919042,
    "max_out_degree": 970,
    "num_nodes": 2841,
    "num_channels": 22459,
    "total_network_capacity": "62340371115",
    "avg_channel_size": 2775741.1779242177,
    "min_channel_size": "1100",
    "max_channel_size": "16777216"
}
