{
    "graph_diameter": 0,
    "avg_out_degree": 7.730808597748209,
    "max_out_degree": 963,
    "num_nodes": 2931,
    "num_channels": 22659,
    "total_network_capacity": "62627602293",
    "avg_channel_size": 2763917.308486694,
    "min_channel_size": "1050",
    "max_channel_size": "16777216"
}
