{
    "graph_diameter": 0,
    "avg_out_degree": 7.869686411149826,
    "max_out_degree": 964,
    "num_nodes": 2870,
    "num_channels": 22586,
    "total_network_capacity": "62533881722",
    "avg_channel_size": 2768701.041441601,
    "min_channel_size": "1100",
    "max_channel_size": "16777216"
}
