{
    "graph_diameter": 0,
    "avg_out_degree": 7.861441567529741,
    "max_out_degree": 964,
    "num_nodes": 2858,
    "num_channels": 22468,
    "total_network_capacity": "62449697135",
    "avg_channel_size": 2779495.1546644117,
    "min_channel_size": "1100",
    "max_channel_size": "16777216"
}
