{
    "graph_diameter": 0,
    "avg_out_degree": 7.8994020400984875,
    "max_out_degree": 969,
    "num_nodes": 2843,
    "num_channels": 22458,
    "total_network_capacity": "62391889772",
    "avg_channel_size": 2778158.775135809,
    "min_channel_size": "1100",
    "max_channel_size": "16777216"
}
