{
    "graph_diameter": 0,
    "avg_out_degree": 7.892480674631061,
    "max_out_degree": 969,
    "num_nodes": 2846,
    "num_channels": 22462,
    "total_network_capacity": "62393727870",
    "avg_channel_size": 2777745.8761463803,
    "min_channel_size": "1100",
    "max_channel_size": "16777216"
}
