{
    "graph_diameter": 0,
    "avg_out_degree": 7.884561403508772,
    "max_out_degree": 968,
    "num_nodes": 2850,
    "num_channels": 22471,
    "total_network_capacity": "62471851482",
    "avg_channel_size": 2780109.9854034088,
    "min_channel_size": "1100",
    "max_channel_size": "16777216"
}
