{
    "graph_diameter": 0,
    "avg_out_degree": 7.898698557861414,
    "max_out_degree": 969,
    "num_nodes": 2843,
    "num_channels": 22456,
    "total_network_capacity": "62373812558",
    "avg_channel_size": 2777601.2004809403,
    "min_channel_size": "1100",
    "max_channel_size": "16777216"
}
