{
    "graph_diameter": 0,
    "avg_out_degree": 7.897679324894515,
    "max_out_degree": 969,
    "num_nodes": 2844,
    "num_channels": 22461,
    "total_network_capacity": "62430319622",
    "avg_channel_size": 2779498.6697831796,
    "min_channel_size": "1100",
    "max_channel_size": "16777216"
}
