{
    "graph_diameter": 0,
    "avg_out_degree": 7.878373641780581,
    "max_out_degree": 966,
    "num_nodes": 2853,
    "num_channels": 22477,
    "total_network_capacity": "62356534380",
    "avg_channel_size": 2774237.4151354716,
    "min_channel_size": "1100",
    "max_channel_size": "16777216"
}
