{
    "graph_diameter": 0,
    "avg_out_degree": 7.879775674728356,
    "max_out_degree": 966,
    "num_nodes": 2853,
    "num_channels": 22481,
    "total_network_capacity": "62388484078",
    "avg_channel_size": 2775164.987233664,
    "min_channel_size": "1100",
    "max_channel_size": "16777216"
}
