{
    "graph_diameter": 0,
    "avg_out_degree": 7.881445106980007,
    "max_out_degree": 966,
    "num_nodes": 2851,
    "num_channels": 22470,
    "total_network_capacity": "62307482707",
    "avg_channel_size": 2772918.6785491765,
    "min_channel_size": "1100",
    "max_channel_size": "16777216"
}
