{
    "graph_diameter": 0,
    "avg_out_degree": 7.868457780879274,
    "max_out_degree": 964,
    "num_nodes": 2866,
    "num_channels": 22551,
    "total_network_capacity": "62514508869",
    "avg_channel_size": 2772139.101104164,
    "min_channel_size": "1100",
    "max_channel_size": "16777216"
}
