{
    "graph_diameter": 0,
    "avg_out_degree": 6.953884246363355,
    "max_out_degree": 964,
    "num_nodes": 3231,
    "num_channels": 22468,
    "total_network_capacity": "62495035260",
    "avg_channel_size": 2781513.0523411073,
    "min_channel_size": "1100",
    "max_channel_size": "16777216"
}
