{
    "graph_diameter": 0,
    "avg_out_degree": 7.906019007391763,
    "max_out_degree": 969,
    "num_nodes": 2841,
    "num_channels": 22461,
    "total_network_capacity": "62391186278",
    "avg_channel_size": 2777756.390098393,
    "min_channel_size": "1100",
    "max_channel_size": "16777216"
}
