{
    "graph_diameter": 0,
    "avg_out_degree": 7.900387187609996,
    "max_out_degree": 970,
    "num_nodes": 2841,
    "num_channels": 22445,
    "total_network_capacity": "62294775593",
    "avg_channel_size": 2775441.104611272,
    "min_channel_size": "1100",
    "max_channel_size": "16777216"
}
