{
    "graph_diameter": 0,
    "avg_out_degree": 7.877014716187807,
    "max_out_degree": 966,
    "num_nodes": 2854,
    "num_channels": 22481,
    "total_network_capacity": "62355796970",
    "avg_channel_size": 2773710.999065878,
    "min_channel_size": "1100",
    "max_channel_size": "16777216"
}
