{
    "graph_diameter": 0,
    "avg_out_degree": 7.881754385964912,
    "max_out_degree": 968,
    "num_nodes": 2850,
    "num_channels": 22463,
    "total_network_capacity": "62470492238",
    "avg_channel_size": 2781039.586787161,
    "min_channel_size": "1100",
    "max_channel_size": "16777216"
}
