{
    "graph_diameter": 0,
    "avg_out_degree": 7.9128132721496645,
    "max_out_degree": 970,
    "num_nodes": 2833,
    "num_channels": 22417,
    "total_network_capacity": "62210193004",
    "avg_channel_size": 2775134.6301467638,
    "min_channel_size": "1100",
    "max_channel_size": "16777216"
}
