{
    "graph_diameter": 0,
    "avg_out_degree": 7.903237156931739,
    "max_out_degree": 969,
    "num_nodes": 2842,
    "num_channels": 22461,
    "total_network_capacity": "62392490207",
    "avg_channel_size": 2777814.4431236363,
    "min_channel_size": "1100",
    "max_channel_size": "16777216"
}
