{
    "graph_diameter": 0,
    "avg_out_degree": 7.929607357622922,
    "max_out_degree": 969,
    "num_nodes": 2827,
    "num_channels": 22417,
    "total_network_capacity": "61983742518",
    "avg_channel_size": 2765032.8999420083,
    "min_channel_size": "1100",
    "max_channel_size": "16777216"
}
