{
    "graph_diameter": 0,
    "avg_out_degree": 7.92073602264685,
    "max_out_degree": 968,
    "num_nodes": 2826,
    "num_channels": 22384,
    "total_network_capacity": "62046126759",
    "avg_channel_size": 2771896.2990975697,
    "min_channel_size": "1100",
    "max_channel_size": "16777216"
}
