{
    "graph_diameter": 0,
    "avg_out_degree": 7.9330499468650375,
    "max_out_degree": 968,
    "num_nodes": 2823,
    "num_channels": 22395,
    "total_network_capacity": "61918740093",
    "avg_channel_size": 2764846.6217012727,
    "min_channel_size": "1100",
    "max_channel_size": "16777216"
}
