{
    "graph_diameter": 0,
    "avg_out_degree": 8.066973777462792,
    "max_out_degree": 969,
    "num_nodes": 2822,
    "num_channels": 22765,
    "total_network_capacity": "61874949875",
    "avg_channel_size": 2717985.9378431803,
    "min_channel_size": "1100",
    "max_channel_size": "16777216"
}
