{
    "graph_diameter": 0,
    "avg_out_degree": 8.041814316087882,
    "max_out_degree": 968,
    "num_nodes": 2822,
    "num_channels": 22694,
    "total_network_capacity": "61822374416",
    "avg_channel_size": 2724172.6630827533,
    "min_channel_size": "1100",
    "max_channel_size": "16777216"
}
