{
    "graph_diameter": 0,
    "avg_out_degree": 8.091489361702127,
    "max_out_degree": 970,
    "num_nodes": 2820,
    "num_channels": 22818,
    "total_network_capacity": "61836055285",
    "avg_channel_size": 2709968.2393286,
    "min_channel_size": "1100",
    "max_channel_size": "16777216"
}
