{
    "graph_diameter": 0,
    "avg_out_degree": 7.915074309978769,
    "max_out_degree": 968,
    "num_nodes": 2826,
    "num_channels": 22368,
    "total_network_capacity": "61989096286",
    "avg_channel_size": 2771329.411927754,
    "min_channel_size": "1100",
    "max_channel_size": "16777216"
}
