{
    "graph_diameter": 0,
    "avg_out_degree": 7.933026222537207,
    "max_out_degree": 968,
    "num_nodes": 2822,
    "num_channels": 22387,
    "total_network_capacity": "61880792507",
    "avg_channel_size": 2764139.5679188813,
    "min_channel_size": "1100",
    "max_channel_size": "16777216"
}
