{
    "graph_diameter": 0,
    "avg_out_degree": 8.084427101809153,
    "max_out_degree": 969,
    "num_nodes": 2819,
    "num_channels": 22790,
    "total_network_capacity": "61789686573",
    "avg_channel_size": 2711263.1229925407,
    "min_channel_size": "1100",
    "max_channel_size": "16777216"
}
