{
    "graph_diameter": 0,
    "avg_out_degree": 8.079087994299964,
    "max_out_degree": 966,
    "num_nodes": 2807,
    "num_channels": 22678,
    "total_network_capacity": "61324204271",
    "avg_channel_size": 2704127.536422965,
    "min_channel_size": "1100",
    "max_channel_size": "16777216"
}
