{
    "graph_diameter": 0,
    "avg_out_degree": 8.050673281360737,
    "max_out_degree": 969,
    "num_nodes": 2822,
    "num_channels": 22719,
    "total_network_capacity": "61855689207",
    "avg_channel_size": 2722641.3665654296,
    "min_channel_size": "1100",
    "max_channel_size": "16777216"
}
