{
    "graph_diameter": 0,
    "avg_out_degree": 7.912628227803325,
    "max_out_degree": 968,
    "num_nodes": 2827,
    "num_channels": 22369,
    "total_network_capacity": "61985556286",
    "avg_channel_size": 2771047.2656801823,
    "min_channel_size": "1100",
    "max_channel_size": "16777216"
}
