{
    "graph_diameter": 0,
    "avg_out_degree": 8.084842030528932,
    "max_out_degree": 969,
    "num_nodes": 2817,
    "num_channels": 22775,
    "total_network_capacity": "61769461780",
    "avg_channel_size": 2712160.7806805708,
    "min_channel_size": "1100",
    "max_channel_size": "16777216"
}
