{
    "graph_diameter": 0,
    "avg_out_degree": 8.087943262411347,
    "max_out_degree": 969,
    "num_nodes": 2820,
    "num_channels": 22808,
    "total_network_capacity": "61827615285",
    "avg_channel_size": 2710786.3593914416,
    "min_channel_size": "1100",
    "max_channel_size": "16777216"
}
