{
    "graph_diameter": 0,
    "avg_out_degree": 7.932671863926293,
    "max_out_degree": 968,
    "num_nodes": 2822,
    "num_channels": 22386,
    "total_network_capacity": "61878693057",
    "avg_channel_size": 2764169.260117931,
    "min_channel_size": "1100",
    "max_channel_size": "16777216"
}
