{
    "graph_diameter": 0,
    "avg_out_degree": 8.085318165659439,
    "max_out_degree": 967,
    "num_nodes": 2813,
    "num_channels": 22744,
    "total_network_capacity": "61614452377",
    "avg_channel_size": 2709042.0496394653,
    "min_channel_size": "1100",
    "max_channel_size": "16777216"
}
