{
    "graph_diameter": 0,
    "avg_out_degree": 8.089779985805535,
    "max_out_degree": 969,
    "num_nodes": 2818,
    "num_channels": 22797,
    "total_network_capacity": "61809390391",
    "avg_channel_size": 2711294.9243760146,
    "min_channel_size": "1100",
    "max_channel_size": "16777216"
}
