{
    "graph_diameter": 0,
    "avg_out_degree": 7.9200283085633405,
    "max_out_degree": 968,
    "num_nodes": 2826,
    "num_channels": 22382,
    "total_network_capacity": "62044126759",
    "avg_channel_size": 2772054.6313555534,
    "min_channel_size": "1100",
    "max_channel_size": "16777216"
}
