{
    "graph_diameter": 0,
    "avg_out_degree": 8.091843971631207,
    "max_out_degree": 970,
    "num_nodes": 2820,
    "num_channels": 22819,
    "total_network_capacity": "61841215347",
    "avg_channel_size": 2710075.6101056137,
    "min_channel_size": "1100",
    "max_channel_size": "16777216"
}
