{
    "graph_diameter": 0,
    "avg_out_degree": 7.929203539823009,
    "max_out_degree": 969,
    "num_nodes": 2825,
    "num_channels": 22400,
    "total_network_capacity": "61951772224",
    "avg_channel_size": 2765704.117142857,
    "min_channel_size": "1100",
    "max_channel_size": "16777216"
}
