{
    "graph_diameter": 0,
    "avg_out_degree": 8.087188612099645,
    "max_out_degree": 966,
    "num_nodes": 2810,
    "num_channels": 22725,
    "total_network_capacity": "61575776534",
    "avg_channel_size": 2709605.128008801,
    "min_channel_size": "1100",
    "max_channel_size": "16777216"
}
