{
    "graph_diameter": 0,
    "avg_out_degree": 7.927105449398443,
    "max_out_degree": 969,
    "num_nodes": 2826,
    "num_channels": 22402,
    "total_network_capacity": "61963005659",
    "avg_channel_size": 2765958.6491831085,
    "min_channel_size": "1100",
    "max_channel_size": "16777216"
}
