{
    "graph_diameter": 0,
    "avg_out_degree": 7.931205673758865,
    "max_out_degree": 968,
    "num_nodes": 2820,
    "num_channels": 22366,
    "total_network_capacity": "61738670510",
    "avg_channel_size": 2760380.511043548,
    "min_channel_size": "1100",
    "max_channel_size": "16777216"
}
