{
    "graph_diameter": 0,
    "avg_out_degree": 8.088235294117647,
    "max_out_degree": 970,
    "num_nodes": 2822,
    "num_channels": 22825,
    "total_network_capacity": "61890109415",
    "avg_channel_size": 2711505.3412924423,
    "min_channel_size": "1100",
    "max_channel_size": "16777216"
}
