{
    "graph_diameter": 0,
    "avg_out_degree": 8.091778880226789,
    "max_out_degree": 970,
    "num_nodes": 2822,
    "num_channels": 22835,
    "total_network_capacity": "61884493729",
    "avg_channel_size": 2710071.9828771623,
    "min_channel_size": "1100",
    "max_channel_size": "16777216"
}
