{
    "graph_diameter": 0,
    "avg_out_degree": 7.930973451327434,
    "max_out_degree": 969,
    "num_nodes": 2825,
    "num_channels": 22405,
    "total_network_capacity": "61971722224",
    "avg_channel_size": 2765977.336487391,
    "min_channel_size": "1100",
    "max_channel_size": "16777216"
}
