{
    "graph_diameter": 0,
    "avg_out_degree": 7.912981959674567,
    "max_out_degree": 968,
    "num_nodes": 2827,
    "num_channels": 22370,
    "total_network_capacity": "61987556286",
    "avg_channel_size": 2771012.797764864,
    "min_channel_size": "1100",
    "max_channel_size": "16777216"
}
