{
    "graph_diameter": 0,
    "avg_out_degree": 7.930924548352817,
    "max_out_degree": 969,
    "num_nodes": 2823,
    "num_channels": 22389,
    "total_network_capacity": "61935822224",
    "avg_channel_size": 2766350.5392826833,
    "min_channel_size": "1100",
    "max_channel_size": "16777216"
}
