{
    "graph_diameter": 0,
    "avg_out_degree": 8.089070262597588,
    "max_out_degree": 969,
    "num_nodes": 2818,
    "num_channels": 22795,
    "total_network_capacity": "61802540391",
    "avg_channel_size": 2711232.304935293,
    "min_channel_size": "1100",
    "max_channel_size": "16777216"
}
