{
    "graph_diameter": 0,
    "avg_out_degree": 7.934420418291386,
    "max_out_degree": 968,
    "num_nodes": 2821,
    "num_channels": 22383,
    "total_network_capacity": "61832370510",
    "avg_channel_size": 2762470.2010454363,
    "min_channel_size": "1100",
    "max_channel_size": "16777216"
}
