{
    "graph_diameter": 0,
    "avg_out_degree": 7.930851063829787,
    "max_out_degree": 968,
    "num_nodes": 2820,
    "num_channels": 22365,
    "total_network_capacity": "61739387308",
    "avg_channel_size": 2760535.9851553766,
    "min_channel_size": "1100",
    "max_channel_size": "16777216"
}
