{
    "graph_diameter": 0,
    "avg_out_degree": 8.07968694414799,
    "max_out_degree": 967,
    "num_nodes": 2811,
    "num_channels": 22712,
    "total_network_capacity": "61441544641",
    "avg_channel_size": 2705245.889441705,
    "min_channel_size": "1100",
    "max_channel_size": "16777216"
}
