{
    "graph_diameter": 0,
    "avg_out_degree": 8.07951721689741,
    "max_out_degree": 969,
    "num_nodes": 2817,
    "num_channels": 22760,
    "total_network_capacity": "61708149839",
    "avg_channel_size": 2711254.386599297,
    "min_channel_size": "1100",
    "max_channel_size": "16777216"
}
