{
    "graph_diameter": 0,
    "avg_out_degree": 8.086586231369767,
    "max_out_degree": 969,
    "num_nodes": 2818,
    "num_channels": 22788,
    "total_network_capacity": "61793345235",
    "avg_channel_size": 2711661.630463402,
    "min_channel_size": "1100",
    "max_channel_size": "16777216"
}
