{
    "graph_diameter": 0,
    "avg_out_degree": 7.930191353649894,
    "max_out_degree": 968,
    "num_nodes": 2822,
    "num_channels": 22379,
    "total_network_capacity": "61909709863",
    "avg_channel_size": 2766419.8517806875,
    "min_channel_size": "1100",
    "max_channel_size": "16777216"
}
