{
    "graph_diameter": 0,
    "avg_out_degree": 7.933734939759036,
    "max_out_degree": 968,
    "num_nodes": 2822,
    "num_channels": 22389,
    "total_network_capacity": "61937975224",
    "avg_channel_size": 2766446.7025771583,
    "min_channel_size": "1100",
    "max_channel_size": "16777216"
}
