{
    "graph_diameter": 0,
    "avg_out_degree": 8.061658398299079,
    "max_out_degree": 969,
    "num_nodes": 2822,
    "num_channels": 22750,
    "total_network_capacity": "61872749875",
    "avg_channel_size": 2719681.313186813,
    "min_channel_size": "1100",
    "max_channel_size": "16777216"
}
