{
    "graph_diameter": 0,
    "avg_out_degree": 7.926950354609929,
    "max_out_degree": 968,
    "num_nodes": 2820,
    "num_channels": 22354,
    "total_network_capacity": "61733764865",
    "avg_channel_size": 2761642.8766663685,
    "min_channel_size": "1100",
    "max_channel_size": "16777216"
}
