{
    "graph_diameter": 0,
    "avg_out_degree": 8.086476868327402,
    "max_out_degree": 966,
    "num_nodes": 2810,
    "num_channels": 22723,
    "total_network_capacity": "61576857161",
    "avg_channel_size": 2709891.1746248296,
    "min_channel_size": "1100",
    "max_channel_size": "16777216"
}
