{
    "graph_diameter": 0,
    "avg_out_degree": 7.933380581148122,
    "max_out_degree": 968,
    "num_nodes": 2822,
    "num_channels": 22388,
    "total_network_capacity": "61937425224",
    "avg_channel_size": 2766545.704127211,
    "min_channel_size": "1100",
    "max_channel_size": "16777216"
}
