{
    "graph_diameter": 0,
    "avg_out_degree": 7.920978029766124,
    "max_out_degree": 968,
    "num_nodes": 2822,
    "num_channels": 22353,
    "total_network_capacity": "61739966298",
    "avg_channel_size": 2762043.8553214334,
    "min_channel_size": "1100",
    "max_channel_size": "16777216"
}
