{
    "graph_diameter": 0,
    "avg_out_degree": 8.09181141439206,
    "max_out_degree": 970,
    "num_nodes": 2821,
    "num_channels": 22827,
    "total_network_capacity": "61847143132",
    "avg_channel_size": 2709385.514171814,
    "min_channel_size": "1100",
    "max_channel_size": "16777216"
}
