{
    "graph_diameter": 0,
    "avg_out_degree": 8.083096590909092,
    "max_out_degree": 969,
    "num_nodes": 2816,
    "num_channels": 22762,
    "total_network_capacity": "61703123528",
    "avg_channel_size": 2710795.3399525527,
    "min_channel_size": "1100",
    "max_channel_size": "16777216"
}
