{
    "graph_diameter": 0,
    "avg_out_degree": 8.081292154774584,
    "max_out_degree": 969,
    "num_nodes": 2817,
    "num_channels": 22765,
    "total_network_capacity": "61736429839",
    "avg_channel_size": 2711901.1569953877,
    "min_channel_size": "1100",
    "max_channel_size": "16777216"
}
