{
    "graph_diameter": 0,
    "avg_out_degree": 7.93408929836995,
    "max_out_degree": 968,
    "num_nodes": 2822,
    "num_channels": 22390,
    "total_network_capacity": "61882552392",
    "avg_channel_size": 2763847.8066994194,
    "min_channel_size": "1100",
    "max_channel_size": "16777216"
}
