{
    "graph_diameter": 0,
    "avg_out_degree": 7.932341480694297,
    "max_out_degree": 968,
    "num_nodes": 2823,
    "num_channels": 22393,
    "total_network_capacity": "61885453057",
    "avg_channel_size": 2763607.0672531594,
    "min_channel_size": "1100",
    "max_channel_size": "16777216"
}
