{
    "graph_diameter": 0,
    "avg_out_degree": 7.924167257264352,
    "max_out_degree": 968,
    "num_nodes": 2822,
    "num_channels": 22362,
    "total_network_capacity": "61794679136",
    "avg_channel_size": 2763378.907790001,
    "min_channel_size": "1100",
    "max_channel_size": "16777216"
}
