{
    "graph_diameter": 0,
    "avg_out_degree": 8.084251688588695,
    "max_out_degree": 967,
    "num_nodes": 2813,
    "num_channels": 22741,
    "total_network_capacity": "61606187351",
    "avg_channel_size": 2709035.985708632,
    "min_channel_size": "1100",
    "max_channel_size": "16777216"
}
