{
    "graph_diameter": 0,
    "avg_out_degree": 7.9283433841787865,
    "max_out_degree": 968,
    "num_nodes": 2819,
    "num_channels": 22350,
    "total_network_capacity": "61710814665",
    "avg_channel_size": 2761110.275838926,
    "min_channel_size": "1100",
    "max_channel_size": "16777216"
}
