{
    "graph_diameter": 0,
    "avg_out_degree": 8.085734614016364,
    "max_out_degree": 967,
    "num_nodes": 2811,
    "num_channels": 22729,
    "total_network_capacity": "61569407161",
    "avg_channel_size": 2708848.04263276,
    "min_channel_size": "1100",
    "max_channel_size": "16777216"
}
