{
    "graph_diameter": 0,
    "avg_out_degree": 8.083392476933996,
    "max_out_degree": 969,
    "num_nodes": 2818,
    "num_channels": 22779,
    "total_network_capacity": "61774793035",
    "avg_channel_size": 2711918.5668817773,
    "min_channel_size": "1100",
    "max_channel_size": "16777216"
}
