{
    "graph_diameter": 0,
    "avg_out_degree": 8.086879432624114,
    "max_out_degree": 969,
    "num_nodes": 2820,
    "num_channels": 22805,
    "total_network_capacity": "61818465285",
    "avg_channel_size": 2710741.735803552,
    "min_channel_size": "1100",
    "max_channel_size": "16777216"
}
