{
    "graph_diameter": 0,
    "avg_out_degree": 8.078619708288866,
    "max_out_degree": 967,
    "num_nodes": 2811,
    "num_channels": 22709,
    "total_network_capacity": "61417991323",
    "avg_channel_size": 2704566.0893478356,
    "min_channel_size": "1100",
    "max_channel_size": "16777216"
}
