{
    "graph_diameter": 0,
    "avg_out_degree": 8.062721474131822,
    "max_out_degree": 969,
    "num_nodes": 2822,
    "num_channels": 22753,
    "total_network_capacity": "61873049875",
    "avg_channel_size": 2719335.90625412,
    "min_channel_size": "1100",
    "max_channel_size": "16777216"
}
