{
    "graph_diameter": 0,
    "avg_out_degree": 7.921443736730361,
    "max_out_degree": 968,
    "num_nodes": 2826,
    "num_channels": 22386,
    "total_network_capacity": "62054531759",
    "avg_channel_size": 2772024.111453587,
    "min_channel_size": "1100",
    "max_channel_size": "16777216"
}
