{
    "graph_diameter": 0,
    "avg_out_degree": 8.087900355871886,
    "max_out_degree": 967,
    "num_nodes": 2810,
    "num_channels": 22727,
    "total_network_capacity": "61576211534",
    "avg_channel_size": 2709385.8201258415,
    "min_channel_size": "1100",
    "max_channel_size": "16777216"
}
