{
    "graph_diameter": 0,
    "avg_out_degree": 7.931327433628319,
    "max_out_degree": 969,
    "num_nodes": 2825,
    "num_channels": 22406,
    "total_network_capacity": "61972222224",
    "avg_channel_size": 2765876.203873962,
    "min_channel_size": "1100",
    "max_channel_size": "16777216"
}
