{
    "graph_diameter": 0,
    "avg_out_degree": 7.933711449840482,
    "max_out_degree": 968,
    "num_nodes": 2821,
    "num_channels": 22381,
    "total_network_capacity": "61822370510",
    "avg_channel_size": 2762270.251999464,
    "min_channel_size": "1100",
    "max_channel_size": "16777216"
}
