{
    "graph_diameter": 0,
    "avg_out_degree": 8.07982893799002,
    "max_out_degree": 965,
    "num_nodes": 2806,
    "num_channels": 22672,
    "total_network_capacity": "61312641963",
    "avg_channel_size": 2704333.1846771347,
    "min_channel_size": "1100",
    "max_channel_size": "16777216"
}
