{
    "graph_diameter": 0,
    "avg_out_degree": 8.076840981856991,
    "max_out_degree": 967,
    "num_nodes": 2811,
    "num_channels": 22704,
    "total_network_capacity": "61395198442",
    "avg_channel_size": 2704157.7890239605,
    "min_channel_size": "1100",
    "max_channel_size": "16777216"
}
