{
    "graph_diameter": 0,
    "avg_out_degree": 7.932695713779667,
    "max_out_degree": 968,
    "num_nodes": 2823,
    "num_channels": 22394,
    "total_network_capacity": "61885523057",
    "avg_channel_size": 2763486.784719121,
    "min_channel_size": "1100",
    "max_channel_size": "16777216"
}
