{
    "graph_diameter": 0,
    "avg_out_degree": 8.080937167199147,
    "max_out_degree": 969,
    "num_nodes": 2817,
    "num_channels": 22764,
    "total_network_capacity": "61704447640",
    "avg_channel_size": 2710615.341767703,
    "min_channel_size": "1100",
    "max_channel_size": "16777216"
}
