{
    "graph_diameter": 0,
    "avg_out_degree": 8.09425939050319,
    "max_out_degree": 970,
    "num_nodes": 2822,
    "num_channels": 22842,
    "total_network_capacity": "61897138165",
    "avg_channel_size": 2709795.0339287277,
    "min_channel_size": "1100",
    "max_channel_size": "16777216"
}
