{
    "graph_diameter": 0,
    "avg_out_degree": 8.085876508161817,
    "max_out_degree": 969,
    "num_nodes": 2818,
    "num_channels": 22786,
    "total_network_capacity": "61788045235",
    "avg_channel_size": 2711667.042701659,
    "min_channel_size": "1100",
    "max_channel_size": "16777216"
}
