{
    "graph_diameter": 0,
    "avg_out_degree": 8.08466737815724,
    "max_out_degree": 967,
    "num_nodes": 2811,
    "num_channels": 22726,
    "total_network_capacity": "61541317161",
    "avg_channel_size": 2707969.601381677,
    "min_channel_size": "1100",
    "max_channel_size": "16777216"
}
