{
    "graph_diameter": 0,
    "avg_out_degree": 8.09113475177305,
    "max_out_degree": 970,
    "num_nodes": 2820,
    "num_channels": 22817,
    "total_network_capacity": "61834155285",
    "avg_channel_size": 2710003.737783232,
    "min_channel_size": "1100",
    "max_channel_size": "16777216"
}
