{
    "graph_diameter": 0,
    "avg_out_degree": 7.919349133356915,
    "max_out_degree": 968,
    "num_nodes": 2827,
    "num_channels": 22388,
    "total_network_capacity": "62053108881",
    "avg_channel_size": 2771712.9212524565,
    "min_channel_size": "1100",
    "max_channel_size": "16777216"
}
