{
    "graph_diameter": 0,
    "avg_out_degree": 8.07755247242974,
    "max_out_degree": 967,
    "num_nodes": 2811,
    "num_channels": 22706,
    "total_network_capacity": "61413975657",
    "avg_channel_size": 2704746.5716991103,
    "min_channel_size": "1100",
    "max_channel_size": "16777216"
}
