{
    "graph_diameter": 0,
    "avg_out_degree": 7.928495575221239,
    "max_out_degree": 969,
    "num_nodes": 2825,
    "num_channels": 22398,
    "total_network_capacity": "61944472224",
    "avg_channel_size": 2765625.155103134,
    "min_channel_size": "1100",
    "max_channel_size": "16777216"
}
