{
    "graph_diameter": 0,
    "avg_out_degree": 8.086029150373268,
    "max_out_degree": 967,
    "num_nodes": 2813,
    "num_channels": 22746,
    "total_network_capacity": "61627813477",
    "avg_channel_size": 2709391.2545942143,
    "min_channel_size": "1100",
    "max_channel_size": "16777216"
}
