{
    "graph_diameter": 0,
    "avg_out_degree": 8.080582179623713,
    "max_out_degree": 969,
    "num_nodes": 2817,
    "num_channels": 22763,
    "total_network_capacity": "61704347640",
    "avg_channel_size": 2710730.0285551115,
    "min_channel_size": "1100",
    "max_channel_size": "16777216"
}
