{
    "graph_diameter": 0,
    "avg_out_degree": 8.061304039688164,
    "max_out_degree": 969,
    "num_nodes": 2822,
    "num_channels": 22749,
    "total_network_capacity": "61860734827",
    "avg_channel_size": 2719272.7076794584,
    "min_channel_size": "1100",
    "max_channel_size": "16777216"
}
