{
    "graph_diameter": 0,
    "avg_out_degree": 8.093905031892275,
    "max_out_degree": 970,
    "num_nodes": 2822,
    "num_channels": 22841,
    "total_network_capacity": "61895638165",
    "avg_channel_size": 2709847.9998686574,
    "min_channel_size": "1100",
    "max_channel_size": "16777216"
}
