{
    "graph_diameter": 0,
    "avg_out_degree": 7.9403178722024,
    "max_out_degree": 963,
    "num_nodes": 3083,
    "num_channels": 24480,
    "total_network_capacity": "65534197727",
    "avg_channel_size": 2677050.560743464,
    "min_channel_size": "1100",
    "max_channel_size": "16777216"
}
