{
    "graph_diameter": 0,
    "avg_out_degree": 7.9453125,
    "max_out_degree": 968,
    "num_nodes": 3072,
    "num_channels": 24408,
    "total_network_capacity": "65397218460",
    "avg_channel_size": 2679335.400688299,
    "min_channel_size": "1100",
    "max_channel_size": "16777216"
}
