{
    "graph_diameter": 0,
    "avg_out_degree": 7.938027255029202,
    "max_out_degree": 963,
    "num_nodes": 3082,
    "num_channels": 24465,
    "total_network_capacity": "65538910773",
    "avg_channel_size": 2678884.5605150214,
    "min_channel_size": "1100",
    "max_channel_size": "16777216"
}
