{
    "graph_diameter": 0,
    "avg_out_degree": 7.963083959490363,
    "max_out_degree": 966,
    "num_nodes": 3061,
    "num_channels": 24375,
    "total_network_capacity": "65405339323",
    "avg_channel_size": 2683295.972225641,
    "min_channel_size": "1100",
    "max_channel_size": "16777216"
}
