{
    "graph_diameter": 0,
    "avg_out_degree": 7.938471502590674,
    "max_out_degree": 960,
    "num_nodes": 3088,
    "num_channels": 24514,
    "total_network_capacity": "65937104992",
    "avg_channel_size": 2689773.394468467,
    "min_channel_size": "1100",
    "max_channel_size": "16777216"
}
