{
    "graph_diameter": 0,
    "avg_out_degree": 7.957384515289525,
    "max_out_degree": 969,
    "num_nodes": 3074,
    "num_channels": 24461,
    "total_network_capacity": "65460894982",
    "avg_channel_size": 2676133.2317566737,
    "min_channel_size": "1100",
    "max_channel_size": "16777216"
}
