{
    "graph_diameter": 0,
    "avg_out_degree": 7.965348152991173,
    "max_out_degree": 964,
    "num_nodes": 3059,
    "num_channels": 24366,
    "total_network_capacity": "65360823995",
    "avg_channel_size": 2682460.149183288,
    "min_channel_size": "1100",
    "max_channel_size": "16777216"
}
