{
    "graph_diameter": 0,
    "avg_out_degree": 7.965089722675367,
    "max_out_degree": 966,
    "num_nodes": 3065,
    "num_channels": 24413,
    "total_network_capacity": "65404247520",
    "avg_channel_size": 2679074.571744562,
    "min_channel_size": "1100",
    "max_channel_size": "16777216"
}
