{
    "graph_diameter": 0,
    "avg_out_degree": 7.959986987638256,
    "max_out_degree": 970,
    "num_nodes": 3074,
    "num_channels": 24469,
    "total_network_capacity": "65498551397",
    "avg_channel_size": 2676797.22902448,
    "min_channel_size": "1100",
    "max_channel_size": "16777216"
}
