{
    "graph_diameter": 0,
    "avg_out_degree": 7.9713728041639555,
    "max_out_degree": 970,
    "num_nodes": 3074,
    "num_channels": 24504,
    "total_network_capacity": "65634971337",
    "avg_channel_size": 2678541.1090842313,
    "min_channel_size": "1100",
    "max_channel_size": "16777216"
}
