{
    "graph_diameter": 0,
    "avg_out_degree": 7.932922877511341,
    "max_out_degree": 962,
    "num_nodes": 3086,
    "num_channels": 24481,
    "total_network_capacity": "65628824011",
    "avg_channel_size": 2680806.5034516566,
    "min_channel_size": "1100",
    "max_channel_size": "16777216"
}
