{
    "graph_diameter": 0,
    "avg_out_degree": 7.965225869353266,
    "max_out_degree": 970,
    "num_nodes": 3077,
    "num_channels": 24509,
    "total_network_capacity": "65633374004",
    "avg_channel_size": 2677929.495450651,
    "min_channel_size": "1100",
    "max_channel_size": "16777216"
}
