{
    "graph_diameter": 0,
    "avg_out_degree": 7.968770331815224,
    "max_out_degree": 970,
    "num_nodes": 3074,
    "num_channels": 24496,
    "total_network_capacity": "65610515122",
    "avg_channel_size": 2678417.501714566,
    "min_channel_size": "1100",
    "max_channel_size": "16777216"
}
