{
    "graph_diameter": 0,
    "avg_out_degree": 7.939403758911212,
    "max_out_degree": 960,
    "num_nodes": 3086,
    "num_channels": 24501,
    "total_network_capacity": "65840429426",
    "avg_channel_size": 2687254.7824986735,
    "min_channel_size": "1100",
    "max_channel_size": "16777216"
}
