{
    "graph_diameter": 0,
    "avg_out_degree": 7.955151121221969,
    "max_out_degree": 967,
    "num_nodes": 3077,
    "num_channels": 24478,
    "total_network_capacity": "65576379265",
    "avg_channel_size": 2678992.5347250593,
    "min_channel_size": "1100",
    "max_channel_size": "16777216"
}
