{
    "graph_diameter": 0,
    "avg_out_degree": 7.938107582631238,
    "max_out_degree": 961,
    "num_nodes": 3086,
    "num_channels": 24497,
    "total_network_capacity": "65838408600",
    "avg_channel_size": 2687611.0789076216,
    "min_channel_size": "1100",
    "max_channel_size": "16777216"
}
