{
    "graph_diameter": 0,
    "avg_out_degree": 7.942132639791938,
    "max_out_degree": 968,
    "num_nodes": 3076,
    "num_channels": 24430,
    "total_network_capacity": "65462937981",
    "avg_channel_size": 2679612.6885386817,
    "min_channel_size": "1100",
    "max_channel_size": "16777216"
}
