{
    "graph_diameter": 0,
    "avg_out_degree": 7.948684637869438,
    "max_out_degree": 963,
    "num_nodes": 3079,
    "num_channels": 24474,
    "total_network_capacity": "65528701303",
    "avg_channel_size": 2677482.2792759663,
    "min_channel_size": "1100",
    "max_channel_size": "16777216"
}
