{
    "graph_diameter": 0,
    "avg_out_degree": 7.945779220779221,
    "max_out_degree": 964,
    "num_nodes": 3080,
    "num_channels": 24473,
    "total_network_capacity": "65538902892",
    "avg_channel_size": 2678008.535610673,
    "min_channel_size": "1100",
    "max_channel_size": "16777216"
}
