{
    "graph_diameter": 0,
    "avg_out_degree": 7.93804735647097,
    "max_out_degree": 963,
    "num_nodes": 3083,
    "num_channels": 24473,
    "total_network_capacity": "65601020573",
    "avg_channel_size": 2680546.748375761,
    "min_channel_size": "1100",
    "max_channel_size": "16777216"
}
