{
    "graph_diameter": 0,
    "avg_out_degree": 7.963925901852454,
    "max_out_degree": 969,
    "num_nodes": 3077,
    "num_channels": 24505,
    "total_network_capacity": "65630974847",
    "avg_channel_size": 2678268.7144256276,
    "min_channel_size": "1100",
    "max_channel_size": "16777216"
}
