{
    "graph_diameter": 0,
    "avg_out_degree": 7.949086161879896,
    "max_out_degree": 967,
    "num_nodes": 3064,
    "num_channels": 24356,
    "total_network_capacity": "65303135497",
    "avg_channel_size": 2681192.950279192,
    "min_channel_size": "1100",
    "max_channel_size": "16777216"
}
