{
    "graph_diameter": 0,
    "avg_out_degree": 7.943703221607549,
    "max_out_degree": 968,
    "num_nodes": 3073,
    "num_channels": 24411,
    "total_network_capacity": "65399403692",
    "avg_channel_size": 2679095.6409815247,
    "min_channel_size": "1100",
    "max_channel_size": "16777216"
}
