{
    "graph_diameter": 0,
    "avg_out_degree": 7.977124183006536,
    "max_out_degree": 966,
    "num_nodes": 3060,
    "num_channels": 24410,
    "total_network_capacity": "65486656339",
    "avg_channel_size": 2682779.8582138466,
    "min_channel_size": "1100",
    "max_channel_size": "16777216"
}
