{
    "graph_diameter": 0,
    "avg_out_degree": 7.947317073170732,
    "max_out_degree": 969,
    "num_nodes": 3075,
    "num_channels": 24438,
    "total_network_capacity": "65451962306",
    "avg_channel_size": 2678286.369833865,
    "min_channel_size": "1100",
    "max_channel_size": "16777216"
}
