{
    "graph_diameter": 0,
    "avg_out_degree": 7.966840052015605,
    "max_out_degree": 970,
    "num_nodes": 3076,
    "num_channels": 24506,
    "total_network_capacity": "65632180104",
    "avg_channel_size": 2678208.606218885,
    "min_channel_size": "1100",
    "max_channel_size": "16777216"
}
