{
    "graph_diameter": 0,
    "avg_out_degree": 7.961938841899805,
    "max_out_degree": 970,
    "num_nodes": 3074,
    "num_channels": 24475,
    "total_network_capacity": "65492965122",
    "avg_channel_size": 2675912.773115424,
    "min_channel_size": "1100",
    "max_channel_size": "16777216"
}
