{
    "graph_diameter": 0,
    "avg_out_degree": 7.949626259343517,
    "max_out_degree": 965,
    "num_nodes": 3077,
    "num_channels": 24461,
    "total_network_capacity": "65526719164",
    "avg_channel_size": 2678824.216671436,
    "min_channel_size": "1100",
    "max_channel_size": "16777216"
}
