{
    "graph_diameter": 0,
    "avg_out_degree": 7.945796819214541,
    "max_out_degree": 964,
    "num_nodes": 3081,
    "num_channels": 24481,
    "total_network_capacity": "65616317324",
    "avg_channel_size": 2680295.6302438625,
    "min_channel_size": "1100",
    "max_channel_size": "16777216"
}
