{
    "graph_diameter": 0,
    "avg_out_degree": 7.968455284552846,
    "max_out_degree": 970,
    "num_nodes": 3075,
    "num_channels": 24503,
    "total_network_capacity": "65632868820",
    "avg_channel_size": 2678564.6173937884,
    "min_channel_size": "1100",
    "max_channel_size": "16777216"
}
