{
    "graph_diameter": 0,
    "avg_out_degree": 7.996075866579464,
    "max_out_degree": 966,
    "num_nodes": 3058,
    "num_channels": 24452,
    "total_network_capacity": "65559835496",
    "avg_channel_size": 2681164.546703746,
    "min_channel_size": "1100",
    "max_channel_size": "16777216"
}
