{
    "graph_diameter": 0,
    "avg_out_degree": 7.947282785551578,
    "max_out_degree": 969,
    "num_nodes": 3073,
    "num_channels": 24422,
    "total_network_capacity": "65440974578",
    "avg_channel_size": 2679591.130046679,
    "min_channel_size": "1100",
    "max_channel_size": "16777216"
}
