{
    "graph_diameter": 0,
    "avg_out_degree": 7.947522816166884,
    "max_out_degree": 968,
    "num_nodes": 3068,
    "num_channels": 24383,
    "total_network_capacity": "65364743240",
    "avg_channel_size": 2680750.655784768,
    "min_channel_size": "1100",
    "max_channel_size": "16777216"
}
