{
    "graph_diameter": 0,
    "avg_out_degree": 7.932296728215095,
    "max_out_degree": 961,
    "num_nodes": 3087,
    "num_channels": 24487,
    "total_network_capacity": "65648228891",
    "avg_channel_size": 2680942.0872707968,
    "min_channel_size": "1100",
    "max_channel_size": "16777216"
}
