{
    "graph_diameter": 0,
    "avg_out_degree": 7.940182054616385,
    "max_out_degree": 968,
    "num_nodes": 3076,
    "num_channels": 24424,
    "total_network_capacity": "65458550603",
    "avg_channel_size": 2680091.3283245987,
    "min_channel_size": "1100",
    "max_channel_size": "16777216"
}
