{
    "graph_diameter": 0,
    "avg_out_degree": 7.96133853151397,
    "max_out_degree": 969,
    "num_nodes": 3078,
    "num_channels": 24505,
    "total_network_capacity": "65636624434",
    "avg_channel_size": 2678499.2627627016,
    "min_channel_size": "1100",
    "max_channel_size": "16777216"
}
