{
    "graph_diameter": 0,
    "avg_out_degree": 7.949738903394256,
    "max_out_degree": 967,
    "num_nodes": 3064,
    "num_channels": 24358,
    "total_network_capacity": "65307800443",
    "avg_channel_size": 2681164.3173905904,
    "min_channel_size": "1100",
    "max_channel_size": "16777216"
}
