{
    "graph_diameter": 0,
    "avg_out_degree": 7.943340931292738,
    "max_out_degree": 968,
    "num_nodes": 3071,
    "num_channels": 24394,
    "total_network_capacity": "65385057695",
    "avg_channel_size": 2680374.5878084777,
    "min_channel_size": "1100",
    "max_channel_size": "16777216"
}
