{
    "graph_diameter": 0,
    "avg_out_degree": 7.946701332466688,
    "max_out_degree": 969,
    "num_nodes": 3077,
    "num_channels": 24452,
    "total_network_capacity": "65467291792",
    "avg_channel_size": 2677379.8377228854,
    "min_channel_size": "1100",
    "max_channel_size": "16777216"
}
