{
    "graph_diameter": 0,
    "avg_out_degree": 7.970396877033181,
    "max_out_degree": 970,
    "num_nodes": 3074,
    "num_channels": 24501,
    "total_network_capacity": "65611515122",
    "avg_channel_size": 2677911.722868454,
    "min_channel_size": "1100",
    "max_channel_size": "16777216"
}
