{
    "graph_diameter": 0,
    "avg_out_degree": 7.966666666666667,
    "max_out_degree": 964,
    "num_nodes": 3060,
    "num_channels": 24378,
    "total_network_capacity": "65380839022",
    "avg_channel_size": 2681960.744195586,
    "min_channel_size": "1100",
    "max_channel_size": "16777216"
}
