{
    "graph_diameter": 0,
    "avg_out_degree": 7.939747327502429,
    "max_out_degree": 960,
    "num_nodes": 3087,
    "num_channels": 24510,
    "total_network_capacity": "65935641736",
    "avg_channel_size": 2690152.661607507,
    "min_channel_size": "1100",
    "max_channel_size": "16777216"
}
