{
    "graph_diameter": 0,
    "avg_out_degree": 7.954131424853611,
    "max_out_degree": 969,
    "num_nodes": 3074,
    "num_channels": 24451,
    "total_network_capacity": "65471543982",
    "avg_channel_size": 2677663.244120895,
    "min_channel_size": "1100",
    "max_channel_size": "16777216"
}
