{
    "graph_diameter": 0,
    "avg_out_degree": 7.932598833441348,
    "max_out_degree": 962,
    "num_nodes": 3086,
    "num_channels": 24480,
    "total_network_capacity": "65628324011",
    "avg_channel_size": 2680895.5886846404,
    "min_channel_size": "1100",
    "max_channel_size": "16777216"
}
