{
    "graph_diameter": 0,
    "avg_out_degree": 7.937702790395847,
    "max_out_degree": 963,
    "num_nodes": 3082,
    "num_channels": 24464,
    "total_network_capacity": "65537869747",
    "avg_channel_size": 2678951.510259974,
    "min_channel_size": "1100",
    "max_channel_size": "16777216"
}
