{
    "graph_diameter": 0,
    "avg_out_degree": 7.9638671875,
    "max_out_degree": 970,
    "num_nodes": 3072,
    "num_channels": 24465,
    "total_network_capacity": "65486218795",
    "avg_channel_size": 2676730.790721439,
    "min_channel_size": "1100",
    "max_channel_size": "16777216"
}
