{
    "graph_diameter": 0,
    "avg_out_degree": 7.959389213775179,
    "max_out_degree": 968,
    "num_nodes": 3078,
    "num_channels": 24499,
    "total_network_capacity": "65628102606",
    "avg_channel_size": 2678807.40462876,
    "min_channel_size": "1100",
    "max_channel_size": "16777216"
}
