{
    "graph_diameter": 0,
    "avg_out_degree": 7.945602605863193,
    "max_out_degree": 968,
    "num_nodes": 3070,
    "num_channels": 24393,
    "total_network_capacity": "65383757695",
    "avg_channel_size": 2680431.176772025,
    "min_channel_size": "1100",
    "max_channel_size": "16777216"
}
