{
    "graph_diameter": 0,
    "avg_out_degree": 7.946051348716282,
    "max_out_degree": 969,
    "num_nodes": 3077,
    "num_channels": 24450,
    "total_network_capacity": "65467484330",
    "avg_channel_size": 2677606.7210633946,
    "min_channel_size": "1100",
    "max_channel_size": "16777216"
}
