{
    "graph_diameter": 0,
    "avg_out_degree": 7.962442847811888,
    "max_out_degree": 966,
    "num_nodes": 3062,
    "num_channels": 24381,
    "total_network_capacity": "65450932678",
    "avg_channel_size": 2684505.667445962,
    "min_channel_size": "1100",
    "max_channel_size": "16777216"
}
