{
    "graph_diameter": 0,
    "avg_out_degree": 7.960312296681848,
    "max_out_degree": 970,
    "num_nodes": 3074,
    "num_channels": 24470,
    "total_network_capacity": "65500421397",
    "avg_channel_size": 2676764.25815284,
    "min_channel_size": "1100",
    "max_channel_size": "16777216"
}
