{
    "graph_diameter": 0,
    "avg_out_degree": 7.945236552171095,
    "max_out_degree": 960,
    "num_nodes": 3086,
    "num_channels": 24519,
    "total_network_capacity": "65965008277",
    "avg_channel_size": 2690362.913536441,
    "min_channel_size": "1100",
    "max_channel_size": "16777216"
}
