{
    "graph_diameter": 0,
    "avg_out_degree": 7.941920830629462,
    "max_out_degree": 963,
    "num_nodes": 3082,
    "num_channels": 24477,
    "total_network_capacity": "65583270425",
    "avg_channel_size": 2679383.520243494,
    "min_channel_size": "1100",
    "max_channel_size": "16777216"
}
