{
    "graph_diameter": 0,
    "avg_out_degree": 7.937783538561244,
    "max_out_degree": 961,
    "num_nodes": 3086,
    "num_channels": 24496,
    "total_network_capacity": "65838008836",
    "avg_channel_size": 2687704.475669497,
    "min_channel_size": "1100",
    "max_channel_size": "16777216"
}
