{
    "graph_diameter": 0,
    "avg_out_degree": 7.962890625,
    "max_out_degree": 970,
    "num_nodes": 3072,
    "num_channels": 24462,
    "total_network_capacity": "65476118795",
    "avg_channel_size": 2676646.1775406753,
    "min_channel_size": "1100",
    "max_channel_size": "16777216"
}
