{
    "graph_diameter": 0,
    "avg_out_degree": 7.971698113207547,
    "max_out_degree": 970,
    "num_nodes": 3074,
    "num_channels": 24505,
    "total_network_capacity": "65634992337",
    "avg_channel_size": 2678432.6601509894,
    "min_channel_size": "1100",
    "max_channel_size": "16777216"
}
