{
    "graph_diameter": 0,
    "avg_out_degree": 7.944588464031108,
    "max_out_degree": 960,
    "num_nodes": 3086,
    "num_channels": 24517,
    "total_network_capacity": "65964108950",
    "avg_channel_size": 2690545.7009422034,
    "min_channel_size": "1100",
    "max_channel_size": "16777216"
}
