{
    "graph_diameter": 0,
    "avg_out_degree": 7.955287206266319,
    "max_out_degree": 966,
    "num_nodes": 3064,
    "num_channels": 24375,
    "total_network_capacity": "65337395696",
    "avg_channel_size": 2680508.541374359,
    "min_channel_size": "1100",
    "max_channel_size": "16777216"
}
