{
    "graph_diameter": 0,
    "avg_out_degree": 7.933268545513443,
    "max_out_degree": 961,
    "num_nodes": 3087,
    "num_channels": 24490,
    "total_network_capacity": "65665237801",
    "avg_channel_size": 2681308.199305839,
    "min_channel_size": "1100",
    "max_channel_size": "16777216"
}
