{
    "graph_diameter": 0,
    "avg_out_degree": 7.966655769859432,
    "max_out_degree": 964,
    "num_nodes": 3059,
    "num_channels": 24370,
    "total_network_capacity": "65362762602",
    "avg_channel_size": 2682099.409191629,
    "min_channel_size": "1100",
    "max_channel_size": "16777216"
}
