{
    "graph_diameter": 0,
    "avg_out_degree": 7.943721535458685,
    "max_out_degree": 968,
    "num_nodes": 3074,
    "num_channels": 24419,
    "total_network_capacity": "65481904676",
    "avg_channel_size": 2681596.4894549325,
    "min_channel_size": "1100",
    "max_channel_size": "16777216"
}
