{
    "graph_diameter": 0,
    "avg_out_degree": 7.938351719662557,
    "max_out_degree": 963,
    "num_nodes": 3082,
    "num_channels": 24466,
    "total_network_capacity": "65539410773",
    "avg_channel_size": 2678795.5028611133,
    "min_channel_size": "1100",
    "max_channel_size": "16777216"
}
