{
    "graph_diameter": 0,
    "avg_out_degree": 7.947026324341891,
    "max_out_degree": 969,
    "num_nodes": 3077,
    "num_channels": 24453,
    "total_network_capacity": "65467482711",
    "avg_channel_size": 2677278.1544595757,
    "min_channel_size": "1100",
    "max_channel_size": "16777216"
}
