{
    "graph_diameter": 0,
    "avg_out_degree": 7.933570965651328,
    "max_out_degree": 963,
    "num_nodes": 3086,
    "num_channels": 24483,
    "total_network_capacity": "65628551703",
    "avg_channel_size": 2680576.38782012,
    "min_channel_size": "1100",
    "max_channel_size": "16777216"
}
