{
    "graph_diameter": 0,
    "avg_out_degree": 7.9611365120836055,
    "max_out_degree": 965,
    "num_nodes": 3062,
    "num_channels": 24377,
    "total_network_capacity": "65446902860",
    "avg_channel_size": 2684780.853263322,
    "min_channel_size": "1100",
    "max_channel_size": "16777216"
}
