{
    "graph_diameter": 0,
    "avg_out_degree": 7.984303466317855,
    "max_out_degree": 966,
    "num_nodes": 3058,
    "num_channels": 24416,
    "total_network_capacity": "65490053626",
    "avg_channel_size": 2682259.7323885974,
    "min_channel_size": "1100",
    "max_channel_size": "16777216"
}
