{
    "graph_diameter": 0,
    "avg_out_degree": 7.941157347204161,
    "max_out_degree": 968,
    "num_nodes": 3076,
    "num_channels": 24427,
    "total_network_capacity": "65458637981",
    "avg_channel_size": 2679765.750235395,
    "min_channel_size": "1100",
    "max_channel_size": "16777216"
}
