{
    "graph_diameter": 0,
    "avg_out_degree": 7.9414824447334205,
    "max_out_degree": 968,
    "num_nodes": 3076,
    "num_channels": 24428,
    "total_network_capacity": "65458937981",
    "avg_channel_size": 2679668.330645161,
    "min_channel_size": "1100",
    "max_channel_size": "16777216"
}
