{
    "graph_diameter": 0,
    "avg_out_degree": 7.937094682230869,
    "max_out_degree": 963,
    "num_nodes": 3084,
    "num_channels": 24478,
    "total_network_capacity": "65624336739",
    "avg_channel_size": 2680951.74193153,
    "min_channel_size": "1100",
    "max_channel_size": "16777216"
}
