{
    "graph_diameter": 0,
    "avg_out_degree": 7.9624305782424045,
    "max_out_degree": 966,
    "num_nodes": 3061,
    "num_channels": 24373,
    "total_network_capacity": "65402995226",
    "avg_channel_size": 2683419.982193411,
    "min_channel_size": "1100",
    "max_channel_size": "16777216"
}
