{
    "graph_diameter": 0,
    "avg_out_degree": 7.963878945655711,
    "max_out_degree": 970,
    "num_nodes": 3073,
    "num_channels": 24473,
    "total_network_capacity": "65492415122",
    "avg_channel_size": 2676108.9822253096,
    "min_channel_size": "1100",
    "max_channel_size": "16777216"
}
