{
    "graph_diameter": 0,
    "avg_out_degree": 7.94553163731246,
    "max_out_degree": 967,
    "num_nodes": 3066,
    "num_channels": 24361,
    "total_network_capacity": "65317731576",
    "avg_channel_size": 2681241.8035384426,
    "min_channel_size": "1100",
    "max_channel_size": "16777216"
}
