{
    "graph_diameter": 0,
    "avg_out_degree": 7.959648551903677,
    "max_out_degree": 969,
    "num_nodes": 3073,
    "num_channels": 24460,
    "total_network_capacity": "65480357197",
    "avg_channel_size": 2677038.315494685,
    "min_channel_size": "1100",
    "max_channel_size": "16777216"
}
