{
    "graph_diameter": 0,
    "avg_out_degree": 7.962769431743959,
    "max_out_degree": 966,
    "num_nodes": 3062,
    "num_channels": 24382,
    "total_network_capacity": "65451932678",
    "avg_channel_size": 2684436.5793618243,
    "min_channel_size": "1100",
    "max_channel_size": "16777216"
}
