{
    "graph_diameter": 0,
    "avg_out_degree": 7.947471451876019,
    "max_out_degree": 967,
    "num_nodes": 3065,
    "num_channels": 24359,
    "total_network_capacity": "65316974877",
    "avg_channel_size": 2681430.882918018,
    "min_channel_size": "1100",
    "max_channel_size": "16777216"
}
