{
    "graph_diameter": 0,
    "avg_out_degree": 7.971279373368146,
    "max_out_degree": 966,
    "num_nodes": 3064,
    "num_channels": 24424,
    "total_network_capacity": "65442313604",
    "avg_channel_size": 2679426.5314444806,
    "min_channel_size": "1100",
    "max_channel_size": "16777216"
}
