{
    "graph_diameter": 0,
    "avg_out_degree": 7.96765762822607,
    "max_out_degree": 964,
    "num_nodes": 3061,
    "num_channels": 24389,
    "total_network_capacity": "65392889022",
    "avg_channel_size": 2681245.1934068636,
    "min_channel_size": "1100",
    "max_channel_size": "16777216"
}
