{
    "graph_diameter": 0,
    "avg_out_degree": 7.940507152145644,
    "max_out_degree": 968,
    "num_nodes": 3076,
    "num_channels": 24425,
    "total_network_capacity": "65458592443",
    "avg_channel_size": 2679983.3139406345,
    "min_channel_size": "1100",
    "max_channel_size": "16777216"
}
