{
    "graph_diameter": 0,
    "avg_out_degree": 7.944498539435248,
    "max_out_degree": 964,
    "num_nodes": 3081,
    "num_channels": 24477,
    "total_network_capacity": "65557262892",
    "avg_channel_size": 2678320.990807697,
    "min_channel_size": "1100",
    "max_channel_size": "16777216"
}
