{
    "graph_diameter": 0,
    "avg_out_degree": 10.011432926829269,
    "max_out_degree": 1162,
    "num_nodes": 3936,
    "num_channels": 39405,
    "total_network_capacity": "106851210727",
    "avg_channel_size": 2711615.549473417,
    "min_channel_size": "1100",
    "max_channel_size": "16777216"
}
