{
    "graph_diameter": 0,
    "avg_out_degree": 9.963742393509127,
    "max_out_degree": 1162,
    "num_nodes": 3944,
    "num_channels": 39297,
    "total_network_capacity": "106689492044",
    "avg_channel_size": 2714952.592920579,
    "min_channel_size": "1100",
    "max_channel_size": "16777216"
}
