{
    "graph_diameter": 0,
    "avg_out_degree": 9.988068037572988,
    "max_out_degree": 1163,
    "num_nodes": 3939,
    "num_channels": 39343,
    "total_network_capacity": "106742555813",
    "avg_channel_size": 2713127.0064052055,
    "min_channel_size": "1100",
    "max_channel_size": "16777216"
}
