{
    "graph_diameter": 0,
    "avg_out_degree": 9.955628803245435,
    "max_out_degree": 1162,
    "num_nodes": 3944,
    "num_channels": 39265,
    "total_network_capacity": "106583761043",
    "avg_channel_size": 2714472.4574812176,
    "min_channel_size": "1100",
    "max_channel_size": "16777216"
}
