{
    "graph_diameter": 0,
    "avg_out_degree": 10.013214739517153,
    "max_out_degree": 1161,
    "num_nodes": 3935,
    "num_channels": 39402,
    "total_network_capacity": "106848611585",
    "avg_channel_size": 2711756.042459774,
    "min_channel_size": "1100",
    "max_channel_size": "16777216"
}
