{
    "graph_diameter": 0,
    "avg_out_degree": 9.965490992133976,
    "max_out_degree": 1162,
    "num_nodes": 3941,
    "num_channels": 39274,
    "total_network_capacity": "106689574913",
    "avg_channel_size": 2716544.658374497,
    "min_channel_size": "1100",
    "max_channel_size": "16777216"
}
