{
    "graph_diameter": 0,
    "avg_out_degree": 10.013726487036095,
    "max_out_degree": 1161,
    "num_nodes": 3934,
    "num_channels": 39394,
    "total_network_capacity": "106854598436",
    "avg_channel_size": 2712458.710361984,
    "min_channel_size": "1100",
    "max_channel_size": "16777216"
}
