{
    "graph_diameter": 0,
    "avg_out_degree": 9.964783379782112,
    "max_out_degree": 1163,
    "num_nodes": 3947,
    "num_channels": 39331,
    "total_network_capacity": "106606892645",
    "avg_channel_size": 2710505.520963108,
    "min_channel_size": "1100",
    "max_channel_size": "16777216"
}
