{
    "graph_diameter": 0,
    "avg_out_degree": 9.986308316430021,
    "max_out_degree": 1154,
    "num_nodes": 3944,
    "num_channels": 39386,
    "total_network_capacity": "106661287909",
    "avg_channel_size": 2708101.556619103,
    "min_channel_size": "1100",
    "max_channel_size": "16777216"
}
