{
    "graph_diameter": 0,
    "avg_out_degree": 10.010411376333163,
    "max_out_degree": 1163,
    "num_nodes": 3938,
    "num_channels": 39421,
    "total_network_capacity": "106797717805",
    "avg_channel_size": 2709158.0072803837,
    "min_channel_size": "1100",
    "max_channel_size": "16777216"
}
