{
    "graph_diameter": 0,
    "avg_out_degree": 9.961723700887198,
    "max_out_degree": 1164,
    "num_nodes": 3945,
    "num_channels": 39299,
    "total_network_capacity": "106559306470",
    "avg_channel_size": 2711501.7295605484,
    "min_channel_size": "1100",
    "max_channel_size": "16777216"
}
