{
    "graph_diameter": 0,
    "avg_out_degree": 10.013977128335451,
    "max_out_degree": 1163,
    "num_nodes": 3935,
    "num_channels": 39405,
    "total_network_capacity": "106814599206",
    "avg_channel_size": 2710686.440959269,
    "min_channel_size": "1100",
    "max_channel_size": "16777216"
}
