{
    "graph_diameter": 0,
    "avg_out_degree": 9.965237249429078,
    "max_out_degree": 1162,
    "num_nodes": 3941,
    "num_channels": 39273,
    "total_network_capacity": "106688324913",
    "avg_channel_size": 2716582.0006874953,
    "min_channel_size": "1100",
    "max_channel_size": "16777216"
}
