{
    "graph_diameter": 0,
    "avg_out_degree": 9.95199595755432,
    "max_out_degree": 1154,
    "num_nodes": 3958,
    "num_channels": 39390,
    "total_network_capacity": "106889533880",
    "avg_channel_size": 2713621.0682914443,
    "min_channel_size": "1100",
    "max_channel_size": "16777216"
}
