{
    "graph_diameter": 0,
    "avg_out_degree": 9.959432048681542,
    "max_out_degree": 1162,
    "num_nodes": 3944,
    "num_channels": 39280,
    "total_network_capacity": "106610555065",
    "avg_channel_size": 2714118.000636456,
    "min_channel_size": "1100",
    "max_channel_size": "16777216"
}
