{
    "graph_diameter": 0,
    "avg_out_degree": 9.966649823143001,
    "max_out_degree": 1154,
    "num_nodes": 3958,
    "num_channels": 39448,
    "total_network_capacity": "106856373140",
    "avg_channel_size": 2708790.6393226525,
    "min_channel_size": "1100",
    "max_channel_size": "16777216"
}
