{
    "graph_diameter": 0,
    "avg_out_degree": 9.99263398526797,
    "max_out_degree": 1154,
    "num_nodes": 3937,
    "num_channels": 39341,
    "total_network_capacity": "106312183315",
    "avg_channel_size": 2702325.393736814,
    "min_channel_size": "1100",
    "max_channel_size": "16777216"
}
