{
    "graph_diameter": 0,
    "avg_out_degree": 9.984560870665653,
    "max_out_degree": 1162,
    "num_nodes": 3951,
    "num_channels": 39449,
    "total_network_capacity": "106860114919",
    "avg_channel_size": 2708816.8247357346,
    "min_channel_size": "1100",
    "max_channel_size": "16777216"
}
