{
    "graph_diameter": 0,
    "avg_out_degree": 9.96589186457807,
    "max_out_degree": 1154,
    "num_nodes": 3958,
    "num_channels": 39445,
    "total_network_capacity": "106826373140",
    "avg_channel_size": 2708236.104449233,
    "min_channel_size": "1100",
    "max_channel_size": "16777216"
}
