{
    "graph_diameter": 0,
    "avg_out_degree": 10.009903504316911,
    "max_out_degree": 1163,
    "num_nodes": 3938,
    "num_channels": 39419,
    "total_network_capacity": "106765792003",
    "avg_channel_size": 2708485.5527283796,
    "min_channel_size": "1100",
    "max_channel_size": "16777216"
}
