{
    "graph_diameter": 0,
    "avg_out_degree": 9.96425855513308,
    "max_out_degree": 1164,
    "num_nodes": 3945,
    "num_channels": 39309,
    "total_network_capacity": "106569535239",
    "avg_channel_size": 2711072.1524078455,
    "min_channel_size": "1100",
    "max_channel_size": "16777216"
}
