{
    "graph_diameter": 0,
    "avg_out_degree": 9.95288753799392,
    "max_out_degree": 1164,
    "num_nodes": 3948,
    "num_channels": 39294,
    "total_network_capacity": "106608910438",
    "avg_channel_size": 2713109.137221968,
    "min_channel_size": "1100",
    "max_channel_size": "16777216"
}
