{
    "graph_diameter": 0,
    "avg_out_degree": 10.007870017771008,
    "max_out_degree": 1163,
    "num_nodes": 3939,
    "num_channels": 39421,
    "total_network_capacity": "106766195613",
    "avg_channel_size": 2708358.3778442964,
    "min_channel_size": "1100",
    "max_channel_size": "16777216"
}
