{
    "graph_diameter": 0,
    "avg_out_degree": 9.956378392087244,
    "max_out_degree": 1163,
    "num_nodes": 3943,
    "num_channels": 39258,
    "total_network_capacity": "106558618053",
    "avg_channel_size": 2714316.0133730704,
    "min_channel_size": "1100",
    "max_channel_size": "16777216"
}
