{
    "graph_diameter": 0,
    "avg_out_degree": 10.012455516014235,
    "max_out_degree": 1161,
    "num_nodes": 3934,
    "num_channels": 39389,
    "total_network_capacity": "106844858332",
    "avg_channel_size": 2712555.747340628,
    "min_channel_size": "1100",
    "max_channel_size": "16777216"
}
