{
    "graph_diameter": 0,
    "avg_out_degree": 9.96422227860949,
    "max_out_degree": 1162,
    "num_nodes": 3941,
    "num_channels": 39269,
    "total_network_capacity": "106684845120",
    "avg_channel_size": 2716770.1016068654,
    "min_channel_size": "1100",
    "max_channel_size": "16777216"
}
