{
    "graph_diameter": 0,
    "avg_out_degree": 9.991622239146992,
    "max_out_degree": 1163,
    "num_nodes": 3939,
    "num_channels": 39357,
    "total_network_capacity": "106749503789",
    "avg_channel_size": 2712338.43506873,
    "min_channel_size": "1100",
    "max_channel_size": "16777216"
}
