{
    "graph_diameter": 0,
    "avg_out_degree": 10.009652019304038,
    "max_out_degree": 1163,
    "num_nodes": 3937,
    "num_channels": 39408,
    "total_network_capacity": "106732964827",
    "avg_channel_size": 2708408.5674736095,
    "min_channel_size": "1100",
    "max_channel_size": "16777216"
}
