{
    "graph_diameter": 0,
    "avg_out_degree": 9.962474645030426,
    "max_out_degree": 1162,
    "num_nodes": 3944,
    "num_channels": 39292,
    "total_network_capacity": "106678997100",
    "avg_channel_size": 2715030.975771149,
    "min_channel_size": "1100",
    "max_channel_size": "16777216"
}
