{
    "graph_diameter": 0,
    "avg_out_degree": 9.965027876330462,
    "max_out_degree": 1163,
    "num_nodes": 3946,
    "num_channels": 39322,
    "total_network_capacity": "106587316155",
    "avg_channel_size": 2710628.0493108183,
    "min_channel_size": "1100",
    "max_channel_size": "16777216"
}
