{
    "graph_diameter": 0,
    "avg_out_degree": 9.992889791772473,
    "max_out_degree": 1163,
    "num_nodes": 3938,
    "num_channels": 39352,
    "total_network_capacity": "106747801030",
    "avg_channel_size": 2712639.7903537303,
    "min_channel_size": "1100",
    "max_channel_size": "16777216"
}
