{
    "graph_diameter": 0,
    "avg_out_degree": 10.00558943089431,
    "max_out_degree": 1157,
    "num_nodes": 3936,
    "num_channels": 39382,
    "total_network_capacity": "106808587876",
    "avg_channel_size": 2712116.903052156,
    "min_channel_size": "1100",
    "max_channel_size": "16777216"
}
