{
    "graph_diameter": 0,
    "avg_out_degree": 10.014743263853584,
    "max_out_degree": 1161,
    "num_nodes": 3934,
    "num_channels": 39398,
    "total_network_capacity": "106847111585",
    "avg_channel_size": 2711993.2886187118,
    "min_channel_size": "1100",
    "max_channel_size": "16777216"
}
