{
    "graph_diameter": 0,
    "avg_out_degree": 9.963037974683544,
    "max_out_degree": 1163,
    "num_nodes": 3950,
    "num_channels": 39354,
    "total_network_capacity": "106659624018",
    "avg_channel_size": 2710261.320780607,
    "min_channel_size": "1100",
    "max_channel_size": "16777216"
}
