{
    "graph_diameter": 0,
    "avg_out_degree": 10.01016002032004,
    "max_out_degree": 1163,
    "num_nodes": 3937,
    "num_channels": 39410,
    "total_network_capacity": "106733365912",
    "avg_channel_size": 2708281.2969297133,
    "min_channel_size": "1100",
    "max_channel_size": "16777216"
}
