{
    "graph_diameter": 0,
    "avg_out_degree": 9.992891596851992,
    "max_out_degree": 1163,
    "num_nodes": 3939,
    "num_channels": 39362,
    "total_network_capacity": "106748201030",
    "avg_channel_size": 2711960.8005182664,
    "min_channel_size": "1100",
    "max_channel_size": "16777216"
}
