{
    "graph_diameter": 0,
    "avg_out_degree": 10.011178861788618,
    "max_out_degree": 1162,
    "num_nodes": 3936,
    "num_channels": 39404,
    "total_network_capacity": "106849004451",
    "avg_channel_size": 2711628.37404832,
    "min_channel_size": "1100",
    "max_channel_size": "16777216"
}
