{
    "graph_diameter": 0,
    "avg_out_degree": 9.96300988092222,
    "max_out_degree": 1163,
    "num_nodes": 3947,
    "num_channels": 39324,
    "total_network_capacity": "106591792425",
    "avg_channel_size": 2710604.018538297,
    "min_channel_size": "1100",
    "max_channel_size": "16777216"
}
