{
    "graph_diameter": 0,
    "avg_out_degree": 9.992129982228992,
    "max_out_degree": 1163,
    "num_nodes": 3939,
    "num_channels": 39359,
    "total_network_capacity": "106747901030",
    "avg_channel_size": 2712159.8879544702,
    "min_channel_size": "1100",
    "max_channel_size": "16777216"
}
