{
    "graph_diameter": 0,
    "avg_out_degree": 10.010668021336043,
    "max_out_degree": 1163,
    "num_nodes": 3937,
    "num_channels": 39412,
    "total_network_capacity": "106730216128",
    "avg_channel_size": 2708063.9431645186,
    "min_channel_size": "1100",
    "max_channel_size": "16777216"
}
