{
    "graph_diameter": 0,
    "avg_out_degree": 9.944864048338369,
    "max_out_degree": 1162,
    "num_nodes": 3972,
    "num_channels": 39501,
    "total_network_capacity": "106870860901",
    "avg_channel_size": 2705522.9209640264,
    "min_channel_size": "1100",
    "max_channel_size": "16777216"
}
