{
    "graph_diameter": 0,
    "avg_out_degree": 10.006350012700025,
    "max_out_degree": 1162,
    "num_nodes": 3937,
    "num_channels": 39395,
    "total_network_capacity": "106768955975",
    "avg_channel_size": 2710215.9150907476,
    "min_channel_size": "1100",
    "max_channel_size": "16777216"
}
