{
    "graph_diameter": 0,
    "avg_out_degree": 9.965744734838873,
    "max_out_degree": 1162,
    "num_nodes": 3941,
    "num_channels": 39275,
    "total_network_capacity": "106706074913",
    "avg_channel_size": 2716895.605677912,
    "min_channel_size": "1100",
    "max_channel_size": "16777216"
}
