{
    "graph_diameter": 0,
    "avg_out_degree": 10.00558943089431,
    "max_out_degree": 1154,
    "num_nodes": 3936,
    "num_channels": 39382,
    "total_network_capacity": "106689470335",
    "avg_channel_size": 2709092.233380732,
    "min_channel_size": "1100",
    "max_channel_size": "16777216"
}
