{
    "graph_diameter": 0,
    "avg_out_degree": 10.0005081300813,
    "max_out_degree": 1154,
    "num_nodes": 3936,
    "num_channels": 39362,
    "total_network_capacity": "106531933315",
    "avg_channel_size": 2706466.4731212845,
    "min_channel_size": "1100",
    "max_channel_size": "16777216"
}
