{
    "graph_diameter": 0,
    "avg_out_degree": 9.957150101419879,
    "max_out_degree": 1162,
    "num_nodes": 3944,
    "num_channels": 39271,
    "total_network_capacity": "106606037395",
    "avg_channel_size": 2714624.9750451986,
    "min_channel_size": "1100",
    "max_channel_size": "16777216"
}
