{
    "graph_diameter": 0,
    "avg_out_degree": 10.009398018796038,
    "max_out_degree": 1163,
    "num_nodes": 3937,
    "num_channels": 39407,
    "total_network_capacity": "106815799206",
    "avg_channel_size": 2710579.3185474663,
    "min_channel_size": "1100",
    "max_channel_size": "16777216"
}
