{
    "graph_diameter": 0,
    "avg_out_degree": 9.96505444416308,
    "max_out_degree": 1163,
    "num_nodes": 3949,
    "num_channels": 39352,
    "total_network_capacity": "106641913408",
    "avg_channel_size": 2709949.009148201,
    "min_channel_size": "1100",
    "max_channel_size": "16777216"
}
