{
    "graph_diameter": 0,
    "avg_out_degree": 9.959452610238216,
    "max_out_degree": 1164,
    "num_nodes": 3946,
    "num_channels": 39300,
    "total_network_capacity": "106624437650",
    "avg_channel_size": 2713090.01653944,
    "min_channel_size": "1100",
    "max_channel_size": "16777216"
}
