{
    "graph_diameter": 0,
    "avg_out_degree": 9.990606752982991,
    "max_out_degree": 1163,
    "num_nodes": 3939,
    "num_channels": 39353,
    "total_network_capacity": "106744526015",
    "avg_channel_size": 2712487.637918329,
    "min_channel_size": "1100",
    "max_channel_size": "16777216"
}
