{
    "graph_diameter": 0,
    "avg_out_degree": 10.002032520325203,
    "max_out_degree": 1154,
    "num_nodes": 3936,
    "num_channels": 39368,
    "total_network_capacity": "106588642172",
    "avg_channel_size": 2707494.466876651,
    "min_channel_size": "1100",
    "max_channel_size": "16777216"
}
