{
    "graph_diameter": 0,
    "avg_out_degree": 9.963733198072534,
    "max_out_degree": 1162,
    "num_nodes": 3943,
    "num_channels": 39287,
    "total_network_capacity": "106677983541",
    "avg_channel_size": 2715350.7150202356,
    "min_channel_size": "1100",
    "max_channel_size": "16777216"
}
