{
    "graph_diameter": 0,
    "avg_out_degree": 9.95495951417004,
    "max_out_degree": 1163,
    "num_nodes": 3952,
    "num_channels": 39342,
    "total_network_capacity": "106663469868",
    "avg_channel_size": 2711185.752325759,
    "min_channel_size": "1100",
    "max_channel_size": "16777216"
}
