{
    "graph_diameter": 0,
    "avg_out_degree": 9.959685598377282,
    "max_out_degree": 1162,
    "num_nodes": 3944,
    "num_channels": 39281,
    "total_network_capacity": "106705498784",
    "avg_channel_size": 2716465.944960668,
    "min_channel_size": "1100",
    "max_channel_size": "16777216"
}
