{
    "graph_diameter": 0,
    "avg_out_degree": 9.972180070814366,
    "max_out_degree": 1154,
    "num_nodes": 3954,
    "num_channels": 39430,
    "total_network_capacity": "106773455229",
    "avg_channel_size": 2707924.302028912,
    "min_channel_size": "1100",
    "max_channel_size": "16777216"
}
