{
    "graph_diameter": 0,
    "avg_out_degree": 9.965779467680608,
    "max_out_degree": 1164,
    "num_nodes": 3945,
    "num_channels": 39315,
    "total_network_capacity": "106573255264",
    "avg_channel_size": 2710753.0271906396,
    "min_channel_size": "1100",
    "max_channel_size": "16777216"
}
