{
    "graph_diameter": 0,
    "avg_out_degree": 9.96477445514445,
    "max_out_degree": 1163,
    "num_nodes": 3946,
    "num_channels": 39321,
    "total_network_capacity": "106592416145",
    "avg_channel_size": 2710826.6866305536,
    "min_channel_size": "1100",
    "max_channel_size": "16777216"
}
