{
    "graph_diameter": 0,
    "avg_out_degree": 9.959261133603238,
    "max_out_degree": 1163,
    "num_nodes": 3952,
    "num_channels": 39359,
    "total_network_capacity": "106668451471",
    "avg_channel_size": 2710141.3011255367,
    "min_channel_size": "1100",
    "max_channel_size": "16777216"
}
