{
    "graph_diameter": 0,
    "avg_out_degree": 9.966007102993405,
    "max_out_degree": 1162,
    "num_nodes": 3942,
    "num_channels": 39286,
    "total_network_capacity": "106715874912",
    "avg_channel_size": 2716384.333146668,
    "min_channel_size": "1100",
    "max_channel_size": "16777216"
}
