{
    "graph_diameter": 0,
    "avg_out_degree": 9.993145468392994,
    "max_out_degree": 1163,
    "num_nodes": 3939,
    "num_channels": 39363,
    "total_network_capacity": "106748301030",
    "avg_channel_size": 2711894.444783172,
    "min_channel_size": "1100",
    "max_channel_size": "16777216"
}
