{
    "graph_diameter": 0,
    "avg_out_degree": 10.012954025908051,
    "max_out_degree": 1163,
    "num_nodes": 3937,
    "num_channels": 39421,
    "total_network_capacity": "106821865049",
    "avg_channel_size": 2709770.555008752,
    "min_channel_size": "1100",
    "max_channel_size": "16777216"
}
