{
    "graph_diameter": 0,
    "avg_out_degree": 9.96452103395844,
    "max_out_degree": 1163,
    "num_nodes": 3946,
    "num_channels": 39320,
    "total_network_capacity": "106591975503",
    "avg_channel_size": 2710884.4227619534,
    "min_channel_size": "1100",
    "max_channel_size": "16777216"
}
