{
    "graph_diameter": 0,
    "avg_out_degree": 9.964375947448206,
    "max_out_degree": 1154,
    "num_nodes": 3958,
    "num_channels": 39439,
    "total_network_capacity": "106775323140",
    "avg_channel_size": 2707353.71434367,
    "min_channel_size": "1100",
    "max_channel_size": "16777216"
}
