{
    "graph_diameter": 0,
    "avg_out_degree": 9.965254882069491,
    "max_out_degree": 1162,
    "num_nodes": 3943,
    "num_channels": 39293,
    "total_network_capacity": "106707940279",
    "avg_channel_size": 2715698.4775659787,
    "min_channel_size": "1100",
    "max_channel_size": "16777216"
}
