{
    "graph_diameter": 0,
    "avg_out_degree": 9.95566252850266,
    "max_out_degree": 1164,
    "num_nodes": 3947,
    "num_channels": 39295,
    "total_network_capacity": "106607279300",
    "avg_channel_size": 2712998.5825168598,
    "min_channel_size": "1100",
    "max_channel_size": "16777216"
}
