{
    "graph_diameter": 0,
    "avg_out_degree": 9.992637725310992,
    "max_out_degree": 1163,
    "num_nodes": 3939,
    "num_channels": 39361,
    "total_network_capacity": "106748101030",
    "avg_channel_size": 2712027.1596250096,
    "min_channel_size": "1100",
    "max_channel_size": "16777216"
}
