{
    "graph_diameter": 0,
    "avg_out_degree": 9.966548403446527,
    "max_out_degree": 1164,
    "num_nodes": 3946,
    "num_channels": 39328,
    "total_network_capacity": "106591684266",
    "avg_channel_size": 2710325.5763323843,
    "min_channel_size": "1100",
    "max_channel_size": "16777216"
}
