{
    "graph_diameter": 0,
    "avg_out_degree": 9.958174904942966,
    "max_out_degree": 1162,
    "num_nodes": 3945,
    "num_channels": 39285,
    "total_network_capacity": "106620545225",
    "avg_channel_size": 2714026.8607611046,
    "min_channel_size": "1100",
    "max_channel_size": "16777216"
}
