{
    "graph_diameter": 0,
    "avg_out_degree": 9.959939148073023,
    "max_out_degree": 1162,
    "num_nodes": 3944,
    "num_channels": 39282,
    "total_network_capacity": "106705698784",
    "avg_channel_size": 2716401.8834071583,
    "min_channel_size": "1100",
    "max_channel_size": "16777216"
}
