{
    "graph_diameter": 0,
    "avg_out_degree": 10.007616146230008,
    "max_out_degree": 1163,
    "num_nodes": 3939,
    "num_channels": 39420,
    "total_network_capacity": "106765892003",
    "avg_channel_size": 2708419.381100964,
    "min_channel_size": "1100",
    "max_channel_size": "16777216"
}
