{
    "graph_diameter": 0,
    "avg_out_degree": 9.954913880445796,
    "max_out_degree": 1164,
    "num_nodes": 3948,
    "num_channels": 39302,
    "total_network_capacity": "106627692162",
    "avg_channel_size": 2713034.7606228692,
    "min_channel_size": "1100",
    "max_channel_size": "16777216"
}
