{
    "graph_diameter": 0,
    "avg_out_degree": 9.964276665822144,
    "max_out_degree": 1163,
    "num_nodes": 3947,
    "num_channels": 39329,
    "total_network_capacity": "106605642645",
    "avg_channel_size": 2710611.575300669,
    "min_channel_size": "1100",
    "max_channel_size": "16777216"
}
