{
    "graph_diameter": 0,
    "avg_out_degree": 9.988823977647955,
    "max_out_degree": 1154,
    "num_nodes": 3937,
    "num_channels": 39326,
    "total_network_capacity": "106196694733",
    "avg_channel_size": 2700419.4358185423,
    "min_channel_size": "1100",
    "max_channel_size": "16777216"
}
