{
    "graph_diameter": 0,
    "avg_out_degree": 10.005335365853659,
    "max_out_degree": 1154,
    "num_nodes": 3936,
    "num_channels": 39381,
    "total_network_capacity": "106679470335",
    "avg_channel_size": 2708907.0956806582,
    "min_channel_size": "1100",
    "max_channel_size": "16777216"
}
