{
    "graph_diameter": 0,
    "avg_out_degree": 9.991880233443288,
    "max_out_degree": 1154,
    "num_nodes": 3941,
    "num_channels": 39378,
    "total_network_capacity": "106660314909",
    "avg_channel_size": 2708627.022931586,
    "min_channel_size": "1100",
    "max_channel_size": "16777216"
}
