{
    "graph_diameter": 0,
    "avg_out_degree": 9.962230671736375,
    "max_out_degree": 1164,
    "num_nodes": 3945,
    "num_channels": 39301,
    "total_network_capacity": "106562562813",
    "avg_channel_size": 2711446.5996539528,
    "min_channel_size": "1100",
    "max_channel_size": "16777216"
}
