{
    "graph_diameter": 0,
    "avg_out_degree": 10.003048780487806,
    "max_out_degree": 1154,
    "num_nodes": 3936,
    "num_channels": 39372,
    "total_network_capacity": "106603970335",
    "avg_channel_size": 2707608.7152036983,
    "min_channel_size": "1100",
    "max_channel_size": "16777216"
}
