{
    "graph_diameter": 0,
    "avg_out_degree": 9.961470215462612,
    "max_out_degree": 1162,
    "num_nodes": 3945,
    "num_channels": 39298,
    "total_network_capacity": "106707618718",
    "avg_channel_size": 2715344.7686396255,
    "min_channel_size": "1100",
    "max_channel_size": "16777216"
}
