{
    "graph_diameter": 0,
    "avg_out_degree": 9.964747654070505,
    "max_out_degree": 1162,
    "num_nodes": 3943,
    "num_channels": 39291,
    "total_network_capacity": "106724980280",
    "avg_channel_size": 2716270.399837113,
    "min_channel_size": "1100",
    "max_channel_size": "16777216"
}
