{
    "graph_diameter": 0,
    "avg_out_degree": 9.944877926000503,
    "max_out_degree": 1162,
    "num_nodes": 3973,
    "num_channels": 39511,
    "total_network_capacity": "106886820511",
    "avg_channel_size": 2705242.0974159096,
    "min_channel_size": "1100",
    "max_channel_size": "16777216"
}
