{
    "graph_diameter": 0,
    "avg_out_degree": 10.01244602489205,
    "max_out_degree": 1163,
    "num_nodes": 3937,
    "num_channels": 39419,
    "total_network_capacity": "106821125266",
    "avg_channel_size": 2709889.273345341,
    "min_channel_size": "1100",
    "max_channel_size": "16777216"
}
