{
    "graph_diameter": 0,
    "avg_out_degree": 9.963986812072026,
    "max_out_degree": 1162,
    "num_nodes": 3943,
    "num_channels": 39288,
    "total_network_capacity": "106680303227",
    "avg_channel_size": 2715340.6441407045,
    "min_channel_size": "1100",
    "max_channel_size": "16777216"
}
