{
    "graph_diameter": 0,
    "avg_out_degree": 9.981528340080972,
    "max_out_degree": 1162,
    "num_nodes": 3952,
    "num_channels": 39447,
    "total_network_capacity": "106840180906",
    "avg_channel_size": 2708448.8276928538,
    "min_channel_size": "1100",
    "max_channel_size": "16777216"
}
