{
    "graph_diameter": 0,
    "avg_out_degree": 9.952501263264274,
    "max_out_degree": 1154,
    "num_nodes": 3958,
    "num_channels": 39392,
    "total_network_capacity": "106909527876",
    "avg_channel_size": 2713990.8579406985,
    "min_channel_size": "1100",
    "max_channel_size": "16777216"
}
