{
    "graph_diameter": 0,
    "avg_out_degree": 9.94436052366566,
    "max_out_degree": 1162,
    "num_nodes": 3972,
    "num_channels": 39499,
    "total_network_capacity": "106858654625",
    "avg_channel_size": 2705350.885465455,
    "min_channel_size": "1100",
    "max_channel_size": "16777216"
}
