{
    "graph_diameter": 0,
    "avg_out_degree": 9.977913175932978,
    "max_out_degree": 1163,
    "num_nodes": 3939,
    "num_channels": 39303,
    "total_network_capacity": "106739395813",
    "avg_channel_size": 2715807.847060021,
    "min_channel_size": "1100",
    "max_channel_size": "16777216"
}
