{
    "graph_diameter": 0,
    "avg_out_degree": 10.015251652262329,
    "max_out_degree": 1163,
    "num_nodes": 3934,
    "num_channels": 39400,
    "total_network_capacity": "106829601748",
    "avg_channel_size": 2711411.2118781726,
    "min_channel_size": "1100",
    "max_channel_size": "16777216"
}
