{
    "graph_diameter": 0,
    "avg_out_degree": 10.010157440325038,
    "max_out_degree": 1163,
    "num_nodes": 3938,
    "num_channels": 39420,
    "total_network_capacity": "106797617805",
    "avg_channel_size": 2709224.1959665143,
    "min_channel_size": "1100",
    "max_channel_size": "16777216"
}
