{
    "graph_diameter": 0,
    "avg_out_degree": 9.95612477808775,
    "max_out_degree": 1163,
    "num_nodes": 3943,
    "num_channels": 39257,
    "total_network_capacity": "106558216939",
    "avg_channel_size": 2714374.9379473724,
    "min_channel_size": "1100",
    "max_channel_size": "16777216"
}
