{
    "graph_diameter": 0,
    "avg_out_degree": 9.955871164088258,
    "max_out_degree": 1163,
    "num_nodes": 3943,
    "num_channels": 39256,
    "total_network_capacity": "106557216939",
    "avg_channel_size": 2714418.609613817,
    "min_channel_size": "1100",
    "max_channel_size": "16777216"
}
