{
    "graph_diameter": 0,
    "avg_out_degree": 9.963760770400405,
    "max_out_degree": 1163,
    "num_nodes": 3946,
    "num_channels": 39317,
    "total_network_capacity": "106589625503",
    "avg_channel_size": 2711031.5004451,
    "min_channel_size": "1100",
    "max_channel_size": "16777216"
}
