{
    "graph_diameter": 0,
    "avg_out_degree": 9.239358906988965,
    "max_out_degree": 1107,
    "num_nodes": 3806,
    "num_channels": 35165,
    "total_network_capacity": "80780212413",
    "avg_channel_size": 2297176.5224797386,
    "min_channel_size": "1100",
    "max_channel_size": "16777216"
}
