{
    "graph_diameter": 0,
    "avg_out_degree": 9.24206661421453,
    "max_out_degree": 1109,
    "num_nodes": 3813,
    "num_channels": 35240,
    "total_network_capacity": "80937910044",
    "avg_channel_size": 2296762.487060159,
    "min_channel_size": "1100",
    "max_channel_size": "16777216"
}
