{
    "graph_diameter": 0,
    "avg_out_degree": 9.238493723849372,
    "max_out_degree": 1110,
    "num_nodes": 3824,
    "num_channels": 35328,
    "total_network_capacity": "80724794479",
    "avg_channel_size": 2285008.9016927085,
    "min_channel_size": "1100",
    "max_channel_size": "16777216"
}
