{
    "graph_diameter": 0,
    "avg_out_degree": 9.23123201674078,
    "max_out_degree": 1110,
    "num_nodes": 3823,
    "num_channels": 35291,
    "total_network_capacity": "80869466790",
    "avg_channel_size": 2291503.975234479,
    "min_channel_size": "1100",
    "max_channel_size": "16777216"
}
