{
    "graph_diameter": 0,
    "avg_out_degree": 9.231694560669457,
    "max_out_degree": 1109,
    "num_nodes": 3824,
    "num_channels": 35302,
    "total_network_capacity": "80844796097",
    "avg_channel_size": 2290091.10240213,
    "min_channel_size": "1100",
    "max_channel_size": "16777216"
}
