{
    "graph_diameter": 0,
    "avg_out_degree": 9.244088281660536,
    "max_out_degree": 1107,
    "num_nodes": 3806,
    "num_channels": 35183,
    "total_network_capacity": "80830936469",
    "avg_channel_size": 2297442.9829463093,
    "min_channel_size": "1100",
    "max_channel_size": "16777216"
}
