{
    "graph_diameter": 0,
    "avg_out_degree": 9.21342737722048,
    "max_out_degree": 1109,
    "num_nodes": 3828,
    "num_channels": 35269,
    "total_network_capacity": "80730752816",
    "avg_channel_size": 2289000.335025093,
    "min_channel_size": "1100",
    "max_channel_size": "16777216"
}
