{
    "graph_diameter": 0,
    "avg_out_degree": 9.232801464818206,
    "max_out_degree": 1109,
    "num_nodes": 3823,
    "num_channels": 35297,
    "total_network_capacity": "80792526079",
    "avg_channel_size": 2288934.6425758563,
    "min_channel_size": "1100",
    "max_channel_size": "16777216"
}
