{
    "graph_diameter": 0,
    "avg_out_degree": 9.239602406487052,
    "max_out_degree": 1110,
    "num_nodes": 3823,
    "num_channels": 35323,
    "total_network_capacity": "80898596189",
    "avg_channel_size": 2290252.7018939503,
    "min_channel_size": "1100",
    "max_channel_size": "16777216"
}
