{
    "graph_diameter": 0,
    "avg_out_degree": 9.231633986928104,
    "max_out_degree": 1109,
    "num_nodes": 3825,
    "num_channels": 35311,
    "total_network_capacity": "80849392876",
    "avg_channel_size": 2289637.5881736567,
    "min_channel_size": "1100",
    "max_channel_size": "16777216"
}
