{
    "graph_diameter": 0,
    "avg_out_degree": 9.234432234432234,
    "max_out_degree": 1109,
    "num_nodes": 3822,
    "num_channels": 35294,
    "total_network_capacity": "80682265583",
    "avg_channel_size": 2286005.1448688162,
    "min_channel_size": "1100",
    "max_channel_size": "16777216"
}
