{
    "graph_diameter": 0,
    "avg_out_degree": 9.245738263834252,
    "max_out_degree": 1110,
    "num_nodes": 3813,
    "num_channels": 35254,
    "total_network_capacity": "80935871123",
    "avg_channel_size": 2295792.5660350597,
    "min_channel_size": "1100",
    "max_channel_size": "16777216"
}
