{
    "graph_diameter": 0,
    "avg_out_degree": 9.240147136100893,
    "max_out_degree": 1107,
    "num_nodes": 3806,
    "num_channels": 35168,
    "total_network_capacity": "80785963897",
    "avg_channel_size": 2297144.105351456,
    "min_channel_size": "1100",
    "max_channel_size": "16777216"
}
