{
    "graph_diameter": 0,
    "avg_out_degree": 9.239801255230125,
    "max_out_degree": 1110,
    "num_nodes": 3824,
    "num_channels": 35333,
    "total_network_capacity": "80746794479",
    "avg_channel_size": 2285308.1957093934,
    "min_channel_size": "1100",
    "max_channel_size": "16777216"
}
