{
    "graph_diameter": 0,
    "avg_out_degree": 9.242853396275898,
    "max_out_degree": 1109,
    "num_nodes": 3813,
    "num_channels": 35243,
    "total_network_capacity": "80940035044",
    "avg_channel_size": 2296627.2747495957,
    "min_channel_size": "1100",
    "max_channel_size": "16777216"
}
