{
    "graph_diameter": 0,
    "avg_out_degree": 9.235617154811715,
    "max_out_degree": 1110,
    "num_nodes": 3824,
    "num_channels": 35317,
    "total_network_capacity": "80694504818",
    "avg_channel_size": 2284862.9503638474,
    "min_channel_size": "1100",
    "max_channel_size": "16777216"
}
