{
    "graph_diameter": 0,
    "avg_out_degree": 9.232344447361513,
    "max_out_degree": 1107,
    "num_nodes": 3809,
    "num_channels": 35166,
    "total_network_capacity": "80752623070",
    "avg_channel_size": 2296326.652732753,
    "min_channel_size": "1100",
    "max_channel_size": "16777216"
}
