{
    "graph_diameter": 0,
    "avg_out_degree": 9.229924143342924,
    "max_out_degree": 1109,
    "num_nodes": 3823,
    "num_channels": 35286,
    "total_network_capacity": "80722676683",
    "avg_channel_size": 2287668.66981239,
    "min_channel_size": "1100",
    "max_channel_size": "16777216"
}
