{
    "graph_diameter": 0,
    "avg_out_degree": 9.245411641321446,
    "max_out_degree": 1110,
    "num_nodes": 3814,
    "num_channels": 35262,
    "total_network_capacity": "80966608697",
    "avg_channel_size": 2296143.4035789235,
    "min_channel_size": "1100",
    "max_channel_size": "16777216"
}
