{
    "graph_diameter": 0,
    "avg_out_degree": 9.231292517006803,
    "max_out_degree": 1109,
    "num_nodes": 3822,
    "num_channels": 35282,
    "total_network_capacity": "80694436607",
    "avg_channel_size": 2287127.6176804034,
    "min_channel_size": "1100",
    "max_channel_size": "16777216"
}
