{
    "graph_diameter": 0,
    "avg_out_degree": 9.2374573154715,
    "max_out_degree": 1107,
    "num_nodes": 3807,
    "num_channels": 35167,
    "total_network_capacity": "80779916014",
    "avg_channel_size": 2297037.450280092,
    "min_channel_size": "1100",
    "max_channel_size": "16777216"
}
