{
    "graph_diameter": 0,
    "avg_out_degree": 9.2437106918239,
    "max_out_degree": 1110,
    "num_nodes": 3816,
    "num_channels": 35274,
    "total_network_capacity": "80959379993",
    "avg_channel_size": 2295157.339485173,
    "min_channel_size": "1100",
    "max_channel_size": "16777216"
}
