{
    "graph_diameter": 0,
    "avg_out_degree": 9.240585774058577,
    "max_out_degree": 1110,
    "num_nodes": 3824,
    "num_channels": 35336,
    "total_network_capacity": "80754814479",
    "avg_channel_size": 2285341.138753679,
    "min_channel_size": "1100",
    "max_channel_size": "16777216"
}
