{
    "graph_diameter": 0,
    "avg_out_degree": 9.234832635983263,
    "max_out_degree": 1109,
    "num_nodes": 3824,
    "num_channels": 35314,
    "total_network_capacity": "80890559086",
    "avg_channel_size": 2290608.797813898,
    "min_channel_size": "1100",
    "max_channel_size": "16777216"
}
