{
    "graph_diameter": 0,
    "avg_out_degree": 9.233149750852347,
    "max_out_degree": 1109,
    "num_nodes": 3813,
    "num_channels": 35206,
    "total_network_capacity": "80863908574",
    "avg_channel_size": 2296878.6165426346,
    "min_channel_size": "1100",
    "max_channel_size": "16777216"
}
