{
    "graph_diameter": 0,
    "avg_out_degree": 9.241496598639456,
    "max_out_degree": 1110,
    "num_nodes": 3822,
    "num_channels": 35321,
    "total_network_capacity": "80912659339",
    "avg_channel_size": 2290780.536762832,
    "min_channel_size": "1100",
    "max_channel_size": "16777216"
}
