{
    "graph_diameter": 0,
    "avg_out_degree": 9.229400993983782,
    "max_out_degree": 1109,
    "num_nodes": 3823,
    "num_channels": 35284,
    "total_network_capacity": "80712656683",
    "avg_channel_size": 2287514.360134905,
    "min_channel_size": "1100",
    "max_channel_size": "16777216"
}
