{
    "graph_diameter": 0,
    "avg_out_degree": 9.244432800628767,
    "max_out_degree": 1110,
    "num_nodes": 3817,
    "num_channels": 35286,
    "total_network_capacity": "80967574993",
    "avg_channel_size": 2294609.05155019,
    "min_channel_size": "1100",
    "max_channel_size": "16777216"
}
