{
    "graph_diameter": 0,
    "avg_out_degree": 9.236525379382522,
    "max_out_degree": 1110,
    "num_nodes": 3822,
    "num_channels": 35302,
    "total_network_capacity": "80669660396",
    "avg_channel_size": 2285130.03217948,
    "min_channel_size": "1100",
    "max_channel_size": "16777216"
}
