{
    "graph_diameter": 0,
    "avg_out_degree": 9.22828653896615,
    "max_out_degree": 1108,
    "num_nodes": 3811,
    "num_channels": 35169,
    "total_network_capacity": "80807463893",
    "avg_channel_size": 2297690.121783389,
    "min_channel_size": "1100",
    "max_channel_size": "16777216"
}
