{
    "graph_diameter": 0,
    "avg_out_degree": 9.243059193294918,
    "max_out_degree": 1110,
    "num_nodes": 3818,
    "num_channels": 35290,
    "total_network_capacity": "80926985438",
    "avg_channel_size": 2293198.793935959,
    "min_channel_size": "1100",
    "max_channel_size": "16777216"
}
