{
    "graph_diameter": 0,
    "avg_out_degree": 9.229139419304211,
    "max_out_degree": 1109,
    "num_nodes": 3823,
    "num_channels": 35283,
    "total_network_capacity": "80676537794",
    "avg_channel_size": 2286555.5024799476,
    "min_channel_size": "1100",
    "max_channel_size": "16777216"
}
