{
    "graph_diameter": 0,
    "avg_out_degree": 9.240387130525765,
    "max_out_degree": 1110,
    "num_nodes": 3823,
    "num_channels": 35326,
    "total_network_capacity": "80911661512",
    "avg_channel_size": 2290428.0561626,
    "min_channel_size": "1100",
    "max_channel_size": "16777216"
}
