{
    "graph_diameter": 0,
    "avg_out_degree": 9.238582677165354,
    "max_out_degree": 1109,
    "num_nodes": 3810,
    "num_channels": 35199,
    "total_network_capacity": "80862482935",
    "avg_channel_size": 2297294.8928946843,
    "min_channel_size": "1100",
    "max_channel_size": "16777216"
}
