{
    "graph_diameter": 0,
    "avg_out_degree": 9.234571129707113,
    "max_out_degree": 1109,
    "num_nodes": 3824,
    "num_channels": 35313,
    "total_network_capacity": "80888806861",
    "avg_channel_size": 2290624.043864866,
    "min_channel_size": "1100",
    "max_channel_size": "16777216"
}
