{
    "graph_diameter": 0,
    "avg_out_degree": 9.240808823529411,
    "max_out_degree": 1107,
    "num_nodes": 3808,
    "num_channels": 35189,
    "total_network_capacity": "80836125033",
    "avg_channel_size": 2297198.6993946973,
    "min_channel_size": "1100",
    "max_channel_size": "16777216"
}
