{
    "graph_diameter": 0,
    "avg_out_degree": 9.234370912895631,
    "max_out_degree": 1110,
    "num_nodes": 3823,
    "num_channels": 35303,
    "total_network_capacity": "80669600396",
    "avg_channel_size": 2285063.6035464406,
    "min_channel_size": "1100",
    "max_channel_size": "16777216"
}
