{
    "graph_diameter": 0,
    "avg_out_degree": 9.245540398740818,
    "max_out_degree": 1109,
    "num_nodes": 3812,
    "num_channels": 35244,
    "total_network_capacity": "80953058697",
    "avg_channel_size": 2296931.639342867,
    "min_channel_size": "1100",
    "max_channel_size": "16777216"
}
