{
    "graph_diameter": 0,
    "avg_out_degree": 9.239107611548556,
    "max_out_degree": 1109,
    "num_nodes": 3810,
    "num_channels": 35201,
    "total_network_capacity": "80862782935",
    "avg_channel_size": 2297172.8909690063,
    "min_channel_size": "1100",
    "max_channel_size": "16777216"
}
