{
    "graph_diameter": 0,
    "avg_out_degree": 9.237982663514579,
    "max_out_degree": 1107,
    "num_nodes": 3807,
    "num_channels": 35169,
    "total_network_capacity": "80783122825",
    "avg_channel_size": 2296998.0046347636,
    "min_channel_size": "1100",
    "max_channel_size": "16777216"
}
