{
    "graph_diameter": 0,
    "avg_out_degree": 9.239016736401673,
    "max_out_degree": 1110,
    "num_nodes": 3824,
    "num_channels": 35330,
    "total_network_capacity": "80734794479",
    "avg_channel_size": 2285162.594933484,
    "min_channel_size": "1100",
    "max_channel_size": "16777216"
}
