{
    "graph_diameter": 0,
    "avg_out_degree": 9.231755166099921,
    "max_out_degree": 1109,
    "num_nodes": 3823,
    "num_channels": 35293,
    "total_network_capacity": "80773226079",
    "avg_channel_size": 2288647.2127334033,
    "min_channel_size": "1100",
    "max_channel_size": "16777216"
}
