{
    "graph_diameter": 0,
    "avg_out_degree": 9.245149449396958,
    "max_out_degree": 1110,
    "num_nodes": 3814,
    "num_channels": 35261,
    "total_network_capacity": "80946971123",
    "avg_channel_size": 2295651.601571141,
    "min_channel_size": "1100",
    "max_channel_size": "16777216"
}
