{
    "graph_diameter": 0,
    "avg_out_degree": 9.231030873888017,
    "max_out_degree": 1110,
    "num_nodes": 3822,
    "num_channels": 35281,
    "total_network_capacity": "80848169077",
    "avg_channel_size": 2291549.816530144,
    "min_channel_size": "1100",
    "max_channel_size": "16777216"
}
