{
    "graph_diameter": 0,
    "avg_out_degree": 9.246787306582743,
    "max_out_degree": 1110,
    "num_nodes": 3813,
    "num_channels": 35258,
    "total_network_capacity": "80966398697",
    "avg_channel_size": 2296397.9436439956,
    "min_channel_size": "1100",
    "max_channel_size": "16777216"
}
