{
    "graph_diameter": 0,
    "avg_out_degree": 9.235355923299185,
    "max_out_degree": 1107,
    "num_nodes": 3807,
    "num_channels": 35159,
    "total_network_capacity": "80682066376",
    "avg_channel_size": 2294777.0521345884,
    "min_channel_size": "1100",
    "max_channel_size": "16777216"
}
