{
    "graph_diameter": 0,
    "avg_out_degree": 9.239296033622274,
    "max_out_degree": 1107,
    "num_nodes": 3807,
    "num_channels": 35174,
    "total_network_capacity": "80802013897",
    "avg_channel_size": 2297208.5602149316,
    "min_channel_size": "1100",
    "max_channel_size": "16777216"
}
