{
    "graph_diameter": 0,
    "avg_out_degree": 9.237110704004188,
    "max_out_degree": 1109,
    "num_nodes": 3821,
    "num_channels": 35295,
    "total_network_capacity": "80662290290",
    "avg_channel_size": 2285374.4238560703,
    "min_channel_size": "1100",
    "max_channel_size": "16777216"
}
