{
    "graph_diameter": 0,
    "avg_out_degree": 9.241804353527407,
    "max_out_degree": 1109,
    "num_nodes": 3813,
    "num_channels": 35239,
    "total_network_capacity": "80936540044",
    "avg_channel_size": 2296788.78640143,
    "min_channel_size": "1100",
    "max_channel_size": "16777216"
}
