{
    "graph_diameter": 0,
    "avg_out_degree": 9.237571951857666,
    "max_out_degree": 1110,
    "num_nodes": 3822,
    "num_channels": 35306,
    "total_network_capacity": "80889324286",
    "avg_channel_size": 2291092.8535093185,
    "min_channel_size": "1100",
    "max_channel_size": "16777216"
}
