{
    "graph_diameter": 0,
    "avg_out_degree": 9.232418300653595,
    "max_out_degree": 1109,
    "num_nodes": 3825,
    "num_channels": 35314,
    "total_network_capacity": "80840553377",
    "avg_channel_size": 2289192.7670895397,
    "min_channel_size": "1100",
    "max_channel_size": "16777216"
}
