{
    "graph_diameter": 0,
    "avg_out_degree": 9.240493050091791,
    "max_out_degree": 1109,
    "num_nodes": 3813,
    "num_channels": 35234,
    "total_network_capacity": "80931040044",
    "avg_channel_size": 2296958.620764035,
    "min_channel_size": "1100",
    "max_channel_size": "16777216"
}
