{
    "graph_diameter": 0,
    "avg_out_degree": 9.231956066945607,
    "max_out_degree": 1109,
    "num_nodes": 3824,
    "num_channels": 35303,
    "total_network_capacity": "80850776097",
    "avg_channel_size": 2290195.6235164152,
    "min_channel_size": "1100",
    "max_channel_size": "16777216"
}
