{
    "graph_diameter": 0,
    "avg_out_degree": 9.243844944997381,
    "max_out_degree": 1110,
    "num_nodes": 3818,
    "num_channels": 35293,
    "total_network_capacity": "80977874993",
    "avg_channel_size": 2294445.782251438,
    "min_channel_size": "1100",
    "max_channel_size": "16777216"
}
