{
    "graph_diameter": 0,
    "avg_out_degree": 9.240346729708431,
    "max_out_degree": 1107,
    "num_nodes": 3807,
    "num_channels": 35178,
    "total_network_capacity": "80805543665",
    "avg_channel_size": 2297047.690744215,
    "min_channel_size": "1100",
    "max_channel_size": "16777216"
}
