{
    "graph_diameter": 0,
    "avg_out_degree": 9.2320819112628,
    "max_out_degree": 1107,
    "num_nodes": 3809,
    "num_channels": 35165,
    "total_network_capacity": "80750623070",
    "avg_channel_size": 2296335.07948244,
    "min_channel_size": "1100",
    "max_channel_size": "16777216"
}
