{
    "graph_diameter": 0,
    "avg_out_degree": 9.241660099816128,
    "max_out_degree": 1107,
    "num_nodes": 3807,
    "num_channels": 35183,
    "total_network_capacity": "80815888665",
    "avg_channel_size": 2297015.2819543527,
    "min_channel_size": "1100",
    "max_channel_size": "16777216"
}
