{
    "graph_diameter": 0,
    "avg_out_degree": 9.240910279884908,
    "max_out_degree": 1110,
    "num_nodes": 3823,
    "num_channels": 35328,
    "total_network_capacity": "80911532667",
    "avg_channel_size": 2290294.7426120923,
    "min_channel_size": "1100",
    "max_channel_size": "16777216"
}
