{
    "graph_diameter": 0,
    "avg_out_degree": 9.219722730839655,
    "max_out_degree": 1108,
    "num_nodes": 3823,
    "num_channels": 35247,
    "total_network_capacity": "80731016100",
    "avg_channel_size": 2290436.5222572135,
    "min_channel_size": "1100",
    "max_channel_size": "16777216"
}
