{
    "graph_diameter": 0,
    "avg_out_degree": 9.236725085011772,
    "max_out_degree": 1110,
    "num_nodes": 3823,
    "num_channels": 35312,
    "total_network_capacity": "80673715376",
    "avg_channel_size": 2284597.7394653377,
    "min_channel_size": "1100",
    "max_channel_size": "16777216"
}
