{
    "graph_diameter": 0,
    "avg_out_degree": 9.246262785208497,
    "max_out_degree": 1110,
    "num_nodes": 3813,
    "num_channels": 35256,
    "total_network_capacity": "80937871123",
    "avg_channel_size": 2295719.0584014067,
    "min_channel_size": "1100",
    "max_channel_size": "16777216"
}
