{
    "graph_diameter": 0,
    "avg_out_degree": 9.230708867381637,
    "max_out_degree": 1109,
    "num_nodes": 3823,
    "num_channels": 35289,
    "total_network_capacity": "80737490338",
    "avg_channel_size": 2287893.9708691095,
    "min_channel_size": "1100",
    "max_channel_size": "16777216"
}
