{
    "graph_diameter": 0,
    "avg_out_degree": 9.232278315459064,
    "max_out_degree": 1109,
    "num_nodes": 3823,
    "num_channels": 35295,
    "total_network_capacity": "80682589967",
    "avg_channel_size": 2285949.566992492,
    "min_channel_size": "1100",
    "max_channel_size": "16777216"
}
