{
    "graph_diameter": 0,
    "avg_out_degree": 9.235940360973057,
    "max_out_degree": 1110,
    "num_nodes": 3823,
    "num_channels": 35309,
    "total_network_capacity": "80670665376",
    "avg_channel_size": 2284705.468180917,
    "min_channel_size": "1100",
    "max_channel_size": "16777216"
}
