{
    "graph_diameter": 0,
    "avg_out_degree": 9.237519705727799,
    "max_out_degree": 1107,
    "num_nodes": 3806,
    "num_channels": 35158,
    "total_network_capacity": "80789566466",
    "avg_channel_size": 2297899.9506797884,
    "min_channel_size": "1100",
    "max_channel_size": "16777216"
}
