{
    "graph_diameter": 0,
    "avg_out_degree": 9.244234800838575,
    "max_out_degree": 1110,
    "num_nodes": 3816,
    "num_channels": 35276,
    "total_network_capacity": "80960409993",
    "avg_channel_size": 2295056.4120932077,
    "min_channel_size": "1100",
    "max_channel_size": "16777216"
}
