{
    "graph_diameter": 0,
    "avg_out_degree": 9.229542483660131,
    "max_out_degree": 1109,
    "num_nodes": 3825,
    "num_channels": 35303,
    "total_network_capacity": "80822373604",
    "avg_channel_size": 2289391.0886893463,
    "min_channel_size": "1100",
    "max_channel_size": "16777216"
}
