{
    "graph_diameter": 0,
    "avg_out_degree": 9.2364635103322,
    "max_out_degree": 1110,
    "num_nodes": 3823,
    "num_channels": 35311,
    "total_network_capacity": "80673215376",
    "avg_channel_size": 2284648.2788932626,
    "min_channel_size": "1100",
    "max_channel_size": "16777216"
}
