{
    "graph_diameter": 0,
    "avg_out_degree": 9.23764705882353,
    "max_out_degree": 1110,
    "num_nodes": 3825,
    "num_channels": 35334,
    "total_network_capacity": "80767948272",
    "avg_channel_size": 2285842.199354729,
    "min_channel_size": "1100",
    "max_channel_size": "16777216"
}
