{
    "graph_diameter": 0,
    "avg_out_degree": 9.24123495552067,
    "max_out_degree": 1110,
    "num_nodes": 3822,
    "num_channels": 35320,
    "total_network_capacity": "80912639339",
    "avg_channel_size": 2290844.8283975087,
    "min_channel_size": "1100",
    "max_channel_size": "16777216"
}
