{
    "graph_diameter": 0,
    "avg_out_degree": 9.21363280229825,
    "max_out_degree": 1109,
    "num_nodes": 3829,
    "num_channels": 35279,
    "total_network_capacity": "80733489079",
    "avg_channel_size": 2288429.0676889936,
    "min_channel_size": "1100",
    "max_channel_size": "16777216"
}
