{
    "graph_diameter": 0,
    "avg_out_degree": 9.231614760533892,
    "max_out_degree": 1109,
    "num_nodes": 3821,
    "num_channels": 35274,
    "total_network_capacity": "80683105033",
    "avg_channel_size": 2287325.0845665364,
    "min_channel_size": "1100",
    "max_channel_size": "16777216"
}
