{
    "graph_diameter": 0,
    "avg_out_degree": 9.235695538057742,
    "max_out_degree": 1109,
    "num_nodes": 3810,
    "num_channels": 35188,
    "total_network_capacity": "80857539029",
    "avg_channel_size": 2297872.5425997498,
    "min_channel_size": "1100",
    "max_channel_size": "16777216"
}
