{
    "graph_diameter": 0,
    "avg_out_degree": 9.240450026164313,
    "max_out_degree": 1110,
    "num_nodes": 3822,
    "num_channels": 35317,
    "total_network_capacity": "80910619339",
    "avg_channel_size": 2290982.2277939804,
    "min_channel_size": "1100",
    "max_channel_size": "16777216"
}
