{
    "graph_diameter": 0,
    "avg_out_degree": 9.237496726891857,
    "max_out_degree": 1110,
    "num_nodes": 3819,
    "num_channels": 35278,
    "total_network_capacity": "80903752777",
    "avg_channel_size": 2293320.2782754125,
    "min_channel_size": "1100",
    "max_channel_size": "16777216"
}
