{
    "graph_diameter": 0,
    "avg_out_degree": 9.213893967093236,
    "max_out_degree": 1109,
    "num_nodes": 3829,
    "num_channels": 35280,
    "total_network_capacity": "80741631790",
    "avg_channel_size": 2288595.0053854873,
    "min_channel_size": "1100",
    "max_channel_size": "16777216"
}
