{
    "graph_diameter": 0,
    "avg_out_degree": 9.237608182533439,
    "max_out_degree": 1109,
    "num_nodes": 3813,
    "num_channels": 35223,
    "total_network_capacity": "80906060044",
    "avg_channel_size": 2296966.755926525,
    "min_channel_size": "1100",
    "max_channel_size": "16777216"
}
