{
    "graph_diameter": 0,
    "avg_out_degree": 9.2445723253989,
    "max_out_degree": 1110,
    "num_nodes": 3823,
    "num_channels": 35342,
    "total_network_capacity": "80765376330",
    "avg_channel_size": 2285252.0041310624,
    "min_channel_size": "1100",
    "max_channel_size": "16777216"
}
