{
    "graph_diameter": 0,
    "avg_out_degree": 9.233936532913717,
    "max_out_degree": 1109,
    "num_nodes": 3813,
    "num_channels": 35209,
    "total_network_capacity": "80865108574",
    "avg_channel_size": 2296716.99207589,
    "min_channel_size": "1100",
    "max_channel_size": "16777216"
}
