{
    "graph_diameter": 0,
    "avg_out_degree": 9.226652675760755,
    "max_out_degree": 1108,
    "num_nodes": 3812,
    "num_channels": 35172,
    "total_network_capacity": "80827623778",
    "avg_channel_size": 2298067.319970431,
    "min_channel_size": "1100",
    "max_channel_size": "16777216"
}
