{
    "graph_diameter": 0,
    "avg_out_degree": 9.233185030096834,
    "max_out_degree": 1109,
    "num_nodes": 3821,
    "num_channels": 35280,
    "total_network_capacity": "80691206493",
    "avg_channel_size": 2287165.7169217686,
    "min_channel_size": "1100",
    "max_channel_size": "16777216"
}
