{
    "graph_diameter": 0,
    "avg_out_degree": 9.233446741690656,
    "max_out_degree": 1109,
    "num_nodes": 3821,
    "num_channels": 35281,
    "total_network_capacity": "80694206493",
    "avg_channel_size": 2287185.9214024544,
    "min_channel_size": "1100",
    "max_channel_size": "16777216"
}
