{
    "graph_diameter": 0,
    "avg_out_degree": 9.231493591420351,
    "max_out_degree": 1109,
    "num_nodes": 3823,
    "num_channels": 35292,
    "total_network_capacity": "80686010503",
    "avg_channel_size": 2286240.8053666553,
    "min_channel_size": "1100",
    "max_channel_size": "16777216"
}
