{
    "graph_diameter": 0,
    "avg_out_degree": 9.23868097356713,
    "max_out_degree": 1109,
    "num_nodes": 3821,
    "num_channels": 35301,
    "total_network_capacity": "80678353902",
    "avg_channel_size": 2285441.0328885866,
    "min_channel_size": "1100",
    "max_channel_size": "16777216"
}
