{
    "graph_diameter": 0,
    "avg_out_degree": 9.232862375719519,
    "max_out_degree": 1110,
    "num_nodes": 3822,
    "num_channels": 35288,
    "total_network_capacity": "80858966790",
    "avg_channel_size": 2291401.2352641122,
    "min_channel_size": "1100",
    "max_channel_size": "16777216"
}
