{
    "graph_diameter": 0,
    "avg_out_degree": 9.237895838785658,
    "max_out_degree": 1109,
    "num_nodes": 3821,
    "num_channels": 35298,
    "total_network_capacity": "80665338075",
    "avg_channel_size": 2285266.5328063914,
    "min_channel_size": "1100",
    "max_channel_size": "16777216"
}
