{
    "graph_diameter": 0,
    "avg_out_degree": 9.240324267782427,
    "max_out_degree": 1110,
    "num_nodes": 3824,
    "num_channels": 35335,
    "total_network_capacity": "80754794479",
    "avg_channel_size": 2285405.249158059,
    "min_channel_size": "1100",
    "max_channel_size": "16777216"
}
