{
    "graph_diameter": 0,
    "avg_out_degree": 9.228488982161595,
    "max_out_degree": 1109,
    "num_nodes": 3812,
    "num_channels": 35179,
    "total_network_capacity": "80846947338",
    "avg_channel_size": 2298159.3376161912,
    "min_channel_size": "1100",
    "max_channel_size": "16777216"
}
