{
    "graph_diameter": 0,
    "avg_out_degree": 9.230910041841005,
    "max_out_degree": 1109,
    "num_nodes": 3824,
    "num_channels": 35299,
    "total_network_capacity": "80765829876",
    "avg_channel_size": 2288048.666421145,
    "min_channel_size": "1100",
    "max_channel_size": "16777216"
}
