{
    "graph_diameter": 0,
    "avg_out_degree": 9.230971128608925,
    "max_out_degree": 1108,
    "num_nodes": 3810,
    "num_channels": 35170,
    "total_network_capacity": "80810227791",
    "avg_channel_size": 2297703.377622974,
    "min_channel_size": "1100",
    "max_channel_size": "16777216"
}
