{
    "graph_diameter": 0,
    "avg_out_degree": 9.230185718022495,
    "max_out_degree": 1109,
    "num_nodes": 3823,
    "num_channels": 35287,
    "total_network_capacity": "80722880338",
    "avg_channel_size": 2287609.610848188,
    "min_channel_size": "1100",
    "max_channel_size": "16777216"
}
