{
    "graph_diameter": 0,
    "avg_out_degree": 9.230648535564853,
    "max_out_degree": 1109,
    "num_nodes": 3824,
    "num_channels": 35298,
    "total_network_capacity": "80757829876",
    "avg_channel_size": 2287886.845600317,
    "min_channel_size": "1100",
    "max_channel_size": "16777216"
}
