{
    "graph_diameter": 0,
    "avg_out_degree": 9.236787022501309,
    "max_out_degree": 1110,
    "num_nodes": 3822,
    "num_channels": 35303,
    "total_network_capacity": "80669680396",
    "avg_channel_size": 2285065.8696428067,
    "min_channel_size": "1100",
    "max_channel_size": "16777216"
}
