{
    "graph_diameter": 0,
    "avg_out_degree": 9.244951481772882,
    "max_out_degree": 1110,
    "num_nodes": 3813,
    "num_channels": 35251,
    "total_network_capacity": "80964398697",
    "avg_channel_size": 2296797.21701512,
    "min_channel_size": "1100",
    "max_channel_size": "16777216"
}
