{
    "graph_diameter": 0,
    "avg_out_degree": 8.625671472999718,
    "max_out_degree": 1027,
    "num_nodes": 3537,
    "num_channels": 30509,
    "total_network_capacity": "72805303788",
    "avg_channel_size": 2386354.9702710677,
    "min_channel_size": "1100",
    "max_channel_size": "16777216"
}
