{
    "graph_diameter": 0,
    "avg_out_degree": 8.682982356289129,
    "max_out_degree": 1021,
    "num_nodes": 3514,
    "num_channels": 30512,
    "total_network_capacity": "72571841298",
    "avg_channel_size": 2378468.8417016254,
    "min_channel_size": "1100",
    "max_channel_size": "16777216"
}
