{
    "graph_diameter": 0,
    "avg_out_degree": 8.687535571997723,
    "max_out_degree": 1021,
    "num_nodes": 3514,
    "num_channels": 30528,
    "total_network_capacity": "72590573403",
    "avg_channel_size": 2377835.8688089624,
    "min_channel_size": "1100",
    "max_channel_size": "16777216"
}
