{
    "graph_diameter": 0,
    "avg_out_degree": 8.604024943310657,
    "max_out_degree": 1023,
    "num_nodes": 3528,
    "num_channels": 30355,
    "total_network_capacity": "72467679264",
    "avg_channel_size": 2387339.1291055838,
    "min_channel_size": "1100",
    "max_channel_size": "16777216"
}
