{
    "graph_diameter": 0,
    "avg_out_degree": 8.604591836734693,
    "max_out_degree": 1023,
    "num_nodes": 3528,
    "num_channels": 30357,
    "total_network_capacity": "72468679264",
    "avg_channel_size": 2387214.7861778173,
    "min_channel_size": "1100",
    "max_channel_size": "16777216"
}
