{
    "graph_diameter": 0,
    "avg_out_degree": 8.605561861520998,
    "max_out_degree": 1023,
    "num_nodes": 3524,
    "num_channels": 30326,
    "total_network_capacity": "72464734275",
    "avg_channel_size": 2389524.971146871,
    "min_channel_size": "1100",
    "max_channel_size": "16777216"
}
