{
    "graph_diameter": 0,
    "avg_out_degree": 8.62027833001988,
    "max_out_degree": 1023,
    "num_nodes": 3521,
    "num_channels": 30352,
    "total_network_capacity": "72493198450",
    "avg_channel_size": 2388415.8688060096,
    "min_channel_size": "1100",
    "max_channel_size": "16777216"
}
