{
    "graph_diameter": 0,
    "avg_out_degree": 8.606566657231815,
    "max_out_degree": 1023,
    "num_nodes": 3533,
    "num_channels": 30407,
    "total_network_capacity": "72543844498",
    "avg_channel_size": 2385761.321340481,
    "min_channel_size": "1100",
    "max_channel_size": "16777216"
}
