{
    "graph_diameter": 0,
    "avg_out_degree": 8.620885357548241,
    "max_out_degree": 1023,
    "num_nodes": 3524,
    "num_channels": 30380,
    "total_network_capacity": "72622557896",
    "avg_channel_size": 2390472.6101382487,
    "min_channel_size": "1100",
    "max_channel_size": "16777216"
}
