{
    "graph_diameter": 0,
    "avg_out_degree": 8.623798756359525,
    "max_out_degree": 1027,
    "num_nodes": 3538,
    "num_channels": 30511,
    "total_network_capacity": "72840421923",
    "avg_channel_size": 2387349.5435416736,
    "min_channel_size": "1100",
    "max_channel_size": "16777216"
}
