{
    "graph_diameter": 0,
    "avg_out_degree": 8.587252124645893,
    "max_out_degree": 1023,
    "num_nodes": 3530,
    "num_channels": 30313,
    "total_network_capacity": "72332905536",
    "avg_channel_size": 2386200.822617359,
    "min_channel_size": "1100",
    "max_channel_size": "16777216"
}
