{
    "graph_diameter": 0,
    "avg_out_degree": 8.622480840193017,
    "max_out_degree": 1025,
    "num_nodes": 3523,
    "num_channels": 30377,
    "total_network_capacity": "72513995288",
    "avg_channel_size": 2387134.848339204,
    "min_channel_size": "1100",
    "max_channel_size": "16777216"
}
