{
    "graph_diameter": 0,
    "avg_out_degree": 8.62116912599319,
    "max_out_degree": 1025,
    "num_nodes": 3524,
    "num_channels": 30381,
    "total_network_capacity": "72638911775",
    "avg_channel_size": 2390932.2199730095,
    "min_channel_size": "1100",
    "max_channel_size": "16777216"
}
