{
    "graph_diameter": 0,
    "avg_out_degree": 8.619451512581284,
    "max_out_degree": 1026,
    "num_nodes": 3537,
    "num_channels": 30487,
    "total_network_capacity": "72776318836",
    "avg_channel_size": 2387126.277954538,
    "min_channel_size": "1100",
    "max_channel_size": "16777216"
}
