{
    "graph_diameter": 0,
    "avg_out_degree": 8.623829787234042,
    "max_out_degree": 1024,
    "num_nodes": 3525,
    "num_channels": 30399,
    "total_network_capacity": "72523078343",
    "avg_channel_size": 2385706.0542452056,
    "min_channel_size": "1100",
    "max_channel_size": "16777216"
}
