{
    "graph_diameter": 0,
    "avg_out_degree": 8.619734238054848,
    "max_out_degree": 1026,
    "num_nodes": 3537,
    "num_channels": 30488,
    "total_network_capacity": "72666739230",
    "avg_channel_size": 2383453.7926397272,
    "min_channel_size": "1100",
    "max_channel_size": "16777216"
}
