{
    "graph_diameter": 0,
    "avg_out_degree": 8.603741496598639,
    "max_out_degree": 1023,
    "num_nodes": 3528,
    "num_channels": 30354,
    "total_network_capacity": "72467646562",
    "avg_channel_size": 2387416.701653818,
    "min_channel_size": "1100",
    "max_channel_size": "16777216"
}
