{
    "graph_diameter": 0,
    "avg_out_degree": 8.604420515726835,
    "max_out_degree": 1023,
    "num_nodes": 3529,
    "num_channels": 30365,
    "total_network_capacity": "72474974190",
    "avg_channel_size": 2386793.156265437,
    "min_channel_size": "1100",
    "max_channel_size": "16777216"
}
