{
    "graph_diameter": 0,
    "avg_out_degree": 8.676378177663524,
    "max_out_degree": 1017,
    "num_nodes": 3501,
    "num_channels": 30376,
    "total_network_capacity": "72519615434",
    "avg_channel_size": 2387398.453845141,
    "min_channel_size": "1100",
    "max_channel_size": "16777216"
}
