{
    "graph_diameter": 0,
    "avg_out_degree": 8.586968838526913,
    "max_out_degree": 1023,
    "num_nodes": 3530,
    "num_channels": 30312,
    "total_network_capacity": "72332155536",
    "avg_channel_size": 2386254.801266825,
    "min_channel_size": "1100",
    "max_channel_size": "16777216"
}
