{
    "graph_diameter": 0,
    "avg_out_degree": 8.690340909090908,
    "max_out_degree": 1022,
    "num_nodes": 3520,
    "num_channels": 30590,
    "total_network_capacity": "72705735730",
    "avg_channel_size": 2376781.1614906834,
    "min_channel_size": "1100",
    "max_channel_size": "16777216"
}
