{
    "graph_diameter": 0,
    "avg_out_degree": 8.622196991200681,
    "max_out_degree": 1025,
    "num_nodes": 3523,
    "num_channels": 30376,
    "total_network_capacity": "72534057019",
    "avg_channel_size": 2387873.8813207797,
    "min_channel_size": "1100",
    "max_channel_size": "16777216"
}
