{
    "graph_diameter": 0,
    "avg_out_degree": 8.691193181818182,
    "max_out_degree": 1022,
    "num_nodes": 3520,
    "num_channels": 30593,
    "total_network_capacity": "72722574786",
    "avg_channel_size": 2377098.5122740497,
    "min_channel_size": "1100",
    "max_channel_size": "16777216"
}
