{
    "graph_diameter": 0,
    "avg_out_degree": 8.608486562942009,
    "max_out_degree": 1023,
    "num_nodes": 3535,
    "num_channels": 30431,
    "total_network_capacity": "72588243637",
    "avg_channel_size": 2385338.7544609117,
    "min_channel_size": "1100",
    "max_channel_size": "16777216"
}
