{
    "graph_diameter": 0,
    "avg_out_degree": 8.625035320712065,
    "max_out_degree": 1026,
    "num_nodes": 3539,
    "num_channels": 30524,
    "total_network_capacity": "72865239074",
    "avg_channel_size": 2387145.8221071945,
    "min_channel_size": "1100",
    "max_channel_size": "16777216"
}
