{
    "graph_diameter": 0,
    "avg_out_degree": 8.588218634947607,
    "max_out_degree": 1023,
    "num_nodes": 3531,
    "num_channels": 30325,
    "total_network_capacity": "72347237024",
    "avg_channel_size": 2385729.168145095,
    "min_channel_size": "1100",
    "max_channel_size": "16777216"
}
