{
    "graph_diameter": 0,
    "avg_out_degree": 8.678052946199829,
    "max_out_degree": 1022,
    "num_nodes": 3513,
    "num_channels": 30486,
    "total_network_capacity": "72550038158",
    "avg_channel_size": 2379782.134684773,
    "min_channel_size": "1100",
    "max_channel_size": "16777216"
}
