{
    "graph_diameter": 0,
    "avg_out_degree": 8.600964265456607,
    "max_out_degree": 1023,
    "num_nodes": 3526,
    "num_channels": 30327,
    "total_network_capacity": "72459111918",
    "avg_channel_size": 2389260.7880106834,
    "min_channel_size": "1100",
    "max_channel_size": "16777216"
}
