{
    "graph_diameter": 0,
    "avg_out_degree": 8.601190476190476,
    "max_out_degree": 1023,
    "num_nodes": 3528,
    "num_channels": 30345,
    "total_network_capacity": "72481376087",
    "avg_channel_size": 2388577.2314055036,
    "min_channel_size": "1100",
    "max_channel_size": "16777216"
}
