{
    "graph_diameter": 0,
    "avg_out_degree": 8.616061293984108,
    "max_out_degree": 1023,
    "num_nodes": 3524,
    "num_channels": 30363,
    "total_network_capacity": "72501384145",
    "avg_channel_size": 2387820.1806474985,
    "min_channel_size": "1100",
    "max_channel_size": "16777216"
}
