{
    "graph_diameter": 0,
    "avg_out_degree": 8.676269252709641,
    "max_out_degree": 1019,
    "num_nodes": 3506,
    "num_channels": 30419,
    "total_network_capacity": "72539719364",
    "avg_channel_size": 2384684.551234426,
    "min_channel_size": "1100",
    "max_channel_size": "16777216"
}
