{
    "graph_diameter": 0,
    "avg_out_degree": 8.686770981507824,
    "max_out_degree": 1020,
    "num_nodes": 3515,
    "num_channels": 30534,
    "total_network_capacity": "72597748386",
    "avg_channel_size": 2377603.602082924,
    "min_channel_size": "1100",
    "max_channel_size": "16777216"
}
