{
    "graph_diameter": 0,
    "avg_out_degree": 8.691870380898237,
    "max_out_degree": 1020,
    "num_nodes": 3518,
    "num_channels": 30578,
    "total_network_capacity": "72648605002",
    "avg_channel_size": 2375845.5426123356,
    "min_channel_size": "1100",
    "max_channel_size": "16777216"
}
