{
    "graph_diameter": 0,
    "avg_out_degree": 8.689860834990059,
    "max_out_degree": 1023,
    "num_nodes": 3521,
    "num_channels": 30597,
    "total_network_capacity": "72673007263",
    "avg_channel_size": 2375167.737457921,
    "min_channel_size": "1100",
    "max_channel_size": "16777216"
}
