{
    "graph_diameter": 0,
    "avg_out_degree": 8.674757281553399,
    "max_out_degree": 1018,
    "num_nodes": 3502,
    "num_channels": 30379,
    "total_network_capacity": "72520025090",
    "avg_channel_size": 2387176.177293525,
    "min_channel_size": "1100",
    "max_channel_size": "16777216"
}
