{
    "graph_diameter": 0,
    "avg_out_degree": 8.623692394684761,
    "max_out_degree": 1027,
    "num_nodes": 3537,
    "num_channels": 30502,
    "total_network_capacity": "72795918836",
    "avg_channel_size": 2386594.9392171004,
    "min_channel_size": "1100",
    "max_channel_size": "16777216"
}
