{
    "graph_diameter": 0,
    "avg_out_degree": 8.622871736662884,
    "max_out_degree": 1022,
    "num_nodes": 3524,
    "num_channels": 30387,
    "total_network_capacity": "72534621715",
    "avg_channel_size": 2387028.0618356536,
    "min_channel_size": "1100",
    "max_channel_size": "16777216"
}
