{
    "graph_diameter": 0,
    "avg_out_degree": 8.679008829393336,
    "max_out_degree": 1022,
    "num_nodes": 3511,
    "num_channels": 30472,
    "total_network_capacity": "72548580980",
    "avg_channel_size": 2380827.6772118667,
    "min_channel_size": "1100",
    "max_channel_size": "16777216"
}
