{
    "graph_diameter": 0,
    "avg_out_degree": 8.675883694412772,
    "max_out_degree": 1020,
    "num_nodes": 3508,
    "num_channels": 30435,
    "total_network_capacity": "72535915532",
    "avg_channel_size": 2383305.9152948908,
    "min_channel_size": "1100",
    "max_channel_size": "16777216"
}
