{
    "graph_diameter": 0,
    "avg_out_degree": 8.625777275296779,
    "max_out_degree": 1027,
    "num_nodes": 3538,
    "num_channels": 30518,
    "total_network_capacity": "72842171923",
    "avg_channel_size": 2386859.293629989,
    "min_channel_size": "1100",
    "max_channel_size": "16777216"
}
