{
    "graph_diameter": 0,
    "avg_out_degree": 8.59750566893424,
    "max_out_degree": 1023,
    "num_nodes": 3528,
    "num_channels": 30332,
    "total_network_capacity": "72474142820",
    "avg_channel_size": 2389362.4825267047,
    "min_channel_size": "1100",
    "max_channel_size": "16777216"
}
