{
    "graph_diameter": 0,
    "avg_out_degree": 8.6827251995439,
    "max_out_degree": 1022,
    "num_nodes": 3508,
    "num_channels": 30459,
    "total_network_capacity": "72543237256",
    "avg_channel_size": 2381668.3822843824,
    "min_channel_size": "1100",
    "max_channel_size": "16777216"
}
