{
    "graph_diameter": 0,
    "avg_out_degree": 8.620299689001978,
    "max_out_degree": 1026,
    "num_nodes": 3537,
    "num_channels": 30490,
    "total_network_capacity": "72754231312",
    "avg_channel_size": 2386166.9830108234,
    "min_channel_size": "1100",
    "max_channel_size": "16777216"
}
