{
    "graph_diameter": 0,
    "avg_out_degree": 8.67598402738163,
    "max_out_degree": 1019,
    "num_nodes": 3506,
    "num_channels": 30418,
    "total_network_capacity": "72539588699",
    "avg_channel_size": 2384758.65273851,
    "min_channel_size": "1100",
    "max_channel_size": "16777216"
}
