{
    "graph_diameter": 0,
    "avg_out_degree": 8.678520625889046,
    "max_out_degree": 1021,
    "num_nodes": 3515,
    "num_channels": 30505,
    "total_network_capacity": "72564423978",
    "avg_channel_size": 2378771.479364039,
    "min_channel_size": "1100",
    "max_channel_size": "16777216"
}
