{
    "graph_diameter": 0,
    "avg_out_degree": 8.693773102075633,
    "max_out_degree": 1020,
    "num_nodes": 3517,
    "num_channels": 30576,
    "total_network_capacity": "72643435002",
    "avg_channel_size": 2375831.861656201,
    "min_channel_size": "1100",
    "max_channel_size": "16777216"
}
