{
    "graph_diameter": 0,
    "avg_out_degree": 8.691761363636363,
    "max_out_degree": 1022,
    "num_nodes": 3520,
    "num_channels": 30595,
    "total_network_capacity": "72718733701",
    "avg_channel_size": 2376817.574799804,
    "min_channel_size": "1100",
    "max_channel_size": "16777216"
}
