{
    "graph_diameter": 0,
    "avg_out_degree": 8.606283611661478,
    "max_out_degree": 1023,
    "num_nodes": 3533,
    "num_channels": 30406,
    "total_network_capacity": "72543144498",
    "avg_channel_size": 2385816.763073078,
    "min_channel_size": "1100",
    "max_channel_size": "16777216"
}
