{
    "graph_diameter": 0,
    "avg_out_degree": 8.619534355479841,
    "max_out_degree": 1023,
    "num_nodes": 3522,
    "num_channels": 30358,
    "total_network_capacity": "72498576371",
    "avg_channel_size": 2388120.9688055865,
    "min_channel_size": "1100",
    "max_channel_size": "16777216"
}
