{
    "graph_diameter": 0,
    "avg_out_degree": 8.687339971550498,
    "max_out_degree": 1020,
    "num_nodes": 3515,
    "num_channels": 30536,
    "total_network_capacity": "72598848386",
    "avg_channel_size": 2377483.9005108722,
    "min_channel_size": "1100",
    "max_channel_size": "16777216"
}
