{
    "graph_diameter": 0,
    "avg_out_degree": 8.673807483576121,
    "max_out_degree": 1017,
    "num_nodes": 3501,
    "num_channels": 30367,
    "total_network_capacity": "72516826104",
    "avg_channel_size": 2388014.1635327823,
    "min_channel_size": "1100",
    "max_channel_size": "16777216"
}
