{
    "graph_diameter": 0,
    "avg_out_degree": 8.683865450399088,
    "max_out_degree": 1022,
    "num_nodes": 3508,
    "num_channels": 30463,
    "total_network_capacity": "72548551212",
    "avg_channel_size": 2381530.0926369694,
    "min_channel_size": "1100",
    "max_channel_size": "16777216"
}
