{
    "graph_diameter": 0,
    "avg_out_degree": 8.67787913340935,
    "max_out_degree": 1020,
    "num_nodes": 3508,
    "num_channels": 30442,
    "total_network_capacity": "72528577390",
    "avg_channel_size": 2382516.831679916,
    "min_channel_size": "1100",
    "max_channel_size": "16777216"
}
