{
    "graph_diameter": 0,
    "avg_out_degree": 8.675313568985176,
    "max_out_degree": 1020,
    "num_nodes": 3508,
    "num_channels": 30433,
    "total_network_capacity": "72535395532",
    "avg_channel_size": 2383445.454999507,
    "min_channel_size": "1100",
    "max_channel_size": "16777216"
}
