{
    "graph_diameter": 0,
    "avg_out_degree": 8.604697226938313,
    "max_out_degree": 1023,
    "num_nodes": 3534,
    "num_channels": 30409,
    "total_network_capacity": "72548257018",
    "avg_channel_size": 2385749.515538163,
    "min_channel_size": "1100",
    "max_channel_size": "16777216"
}
