{
    "graph_diameter": 0,
    "avg_out_degree": 8.677787282577702,
    "max_out_degree": 1020,
    "num_nodes": 3507,
    "num_channels": 30433,
    "total_network_capacity": "72536385948",
    "avg_channel_size": 2383477.9991456643,
    "min_channel_size": "1100",
    "max_channel_size": "16777216"
}
