{
    "graph_diameter": 0,
    "avg_out_degree": 8.62145289443814,
    "max_out_degree": 1025,
    "num_nodes": 3524,
    "num_channels": 30382,
    "total_network_capacity": "72640581775",
    "avg_channel_size": 2390908.4910473307,
    "min_channel_size": "1100",
    "max_channel_size": "16777216"
}
