{
    "graph_diameter": 0,
    "avg_out_degree": 8.620475113122172,
    "max_out_degree": 1026,
    "num_nodes": 3536,
    "num_channels": 30482,
    "total_network_capacity": "72662944524",
    "avg_channel_size": 2383798.455613149,
    "min_channel_size": "1100",
    "max_channel_size": "16777216"
}
