{
    "graph_diameter": 0,
    "avg_out_degree": 8.588901472253681,
    "max_out_degree": 1023,
    "num_nodes": 3532,
    "num_channels": 30336,
    "total_network_capacity": "72352733024",
    "avg_channel_size": 2385045.260548523,
    "min_channel_size": "1100",
    "max_channel_size": "16777216"
}
