{
    "graph_diameter": 0,
    "avg_out_degree": 8.676721684689813,
    "max_out_degree": 1022,
    "num_nodes": 3514,
    "num_channels": 30490,
    "total_network_capacity": "72553613158",
    "avg_channel_size": 2379587.181305346,
    "min_channel_size": "1100",
    "max_channel_size": "16777216"
}
