{
    "graph_diameter": 0,
    "avg_out_degree": 8.59778911564626,
    "max_out_degree": 1023,
    "num_nodes": 3528,
    "num_channels": 30333,
    "total_network_capacity": "72465542820",
    "avg_channel_size": 2389000.1918702405,
    "min_channel_size": "1100",
    "max_channel_size": "16777216"
}
