{
    "graph_diameter": 0,
    "avg_out_degree": 8.677041690462593,
    "max_out_degree": 1018,
    "num_nodes": 3502,
    "num_channels": 30387,
    "total_network_capacity": "72527896064",
    "avg_channel_size": 2386806.7286668643,
    "min_channel_size": "1100",
    "max_channel_size": "16777216"
}
