{
    "graph_diameter": 0,
    "avg_out_degree": 8.67624466571835,
    "max_out_degree": 1022,
    "num_nodes": 3515,
    "num_channels": 30497,
    "total_network_capacity": "72559620324",
    "avg_channel_size": 2379237.9684559135,
    "min_channel_size": "1100",
    "max_channel_size": "16777216"
}
