{
    "graph_diameter": 0,
    "avg_out_degree": 8.689292814541323,
    "max_out_degree": 1023,
    "num_nodes": 3521,
    "num_channels": 30595,
    "total_network_capacity": "72622455596",
    "avg_channel_size": 2373670.7173067494,
    "min_channel_size": "1100",
    "max_channel_size": "16777216"
}
