{
    "graph_diameter": 0,
    "avg_out_degree": 8.618114707552527,
    "max_out_degree": 1023,
    "num_nodes": 3522,
    "num_channels": 30353,
    "total_network_capacity": "72493759563",
    "avg_channel_size": 2388355.6670839787,
    "min_channel_size": "1100",
    "max_channel_size": "16777216"
}
