{
    "graph_diameter": 0,
    "avg_out_degree": 8.627085100367543,
    "max_out_degree": 1027,
    "num_nodes": 3537,
    "num_channels": 30514,
    "total_network_capacity": "72832321923",
    "avg_channel_size": 2386849.378088746,
    "min_channel_size": "1100",
    "max_channel_size": "16777216"
}
