{
    "graph_diameter": 0,
    "avg_out_degree": 8.676940639269406,
    "max_out_degree": 1018,
    "num_nodes": 3504,
    "num_channels": 30404,
    "total_network_capacity": "72533985313",
    "avg_channel_size": 2385672.4547099066,
    "min_channel_size": "1100",
    "max_channel_size": "16777216"
}
