{
    "graph_diameter": 0,
    "avg_out_degree": 8.676529160739687,
    "max_out_degree": 1022,
    "num_nodes": 3515,
    "num_channels": 30498,
    "total_network_capacity": "72559750324",
    "avg_channel_size": 2379164.218112663,
    "min_channel_size": "1100",
    "max_channel_size": "16777216"
}
