{
    "graph_diameter": 0,
    "avg_out_degree": 8.68702073274638,
    "max_out_degree": 1023,
    "num_nodes": 3521,
    "num_channels": 30587,
    "total_network_capacity": "72539977058",
    "avg_channel_size": 2371595.025926047,
    "min_channel_size": "1100",
    "max_channel_size": "16777216"
}
