{
    "graph_diameter": 0,
    "avg_out_degree": 8.598922902494332,
    "max_out_degree": 1023,
    "num_nodes": 3528,
    "num_channels": 30337,
    "total_network_capacity": "72481245126",
    "avg_channel_size": 2389202.7928272407,
    "min_channel_size": "1100",
    "max_channel_size": "16777216"
}
