{
    "graph_diameter": 0,
    "avg_out_degree": 8.604539007092198,
    "max_out_degree": 1023,
    "num_nodes": 3525,
    "num_channels": 30331,
    "total_network_capacity": "72466855275",
    "avg_channel_size": 2389200.9915597904,
    "min_channel_size": "1100",
    "max_channel_size": "16777216"
}
