{
    "graph_diameter": 0,
    "avg_out_degree": 8.602828854314003,
    "max_out_degree": 1023,
    "num_nodes": 3535,
    "num_channels": 30411,
    "total_network_capacity": "72557204854",
    "avg_channel_size": 2385886.845352011,
    "min_channel_size": "1100",
    "max_channel_size": "16777216"
}
