{
    "graph_diameter": 0,
    "avg_out_degree": 8.604585338239456,
    "max_out_degree": 1023,
    "num_nodes": 3533,
    "num_channels": 30400,
    "total_network_capacity": "72518349230",
    "avg_channel_size": 2385472.014144737,
    "min_channel_size": "1100",
    "max_channel_size": "16777216"
}
