{
    "graph_diameter": 0,
    "avg_out_degree": 8.680717744232412,
    "max_out_degree": 1022,
    "num_nodes": 3511,
    "num_channels": 30478,
    "total_network_capacity": "72548439105",
    "avg_channel_size": 2380354.3245947897,
    "min_channel_size": "1100",
    "max_channel_size": "16777216"
}
