{
    "graph_diameter": 0,
    "avg_out_degree": 8.604980192416525,
    "max_out_degree": 1023,
    "num_nodes": 3534,
    "num_channels": 30410,
    "total_network_capacity": "72552257018",
    "avg_channel_size": 2385802.598421572,
    "min_channel_size": "1100",
    "max_channel_size": "16777216"
}
