{
    "graph_diameter": 0,
    "avg_out_degree": 8.623332387170025,
    "max_out_degree": 1025,
    "num_nodes": 3523,
    "num_channels": 30380,
    "total_network_capacity": "72514617054",
    "avg_channel_size": 2386919.5870309416,
    "min_channel_size": "1100",
    "max_channel_size": "16777216"
}
