{
    "graph_diameter": 0,
    "avg_out_degree": 8.694057435314189,
    "max_out_degree": 1020,
    "num_nodes": 3517,
    "num_channels": 30577,
    "total_network_capacity": "72648435002",
    "avg_channel_size": 2375917.6832913626,
    "min_channel_size": "1100",
    "max_channel_size": "16777216"
}
