{
    "graph_diameter": 0,
    "avg_out_degree": 8.675698802053622,
    "max_out_degree": 1019,
    "num_nodes": 3506,
    "num_channels": 30417,
    "total_network_capacity": "72539288699",
    "avg_channel_size": 2384827.191997896,
    "min_channel_size": "1100",
    "max_channel_size": "16777216"
}
