{
    "graph_diameter": 0,
    "avg_out_degree": 8.603174603174603,
    "max_out_degree": 1023,
    "num_nodes": 3528,
    "num_channels": 30352,
    "total_network_capacity": "72465546562",
    "avg_channel_size": 2387504.828742752,
    "min_channel_size": "1100",
    "max_channel_size": "16777216"
}
