{
    "graph_diameter": 0,
    "avg_out_degree": 8.67881548974943,
    "max_out_degree": 1022,
    "num_nodes": 3512,
    "num_channels": 30480,
    "total_network_capacity": "72547897268",
    "avg_channel_size": 2380180.35656168,
    "min_channel_size": "1100",
    "max_channel_size": "16777216"
}
