{
    "graph_diameter": 0,
    "avg_out_degree": 8.616912599318956,
    "max_out_degree": 1023,
    "num_nodes": 3524,
    "num_channels": 30366,
    "total_network_capacity": "72529350443",
    "avg_channel_size": 2388505.2507080287,
    "min_channel_size": "1100",
    "max_channel_size": "16777216"
}
