{
    "graph_diameter": 0,
    "avg_out_degree": 8.671616219303255,
    "max_out_degree": 1017,
    "num_nodes": 3502,
    "num_channels": 30368,
    "total_network_capacity": "72517326104",
    "avg_channel_size": 2387951.9923603795,
    "min_channel_size": "1100",
    "max_channel_size": "16777216"
}
