{
    "graph_diameter": 0,
    "avg_out_degree": 8.59013605442177,
    "max_out_degree": 1023,
    "num_nodes": 3528,
    "num_channels": 30306,
    "total_network_capacity": "72341189392",
    "avg_channel_size": 2387025.3214544975,
    "min_channel_size": "1100",
    "max_channel_size": "16777216"
}
