{
    "graph_diameter": 0,
    "avg_out_degree": 8.680796586059744,
    "max_out_degree": 1021,
    "num_nodes": 3515,
    "num_channels": 30513,
    "total_network_capacity": "72564583978",
    "avg_channel_size": 2378153.0487988726,
    "min_channel_size": "1100",
    "max_channel_size": "16777216"
}
