{
    "graph_diameter": 0,
    "avg_out_degree": 8.620601589103291,
    "max_out_degree": 1023,
    "num_nodes": 3524,
    "num_channels": 30379,
    "total_network_capacity": "72638195664",
    "avg_channel_size": 2391066.054313835,
    "min_channel_size": "1100",
    "max_channel_size": "16777216"
}
