{
    "graph_diameter": 0,
    "avg_out_degree": 8.690537084398978,
    "max_out_degree": 1020,
    "num_nodes": 3519,
    "num_channels": 30582,
    "total_network_capacity": "72687600432",
    "avg_channel_size": 2376809.902295468,
    "min_channel_size": "1100",
    "max_channel_size": "16777216"
}
