{
    "graph_diameter": 0,
    "avg_out_degree": 8.687908961593171,
    "max_out_degree": 1020,
    "num_nodes": 3515,
    "num_channels": 30538,
    "total_network_capacity": "72600953386",
    "avg_channel_size": 2377397.12443513,
    "min_channel_size": "1100",
    "max_channel_size": "16777216"
}
