{
    "graph_diameter": 0,
    "avg_out_degree": 8.591669028053273,
    "max_out_degree": 1023,
    "num_nodes": 3529,
    "num_channels": 30320,
    "total_network_capacity": "72331095311",
    "avg_channel_size": 2385590.214742744,
    "min_channel_size": "1100",
    "max_channel_size": "16777216"
}
