{
    "graph_diameter": 0,
    "avg_out_degree": 8.688850967007964,
    "max_out_degree": 1020,
    "num_nodes": 3516,
    "num_channels": 30550,
    "total_network_capacity": "72610663018",
    "avg_channel_size": 2376781.1135188215,
    "min_channel_size": "1100",
    "max_channel_size": "16777216"
}
