{
    "graph_diameter": 0,
    "avg_out_degree": 8.592015855039637,
    "max_out_degree": 1023,
    "num_nodes": 3532,
    "num_channels": 30347,
    "total_network_capacity": "72383662746",
    "avg_channel_size": 2385199.945497084,
    "min_channel_size": "1100",
    "max_channel_size": "16777216"
}
