{
    "graph_diameter": 0,
    "avg_out_degree": 8.598639455782314,
    "max_out_degree": 1023,
    "num_nodes": 3528,
    "num_channels": 30336,
    "total_network_capacity": "72471942820",
    "avg_channel_size": 2388974.9083597045,
    "min_channel_size": "1100",
    "max_channel_size": "16777216"
}
