{
    "graph_diameter": 0,
    "avg_out_degree": 8.603120567375887,
    "max_out_degree": 1023,
    "num_nodes": 3525,
    "num_channels": 30326,
    "total_network_capacity": "72458871918",
    "avg_channel_size": 2389331.659895799,
    "min_channel_size": "1100",
    "max_channel_size": "16777216"
}
