{
    "graph_diameter": 0,
    "avg_out_degree": 8.625211984171848,
    "max_out_degree": 1027,
    "num_nodes": 3538,
    "num_channels": 30516,
    "total_network_capacity": "72841171923",
    "avg_channel_size": 2386982.9572355486,
    "min_channel_size": "1100",
    "max_channel_size": "16777216"
}
