{
    "graph_diameter": 0,
    "avg_out_degree": 8.67882587631804,
    "max_out_degree": 1022,
    "num_nodes": 3509,
    "num_channels": 30454,
    "total_network_capacity": "72542937256",
    "avg_channel_size": 2382049.558547317,
    "min_channel_size": "1100",
    "max_channel_size": "16777216"
}
