{
    "graph_diameter": 0,
    "avg_out_degree": 8.590084985835695,
    "max_out_degree": 1023,
    "num_nodes": 3530,
    "num_channels": 30323,
    "total_network_capacity": "72340985024",
    "avg_channel_size": 2385680.3424463277,
    "min_channel_size": "1100",
    "max_channel_size": "16777216"
}
