{
    "graph_diameter": 0,
    "avg_out_degree": 8.676437108708026,
    "max_out_degree": 1022,
    "num_nodes": 3514,
    "num_channels": 30489,
    "total_network_capacity": "72553593158",
    "avg_channel_size": 2379664.572731149,
    "min_channel_size": "1100",
    "max_channel_size": "16777216"
}
