{
    "graph_diameter": 0,
    "avg_out_degree": 8.676663810339903,
    "max_out_degree": 1017,
    "num_nodes": 3501,
    "num_channels": 30377,
    "total_network_capacity": "72519635434",
    "avg_channel_size": 2387320.5199328437,
    "min_channel_size": "1100",
    "max_channel_size": "16777216"
}
