{
    "graph_diameter": 0,
    "avg_out_degree": 8.614926220204314,
    "max_out_degree": 1023,
    "num_nodes": 3524,
    "num_channels": 30359,
    "total_network_capacity": "72503784145",
    "avg_channel_size": 2388213.8458117857,
    "min_channel_size": "1100",
    "max_channel_size": "16777216"
}
