{
    "graph_diameter": 0,
    "avg_out_degree": 8.060426929392447,
    "max_out_degree": 967,
    "num_nodes": 3045,
    "num_channels": 24544,
    "total_network_capacity": "65622213943",
    "avg_channel_size": 2673656.0439618644,
    "min_channel_size": "1100",
    "max_channel_size": "16777216"
}
