{
    "graph_diameter": 0,
    "avg_out_degree": 8.076115485564305,
    "max_out_degree": 970,
    "num_nodes": 3048,
    "num_channels": 24616,
    "total_network_capacity": "65765740269",
    "avg_channel_size": 2671666.406767956,
    "min_channel_size": "1100",
    "max_channel_size": "16777216"
}
