{
    "graph_diameter": 0,
    "avg_out_degree": 8.094736842105263,
    "max_out_degree": 972,
    "num_nodes": 3040,
    "num_channels": 24608,
    "total_network_capacity": "65659117044",
    "avg_channel_size": 2668202.0905396617,
    "min_channel_size": "1100",
    "max_channel_size": "16777216"
}
