{
    "graph_diameter": 0,
    "avg_out_degree": 8.094345825115056,
    "max_out_degree": 971,
    "num_nodes": 3042,
    "num_channels": 24623,
    "total_network_capacity": "65676805026",
    "avg_channel_size": 2667295.0097875968,
    "min_channel_size": "1100",
    "max_channel_size": "16777216"
}
