{
    "graph_diameter": 0,
    "avg_out_degree": 8.09680605861047,
    "max_out_degree": 971,
    "num_nodes": 3037,
    "num_channels": 24590,
    "total_network_capacity": "65641943955",
    "avg_channel_size": 2669456.8505490036,
    "min_channel_size": "1100",
    "max_channel_size": "16777216"
}
