{
    "graph_diameter": 0,
    "avg_out_degree": 8.080788177339901,
    "max_out_degree": 971,
    "num_nodes": 3045,
    "num_channels": 24606,
    "total_network_capacity": "65685712754",
    "avg_channel_size": 2669499.8274404616,
    "min_channel_size": "1100",
    "max_channel_size": "16777216"
}
