{
    "graph_diameter": 0,
    "avg_out_degree": 8.035070468698787,
    "max_out_degree": 969,
    "num_nodes": 3051,
    "num_channels": 24515,
    "total_network_capacity": "65556550437",
    "avg_channel_size": 2674140.3400775036,
    "min_channel_size": "1100",
    "max_channel_size": "16777216"
}
