{
    "graph_diameter": 0,
    "avg_out_degree": 8.078740157480315,
    "max_out_degree": 972,
    "num_nodes": 3048,
    "num_channels": 24624,
    "total_network_capacity": "65749436437",
    "avg_channel_size": 2670136.307545484,
    "min_channel_size": "1100",
    "max_channel_size": "16777216"
}
