{
    "graph_diameter": 0,
    "avg_out_degree": 8.098484848484848,
    "max_out_degree": 971,
    "num_nodes": 3036,
    "num_channels": 24587,
    "total_network_capacity": "65657123182",
    "avg_channel_size": 2670399.934192866,
    "min_channel_size": "1100",
    "max_channel_size": "16777216"
}
