{
    "graph_diameter": 0,
    "avg_out_degree": 8.07281075762545,
    "max_out_degree": 971,
    "num_nodes": 3049,
    "num_channels": 24614,
    "total_network_capacity": "65746935908",
    "avg_channel_size": 2671119.5217355974,
    "min_channel_size": "1100",
    "max_channel_size": "16777216"
}
