{
    "graph_diameter": 0,
    "avg_out_degree": 8.070561207745323,
    "max_out_degree": 968,
    "num_nodes": 3047,
    "num_channels": 24591,
    "total_network_capacity": "65649553513",
    "avg_channel_size": 2669657.741165467,
    "min_channel_size": "1100",
    "max_channel_size": "16777216"
}
