{
    "graph_diameter": 0,
    "avg_out_degree": 7.998690671031096,
    "max_out_degree": 966,
    "num_nodes": 3055,
    "num_channels": 24436,
    "total_network_capacity": "65475022142",
    "avg_channel_size": 2679449.2610083483,
    "min_channel_size": "1100",
    "max_channel_size": "16777216"
}
