{
    "graph_diameter": 0,
    "avg_out_degree": 8.092079207920792,
    "max_out_degree": 970,
    "num_nodes": 3030,
    "num_channels": 24519,
    "total_network_capacity": "65513626373",
    "avg_channel_size": 2671953.439088054,
    "min_channel_size": "1100",
    "max_channel_size": "16777216"
}
