{
    "graph_diameter": 0,
    "avg_out_degree": 8.082101806239738,
    "max_out_degree": 970,
    "num_nodes": 3045,
    "num_channels": 24610,
    "total_network_capacity": "65754789788",
    "avg_channel_size": 2671872.8073140997,
    "min_channel_size": "1100",
    "max_channel_size": "16777216"
}
