{
    "graph_diameter": 0,
    "avg_out_degree": 8.086513157894737,
    "max_out_degree": 971,
    "num_nodes": 3040,
    "num_channels": 24583,
    "total_network_capacity": "65637461008",
    "avg_channel_size": 2670034.6177439694,
    "min_channel_size": "1100",
    "max_channel_size": "16777216"
}
