{
    "graph_diameter": 0,
    "avg_out_degree": 8.089802631578948,
    "max_out_degree": 971,
    "num_nodes": 3040,
    "num_channels": 24593,
    "total_network_capacity": "65642581428",
    "avg_channel_size": 2669157.1352823973,
    "min_channel_size": "1100",
    "max_channel_size": "16777216"
}
