{
    "graph_diameter": 0,
    "avg_out_degree": 8.046808510638298,
    "max_out_degree": 970,
    "num_nodes": 3055,
    "num_channels": 24583,
    "total_network_capacity": "65684550425",
    "avg_channel_size": 2671950.1454257006,
    "min_channel_size": "1100",
    "max_channel_size": "16777216"
}
