{
    "graph_diameter": 0,
    "avg_out_degree": 8.089138329481678,
    "max_out_degree": 970,
    "num_nodes": 3029,
    "num_channels": 24502,
    "total_network_capacity": "65454869230",
    "avg_channel_size": 2671409.2412864254,
    "min_channel_size": "1100",
    "max_channel_size": "16777216"
}
