{
    "graph_diameter": 0,
    "avg_out_degree": 8.095520421607379,
    "max_out_degree": 971,
    "num_nodes": 3036,
    "num_channels": 24578,
    "total_network_capacity": "65617002173",
    "avg_channel_size": 2669745.3890878023,
    "min_channel_size": "1100",
    "max_channel_size": "16777216"
}
