{
    "graph_diameter": 0,
    "avg_out_degree": 8.083470259612225,
    "max_out_degree": 971,
    "num_nodes": 3043,
    "num_channels": 24598,
    "total_network_capacity": "65665080539",
    "avg_channel_size": 2669529.2519310513,
    "min_channel_size": "1100",
    "max_channel_size": "16777216"
}
