{
    "graph_diameter": 0,
    "avg_out_degree": 8.098155467720686,
    "max_out_degree": 971,
    "num_nodes": 3036,
    "num_channels": 24586,
    "total_network_capacity": "65657023182",
    "avg_channel_size": 2670504.481493533,
    "min_channel_size": "1100",
    "max_channel_size": "16777216"
}
