{
    "graph_diameter": 0,
    "avg_out_degree": 8.086842105263157,
    "max_out_degree": 971,
    "num_nodes": 3040,
    "num_channels": 24584,
    "total_network_capacity": "65637525083",
    "avg_channel_size": 2669928.615481614,
    "min_channel_size": "1100",
    "max_channel_size": "16777216"
}
