{
    "graph_diameter": 0,
    "avg_out_degree": 8.080118694362017,
    "max_out_degree": 970,
    "num_nodes": 3033,
    "num_channels": 24507,
    "total_network_capacity": "65457647591",
    "avg_channel_size": 2670977.581548129,
    "min_channel_size": "1100",
    "max_channel_size": "16777216"
}
