{
    "graph_diameter": 0,
    "avg_out_degree": 8.088390501319262,
    "max_out_degree": 970,
    "num_nodes": 3032,
    "num_channels": 24524,
    "total_network_capacity": "65518486090",
    "avg_channel_size": 2671606.837791551,
    "min_channel_size": "1100",
    "max_channel_size": "16777216"
}
