{
    "graph_diameter": 0,
    "avg_out_degree": 8.049132001310186,
    "max_out_degree": 967,
    "num_nodes": 3053,
    "num_channels": 24574,
    "total_network_capacity": "65696154454",
    "avg_channel_size": 2673400.930007325,
    "min_channel_size": "1100",
    "max_channel_size": "16777216"
}
