{
    "graph_diameter": 0,
    "avg_out_degree": 8.080406957663275,
    "max_out_degree": 972,
    "num_nodes": 3047,
    "num_channels": 24621,
    "total_network_capacity": "65749092987",
    "avg_channel_size": 2670447.7067137808,
    "min_channel_size": "1100",
    "max_channel_size": "16777216"
}
