{
    "graph_diameter": 0,
    "avg_out_degree": 8.057414698162729,
    "max_out_degree": 968,
    "num_nodes": 3048,
    "num_channels": 24559,
    "total_network_capacity": "65660844392",
    "avg_channel_size": 2673596.0092837657,
    "min_channel_size": "1100",
    "max_channel_size": "16777216"
}
