{
    "graph_diameter": 0,
    "avg_out_degree": 7.9990180032733225,
    "max_out_degree": 966,
    "num_nodes": 3055,
    "num_channels": 24437,
    "total_network_capacity": "65475147142",
    "avg_channel_size": 2679344.728976552,
    "min_channel_size": "1100",
    "max_channel_size": "16777216"
}
