{
    "graph_diameter": 0,
    "avg_out_degree": 8.090789473684211,
    "max_out_degree": 971,
    "num_nodes": 3040,
    "num_channels": 24596,
    "total_network_capacity": "65646340083",
    "avg_channel_size": 2668984.3910798505,
    "min_channel_size": "1100",
    "max_channel_size": "16777216"
}
