{
    "graph_diameter": 0,
    "avg_out_degree": 8.087846763540291,
    "max_out_degree": 969,
    "num_nodes": 3028,
    "num_channels": 24490,
    "total_network_capacity": "65426732601",
    "avg_channel_size": 2671569.3181298487,
    "min_channel_size": "1100",
    "max_channel_size": "16777216"
}
