{
    "graph_diameter": 0,
    "avg_out_degree": 8.082484390404206,
    "max_out_degree": 971,
    "num_nodes": 3043,
    "num_channels": 24595,
    "total_network_capacity": "65642950033",
    "avg_channel_size": 2668955.0735108764,
    "min_channel_size": "1100",
    "max_channel_size": "16777216"
}
