{
    "graph_diameter": 0,
    "avg_out_degree": 8.09264754368612,
    "max_out_degree": 969,
    "num_nodes": 3033,
    "num_channels": 24545,
    "total_network_capacity": "65544974836",
    "avg_channel_size": 2670400.278508861,
    "min_channel_size": "1100",
    "max_channel_size": "16777216"
}
