{
    "graph_diameter": 0,
    "avg_out_degree": 8.095709570957096,
    "max_out_degree": 969,
    "num_nodes": 3030,
    "num_channels": 24530,
    "total_network_capacity": "65520095690",
    "avg_channel_size": 2671018.984508765,
    "min_channel_size": "1100",
    "max_channel_size": "16777216"
}
