{
    "graph_diameter": 0,
    "avg_out_degree": 8.011147540983606,
    "max_out_degree": 966,
    "num_nodes": 3050,
    "num_channels": 24434,
    "total_network_capacity": "65495116971",
    "avg_channel_size": 2680490.994966031,
    "min_channel_size": "1100",
    "max_channel_size": "16777216"
}
