{
    "graph_diameter": 0,
    "avg_out_degree": 8.093688362919131,
    "max_out_degree": 971,
    "num_nodes": 3042,
    "num_channels": 24621,
    "total_network_capacity": "65670805026",
    "avg_channel_size": 2667267.9836724745,
    "min_channel_size": "1100",
    "max_channel_size": "16777216"
}
