{
    "graph_diameter": 0,
    "avg_out_degree": 8.089473684210526,
    "max_out_degree": 971,
    "num_nodes": 3040,
    "num_channels": 24592,
    "total_network_capacity": "65637581428",
    "avg_channel_size": 2669062.354749512,
    "min_channel_size": "1100",
    "max_channel_size": "16777216"
}
