{
    "graph_diameter": 0,
    "avg_out_degree": 8.090369393139841,
    "max_out_degree": 970,
    "num_nodes": 3032,
    "num_channels": 24530,
    "total_network_capacity": "65521152760",
    "avg_channel_size": 2671062.0774561763,
    "min_channel_size": "1100",
    "max_channel_size": "16777216"
}
