{
    "graph_diameter": 0,
    "avg_out_degree": 8.095003287310979,
    "max_out_degree": 971,
    "num_nodes": 3042,
    "num_channels": 24625,
    "total_network_capacity": "65681030026",
    "avg_channel_size": 2667249.9502944164,
    "min_channel_size": "1100",
    "max_channel_size": "16777216"
}
