{
    "graph_diameter": 0,
    "avg_out_degree": 8.089887640449438,
    "max_out_degree": 969,
    "num_nodes": 3026,
    "num_channels": 24480,
    "total_network_capacity": "65419639268",
    "avg_channel_size": 2672370.885130719,
    "min_channel_size": "1100",
    "max_channel_size": "16777216"
}
