{
    "graph_diameter": 0,
    "avg_out_degree": 8.029816513761467,
    "max_out_degree": 969,
    "num_nodes": 3052,
    "num_channels": 24507,
    "total_network_capacity": "65555658548",
    "avg_channel_size": 2674976.8861141712,
    "min_channel_size": "1100",
    "max_channel_size": "16777216"
}
