{
    "graph_diameter": 0,
    "avg_out_degree": 8.09357495881384,
    "max_out_degree": 970,
    "num_nodes": 3035,
    "num_channels": 24564,
    "total_network_capacity": "65599939160",
    "avg_channel_size": 2670572.3481517667,
    "min_channel_size": "1100",
    "max_channel_size": "16777216"
}
