{
    "graph_diameter": 0,
    "avg_out_degree": 8.057686004588659,
    "max_out_degree": 967,
    "num_nodes": 3051,
    "num_channels": 24584,
    "total_network_capacity": "65553070862",
    "avg_channel_size": 2666493.282704198,
    "min_channel_size": "1100",
    "max_channel_size": "16777216"
}
