{
    "graph_diameter": 0,
    "avg_out_degree": 8.094202898550725,
    "max_out_degree": 971,
    "num_nodes": 3036,
    "num_channels": 24574,
    "total_network_capacity": "65625589664",
    "avg_channel_size": 2670529.4076666394,
    "min_channel_size": "1100",
    "max_channel_size": "16777216"
}
