{
    "graph_diameter": 0,
    "avg_out_degree": 8.093421052631578,
    "max_out_degree": 972,
    "num_nodes": 3040,
    "num_channels": 24604,
    "total_network_capacity": "65658140044",
    "avg_channel_size": 2668596.165013819,
    "min_channel_size": "1100",
    "max_channel_size": "16777216"
}
