{
    "graph_diameter": 0,
    "avg_out_degree": 8.049459547985588,
    "max_out_degree": 967,
    "num_nodes": 3053,
    "num_channels": 24575,
    "total_network_capacity": "65696254454",
    "avg_channel_size": 2673296.2137945066,
    "min_channel_size": "1100",
    "max_channel_size": "16777216"
}
