{
    "graph_diameter": 0,
    "avg_out_degree": 8.075434568711053,
    "max_out_degree": 972,
    "num_nodes": 3049,
    "num_channels": 24622,
    "total_network_capacity": "65749639332",
    "avg_channel_size": 2670361.4382259767,
    "min_channel_size": "1100",
    "max_channel_size": "16777216"
}
