{
    "graph_diameter": 0,
    "avg_out_degree": 8.046542117338577,
    "max_out_degree": 965,
    "num_nodes": 3051,
    "num_channels": 24550,
    "total_network_capacity": "65539516945",
    "avg_channel_size": 2669634.0914460286,
    "min_channel_size": "1100",
    "max_channel_size": "16777216"
}
