{
    "graph_diameter": 0,
    "avg_out_degree": 8.0811432325887,
    "max_out_degree": 971,
    "num_nodes": 3044,
    "num_channels": 24599,
    "total_network_capacity": "65665460539",
    "avg_channel_size": 2669436.177852758,
    "min_channel_size": "1100",
    "max_channel_size": "16777216"
}
