{
    "graph_diameter": 0,
    "avg_out_degree": 8.048836447066536,
    "max_out_degree": 967,
    "num_nodes": 3051,
    "num_channels": 24557,
    "total_network_capacity": "65531986649",
    "avg_channel_size": 2668566.4636967056,
    "min_channel_size": "1100",
    "max_channel_size": "16777216"
}
