{
    "graph_diameter": 0,
    "avg_out_degree": 8.080448400923178,
    "max_out_degree": 970,
    "num_nodes": 3033,
    "num_channels": 24508,
    "total_network_capacity": "65459647591",
    "avg_channel_size": 2670950.2036477886,
    "min_channel_size": "1100",
    "max_channel_size": "16777216"
}
