{
    "graph_diameter": 0,
    "avg_out_degree": 8.083497698882315,
    "max_out_degree": 971,
    "num_nodes": 3042,
    "num_channels": 24590,
    "total_network_capacity": "65638528330",
    "avg_channel_size": 2669317.9475396504,
    "min_channel_size": "1100",
    "max_channel_size": "16777216"
}
