{
    "graph_diameter": 0,
    "avg_out_degree": 8.010819672131147,
    "max_out_degree": 966,
    "num_nodes": 3050,
    "num_channels": 24433,
    "total_network_capacity": "65494816971",
    "avg_channel_size": 2680588.4243031964,
    "min_channel_size": "1100",
    "max_channel_size": "16777216"
}
