{
    "graph_diameter": 0,
    "avg_out_degree": 8.095394736842104,
    "max_out_degree": 972,
    "num_nodes": 3040,
    "num_channels": 24610,
    "total_network_capacity": "65659267044",
    "avg_channel_size": 2667991.3467696058,
    "min_channel_size": "1100",
    "max_channel_size": "16777216"
}
