{
    "graph_diameter": 0,
    "avg_out_degree": 7.998363338788871,
    "max_out_degree": 966,
    "num_nodes": 3055,
    "num_channels": 24435,
    "total_network_capacity": "65515428880",
    "avg_channel_size": 2681212.5590341724,
    "min_channel_size": "1100",
    "max_channel_size": "16777216"
}
