{
    "graph_diameter": 0,
    "avg_out_degree": 8.01672131147541,
    "max_out_degree": 967,
    "num_nodes": 3050,
    "num_channels": 24451,
    "total_network_capacity": "65506285143",
    "avg_channel_size": 2679084.0923888595,
    "min_channel_size": "1100",
    "max_channel_size": "16777216"
}
