{
    "graph_diameter": 0,
    "avg_out_degree": 8.093997361477573,
    "max_out_degree": 969,
    "num_nodes": 3032,
    "num_channels": 24541,
    "total_network_capacity": "65542148197",
    "avg_channel_size": 2670720.353571574,
    "min_channel_size": "1100",
    "max_channel_size": "16777216"
}
