{
    "graph_diameter": 0,
    "avg_out_degree": 8.092617007251153,
    "max_out_degree": 969,
    "num_nodes": 3034,
    "num_channels": 24553,
    "total_network_capacity": "65571855325",
    "avg_channel_size": 2670624.987781534,
    "min_channel_size": "1100",
    "max_channel_size": "16777216"
}
