{
    "graph_diameter": 0,
    "avg_out_degree": 8.090131578947368,
    "max_out_degree": 971,
    "num_nodes": 3040,
    "num_channels": 24594,
    "total_network_capacity": "65643340083",
    "avg_channel_size": 2669079.453647231,
    "min_channel_size": "1100",
    "max_channel_size": "16777216"
}
