{
    "graph_diameter": 0,
    "avg_out_degree": 8.082096933728982,
    "max_out_degree": 970,
    "num_nodes": 3033,
    "num_channels": 24513,
    "total_network_capacity": "65508077590",
    "avg_channel_size": 2672381.087178232,
    "min_channel_size": "1100",
    "max_channel_size": "16777216"
}
