{
    "graph_diameter": 0,
    "avg_out_degree": 8.095849802371541,
    "max_out_degree": 971,
    "num_nodes": 3036,
    "num_channels": 24579,
    "total_network_capacity": "65649837091",
    "avg_channel_size": 2670972.6632898003,
    "min_channel_size": "1100",
    "max_channel_size": "16777216"
}
