{
    "graph_diameter": 0,
    "avg_out_degree": 7.996728819103696,
    "max_out_degree": 966,
    "num_nodes": 3057,
    "num_channels": 24446,
    "total_network_capacity": "65525458726",
    "avg_channel_size": 2680416.3759306227,
    "min_channel_size": "1100",
    "max_channel_size": "16777216"
}
