{
    "graph_diameter": 0,
    "avg_out_degree": 8.092763157894737,
    "max_out_degree": 972,
    "num_nodes": 3040,
    "num_channels": 24602,
    "total_network_capacity": "65649540083",
    "avg_channel_size": 2668463.5429233396,
    "min_channel_size": "1100",
    "max_channel_size": "16777216"
}
