{
    "graph_diameter": 0,
    "avg_out_degree": 8.0877308707124,
    "max_out_degree": 970,
    "num_nodes": 3032,
    "num_channels": 24522,
    "total_network_capacity": "65513496445",
    "avg_channel_size": 2671621.2562189056,
    "min_channel_size": "1100",
    "max_channel_size": "16777216"
}
