{
    "graph_diameter": 0,
    "avg_out_degree": 8.082430213464697,
    "max_out_degree": 972,
    "num_nodes": 3045,
    "num_channels": 24611,
    "total_network_capacity": "65727612754",
    "avg_channel_size": 2670659.979440088,
    "min_channel_size": "1100",
    "max_channel_size": "16777216"
}
