{
    "graph_diameter": 0,
    "avg_out_degree": 8.05375286791216,
    "max_out_degree": 965,
    "num_nodes": 3051,
    "num_channels": 24572,
    "total_network_capacity": "65553821779",
    "avg_channel_size": 2667826.0531906234,
    "min_channel_size": "1100",
    "max_channel_size": "16777216"
}
