{
    "graph_diameter": 0,
    "avg_out_degree": 8.088808187520634,
    "max_out_degree": 970,
    "num_nodes": 3029,
    "num_channels": 24501,
    "total_network_capacity": "65453869230",
    "avg_channel_size": 2671477.459287376,
    "min_channel_size": "1100",
    "max_channel_size": "16777216"
}
