{
    "graph_diameter": 0,
    "avg_out_degree": 8.09046052631579,
    "max_out_degree": 971,
    "num_nodes": 3040,
    "num_channels": 24595,
    "total_network_capacity": "65644340083",
    "avg_channel_size": 2669011.591095751,
    "min_channel_size": "1100",
    "max_channel_size": "16777216"
}
