{
    "graph_diameter": 0,
    "avg_out_degree": 8.089616402116402,
    "max_out_degree": 969,
    "num_nodes": 3024,
    "num_channels": 24463,
    "total_network_capacity": "65391057016",
    "avg_channel_size": 2673059.600866615,
    "min_channel_size": "1100",
    "max_channel_size": "16777216"
}
