{
    "graph_diameter": 0,
    "avg_out_degree": 8.000654664484452,
    "max_out_degree": 966,
    "num_nodes": 3055,
    "num_channels": 24442,
    "total_network_capacity": "65476849414",
    "avg_channel_size": 2678866.2717453563,
    "min_channel_size": "1100",
    "max_channel_size": "16777216"
}
