{
    "graph_diameter": 0,
    "avg_out_degree": 8.093688362919131,
    "max_out_degree": 972,
    "num_nodes": 3042,
    "num_channels": 24621,
    "total_network_capacity": "65674553794",
    "avg_channel_size": 2667420.242638398,
    "min_channel_size": "1100",
    "max_channel_size": "16777216"
}
