{
    "graph_diameter": 0,
    "avg_out_degree": 8.087401055408971,
    "max_out_degree": 970,
    "num_nodes": 3032,
    "num_channels": 24521,
    "total_network_capacity": "65513476445",
    "avg_channel_size": 2671729.3929692917,
    "min_channel_size": "1100",
    "max_channel_size": "16777216"
}
