{
    "graph_diameter": 0,
    "avg_out_degree": 8.051231527093597,
    "max_out_degree": 966,
    "num_nodes": 3045,
    "num_channels": 24516,
    "total_network_capacity": "65607286580",
    "avg_channel_size": 2676100.774188285,
    "min_channel_size": "1100",
    "max_channel_size": "16777216"
}
