{
    "graph_diameter": 0,
    "avg_out_degree": 8.035363457760313,
    "max_out_degree": 969,
    "num_nodes": 3054,
    "num_channels": 24540,
    "total_network_capacity": "65637712978",
    "avg_channel_size": 2674723.430236349,
    "min_channel_size": "1100",
    "max_channel_size": "16777216"
}
