{
    "graph_diameter": 0,
    "avg_out_degree": 8.089709762532982,
    "max_out_degree": 970,
    "num_nodes": 3032,
    "num_channels": 24528,
    "total_network_capacity": "65520263870",
    "avg_channel_size": 2671243.634621657,
    "min_channel_size": "1100",
    "max_channel_size": "16777216"
}
