{
    "graph_diameter": 0,
    "avg_out_degree": 8.09638157894737,
    "max_out_degree": 972,
    "num_nodes": 3040,
    "num_channels": 24613,
    "total_network_capacity": "65655277044",
    "avg_channel_size": 2667504.044366798,
    "min_channel_size": "1100",
    "max_channel_size": "16777216"
}
