{
    "graph_diameter": 0,
    "avg_out_degree": 8.060923681624631,
    "max_out_degree": 969,
    "num_nodes": 3053,
    "num_channels": 24610,
    "total_network_capacity": "65689184665",
    "avg_channel_size": 2669207.0160503862,
    "min_channel_size": "1100",
    "max_channel_size": "16777216"
}
