{
    "graph_diameter": 0,
    "avg_out_degree": 7.996726677577741,
    "max_out_degree": 966,
    "num_nodes": 3055,
    "num_channels": 24430,
    "total_network_capacity": "65509928880",
    "avg_channel_size": 2681536.1801064266,
    "min_channel_size": "1100",
    "max_channel_size": "16777216"
}
