{
    "graph_diameter": 0,
    "avg_out_degree": 8.097464603226868,
    "max_out_degree": 971,
    "num_nodes": 3037,
    "num_channels": 24592,
    "total_network_capacity": "65642463955",
    "avg_channel_size": 2669260.896023097,
    "min_channel_size": "1100",
    "max_channel_size": "16777216"
}
