{
    "graph_diameter": 0,
    "avg_out_degree": 8.073818897637794,
    "max_out_degree": 968,
    "num_nodes": 3048,
    "num_channels": 24609,
    "total_network_capacity": "65755403692",
    "avg_channel_size": 2672006.3266284694,
    "min_channel_size": "1100",
    "max_channel_size": "16777216"
}
