{
    "graph_diameter": 0,
    "avg_out_degree": 8.059266535690897,
    "max_out_degree": 969,
    "num_nodes": 3054,
    "num_channels": 24613,
    "total_network_capacity": "65706934816",
    "avg_channel_size": 2669602.844675578,
    "min_channel_size": "1100",
    "max_channel_size": "16777216"
}
