{
    "graph_diameter": 0,
    "avg_out_degree": 8.001309328968903,
    "max_out_degree": 966,
    "num_nodes": 3055,
    "num_channels": 24444,
    "total_network_capacity": "65530748880",
    "avg_channel_size": 2680852.1060382915,
    "min_channel_size": "1100",
    "max_channel_size": "16777216"
}
