{
    "graph_diameter": 0,
    "avg_out_degree": 9.877034810919108,
    "max_out_degree": 1134,
    "num_nodes": 3993,
    "num_channels": 39439,
    "total_network_capacity": "105975818287",
    "avg_channel_size": 2687081.7791272597,
    "min_channel_size": "1100",
    "max_channel_size": "16777216"
}
