{
    "graph_diameter": 0,
    "avg_out_degree": 8.957701149425287,
    "max_out_degree": 1146,
    "num_nodes": 4350,
    "num_channels": 38966,
    "total_network_capacity": "100313761600",
    "avg_channel_size": 2574392.075142432,
    "min_channel_size": "1050",
    "max_channel_size": "16777216"
}
