{
    "graph_diameter": 0,
    "avg_out_degree": 9.959085133418043,
    "max_out_degree": 1151,
    "num_nodes": 3935,
    "num_channels": 39189,
    "total_network_capacity": "105175033477",
    "avg_channel_size": 2683789.6725356607,
    "min_channel_size": "1100",
    "max_channel_size": "16777216"
}
