{
    "graph_diameter": 0,
    "avg_out_degree": 9.984247967479675,
    "max_out_degree": 1154,
    "num_nodes": 3936,
    "num_channels": 39298,
    "total_network_capacity": "105968050712",
    "avg_channel_size": 2696525.2865794697,
    "min_channel_size": "1100",
    "max_channel_size": "16777216"
}
