{
    "graph_diameter": 0,
    "avg_out_degree": 9.958991339786042,
    "max_out_degree": 1146,
    "num_nodes": 3926,
    "num_channels": 39099,
    "total_network_capacity": "104771623181",
    "avg_channel_size": 2679649.6887644185,
    "min_channel_size": "1100",
    "max_channel_size": "16777216"
}
