{
    "graph_diameter": 0,
    "avg_out_degree": 10.000762388818297,
    "max_out_degree": 1136,
    "num_nodes": 3935,
    "num_channels": 39353,
    "total_network_capacity": "106102905925",
    "avg_channel_size": 2696183.4148603664,
    "min_channel_size": "1100",
    "max_channel_size": "16777216"
}
