{
    "graph_diameter": 0,
    "avg_out_degree": 9.985518292682928,
    "max_out_degree": 1154,
    "num_nodes": 3936,
    "num_channels": 39303,
    "total_network_capacity": "105999150712",
    "avg_channel_size": 2696973.5315879197,
    "min_channel_size": "1100",
    "max_channel_size": "16777216"
}
