{
    "graph_diameter": 0,
    "avg_out_degree": 9.931245225362872,
    "max_out_degree": 1146,
    "num_nodes": 3927,
    "num_channels": 39000,
    "total_network_capacity": "103940371682",
    "avg_channel_size": 2665137.7354358975,
    "min_channel_size": "1100",
    "max_channel_size": "16777216"
}
