{
    "graph_diameter": 0,
    "avg_out_degree": 9.18720152817574,
    "max_out_degree": 1146,
    "num_nodes": 4188,
    "num_channels": 38476,
    "total_network_capacity": "98796457811",
    "avg_channel_size": 2567742.431931594,
    "min_channel_size": "1050",
    "max_channel_size": "16777216"
}
