{
    "graph_diameter": 0,
    "avg_out_degree": 9.192776847644105,
    "max_out_degree": 1146,
    "num_nodes": 4181,
    "num_channels": 38435,
    "total_network_capacity": "98624981372",
    "avg_channel_size": 2566020.0695199687,
    "min_channel_size": "1050",
    "max_channel_size": "16777216"
}
