{
    "graph_diameter": 0,
    "avg_out_degree": 9.977585328578707,
    "max_out_degree": 1146,
    "num_nodes": 3926,
    "num_channels": 39172,
    "total_network_capacity": "105602895406",
    "avg_channel_size": 2695877.039875421,
    "min_channel_size": "1100",
    "max_channel_size": "16777216"
}
