{
    "graph_diameter": 0,
    "avg_out_degree": 9.989819292440824,
    "max_out_degree": 1145,
    "num_nodes": 3929,
    "num_channels": 39250,
    "total_network_capacity": "105975359501",
    "avg_channel_size": 2700009.1592611466,
    "min_channel_size": "1100",
    "max_channel_size": "16777216"
}
