{
    "graph_diameter": 0,
    "avg_out_degree": 9.968734112862228,
    "max_out_degree": 1146,
    "num_nodes": 3934,
    "num_channels": 39217,
    "total_network_capacity": "105799344214",
    "avg_channel_size": 2697792.901394803,
    "min_channel_size": "1100",
    "max_channel_size": "16777216"
}
