{
    "graph_diameter": 0,
    "avg_out_degree": 9.169851887243192,
    "max_out_degree": 1146,
    "num_nodes": 4186,
    "num_channels": 38385,
    "total_network_capacity": "99456851178",
    "avg_channel_size": 2591034.288862837,
    "min_channel_size": "1050",
    "max_channel_size": "16777216"
}
