{
    "graph_diameter": 0,
    "avg_out_degree": 9.853818917551846,
    "max_out_degree": 1146,
    "num_nodes": 3954,
    "num_channels": 38962,
    "total_network_capacity": "103209063777",
    "avg_channel_size": 2648967.295749705,
    "min_channel_size": "1100",
    "max_channel_size": "16777216"
}
