{
    "graph_diameter": 0,
    "avg_out_degree": 9.82297364495276,
    "max_out_degree": 1134,
    "num_nodes": 4022,
    "num_channels": 39508,
    "total_network_capacity": "105939911677",
    "avg_channel_size": 2681479.995874253,
    "min_channel_size": "1100",
    "max_channel_size": "16777216"
}
