{
    "graph_diameter": 0,
    "avg_out_degree": 9.853566009104703,
    "max_out_degree": 1146,
    "num_nodes": 3954,
    "num_channels": 38961,
    "total_network_capacity": "103537872665",
    "avg_channel_size": 2657474.7225430557,
    "min_channel_size": "1100",
    "max_channel_size": "16777216"
}
