{
    "graph_diameter": 0,
    "avg_out_degree": 9.876784372652141,
    "max_out_degree": 1134,
    "num_nodes": 3993,
    "num_channels": 39438,
    "total_network_capacity": "105975518287",
    "avg_channel_size": 2687142.306582484,
    "min_channel_size": "1100",
    "max_channel_size": "16777216"
}
