{
    "graph_diameter": 0,
    "avg_out_degree": 10.00839054157132,
    "max_out_degree": 1141,
    "num_nodes": 3933,
    "num_channels": 39363,
    "total_network_capacity": "106173140136",
    "avg_channel_size": 2697282.730889414,
    "min_channel_size": "1100",
    "max_channel_size": "16777216"
}
