{
    "graph_diameter": 0,
    "avg_out_degree": 9.946983085079525,
    "max_out_degree": 1136,
    "num_nodes": 3961,
    "num_channels": 39400,
    "total_network_capacity": "105971597640",
    "avg_channel_size": 2689634.4578680205,
    "min_channel_size": "1100",
    "max_channel_size": "16777216"
}
