{
    "graph_diameter": 0,
    "avg_out_degree": 9.9666327050433,
    "max_out_degree": 1146,
    "num_nodes": 3926,
    "num_channels": 39129,
    "total_network_capacity": "105036573181",
    "avg_channel_size": 2684366.4080605176,
    "min_channel_size": "1100",
    "max_channel_size": "16777216"
}
