{
    "graph_diameter": 0,
    "avg_out_degree": 9.966709021601016,
    "max_out_degree": 1151,
    "num_nodes": 3935,
    "num_channels": 39219,
    "total_network_capacity": "105354691477",
    "avg_channel_size": 2686317.6388230193,
    "min_channel_size": "1100",
    "max_channel_size": "16777216"
}
