{
    "graph_diameter": 0,
    "avg_out_degree": 9.941161487519103,
    "max_out_degree": 1146,
    "num_nodes": 3926,
    "num_channels": 39029,
    "total_network_capacity": "104190226682",
    "avg_channel_size": 2669559.2170437365,
    "min_channel_size": "1100",
    "max_channel_size": "16777216"
}
