{
    "graph_diameter": 0,
    "avg_out_degree": 10.013729977116705,
    "max_out_degree": 1146,
    "num_nodes": 3933,
    "num_channels": 39384,
    "total_network_capacity": "106262556282",
    "avg_channel_size": 2698114.876142596,
    "min_channel_size": "1100",
    "max_channel_size": "16777216"
}
