{
    "graph_diameter": 0,
    "avg_out_degree": 9.97484756097561,
    "max_out_degree": 1145,
    "num_nodes": 3936,
    "num_channels": 39261,
    "total_network_capacity": "105859625976",
    "avg_channel_size": 2696304.882096737,
    "min_channel_size": "1100",
    "max_channel_size": "16777216"
}
