{
    "graph_diameter": 0,
    "avg_out_degree": 9.929462694168576,
    "max_out_degree": 1146,
    "num_nodes": 3927,
    "num_channels": 38993,
    "total_network_capacity": "103831653222",
    "avg_channel_size": 2662828.0261072502,
    "min_channel_size": "1100",
    "max_channel_size": "16777216"
}
