{
    "graph_diameter": 0,
    "avg_out_degree": 9.5986777668952,
    "max_out_degree": 1147,
    "num_nodes": 4084,
    "num_channels": 39201,
    "total_network_capacity": "102047771411",
    "avg_channel_size": 2603193.0667840107,
    "min_channel_size": "1100",
    "max_channel_size": "16777216"
}
