{
    "graph_diameter": 0,
    "avg_out_degree": 9.830804248861911,
    "max_out_degree": 1146,
    "num_nodes": 3954,
    "num_channels": 38871,
    "total_network_capacity": "102635769468",
    "avg_channel_size": 2640420.0938488846,
    "min_channel_size": "1100",
    "max_channel_size": "16777216"
}
