{
    "graph_diameter": 0,
    "avg_out_degree": 9.976105744789018,
    "max_out_degree": 1146,
    "num_nodes": 3934,
    "num_channels": 39246,
    "total_network_capacity": "105841893940",
    "avg_channel_size": 2696883.604443765,
    "min_channel_size": "1100",
    "max_channel_size": "16777216"
}
