{
    "graph_diameter": 0,
    "avg_out_degree": 8.820636663007685,
    "max_out_degree": 1146,
    "num_nodes": 4555,
    "num_channels": 40178,
    "total_network_capacity": "101728656653",
    "avg_channel_size": 2531949.2421972225,
    "min_channel_size": "1050",
    "max_channel_size": "16777216"
}
