{
    "graph_diameter": 0,
    "avg_out_degree": 9.93549203136858,
    "max_out_degree": 1135,
    "num_nodes": 3953,
    "num_channels": 39275,
    "total_network_capacity": "105855328944",
    "avg_channel_size": 2695234.346123488,
    "min_channel_size": "1100",
    "max_channel_size": "16777216"
}
