{
    "graph_diameter": 0,
    "avg_out_degree": 9.973055414336553,
    "max_out_degree": 1146,
    "num_nodes": 3934,
    "num_channels": 39234,
    "total_network_capacity": "105806120018",
    "avg_channel_size": 2696796.6564204516,
    "min_channel_size": "1100",
    "max_channel_size": "16777216"
}
