{
    "graph_diameter": 0,
    "avg_out_degree": 9.948523845571536,
    "max_out_degree": 1137,
    "num_nodes": 3963,
    "num_channels": 39426,
    "total_network_capacity": "106076584691",
    "avg_channel_size": 2690523.6313853804,
    "min_channel_size": "1100",
    "max_channel_size": "16777216"
}
