{
    "graph_diameter": 0,
    "avg_out_degree": 9.978100331041508,
    "max_out_degree": 1146,
    "num_nodes": 3927,
    "num_channels": 39184,
    "total_network_capacity": "105700842214",
    "avg_channel_size": 2697551.0977439773,
    "min_channel_size": "1100",
    "max_channel_size": "16777216"
}
