{
    "graph_diameter": 0,
    "avg_out_degree": 9.853313100657562,
    "max_out_degree": 1146,
    "num_nodes": 3954,
    "num_channels": 38960,
    "total_network_capacity": "103203763777",
    "avg_channel_size": 2648967.24273614,
    "min_channel_size": "1100",
    "max_channel_size": "16777216"
}
