{
    "graph_diameter": 0,
    "avg_out_degree": 9.891572327044026,
    "max_out_degree": 1135,
    "num_nodes": 3975,
    "num_channels": 39319,
    "total_network_capacity": "105857379517",
    "avg_channel_size": 2692270.3913375214,
    "min_channel_size": "1100",
    "max_channel_size": "16777216"
}
