{
    "graph_diameter": 0,
    "avg_out_degree": 8.825532849923095,
    "max_out_degree": 1146,
    "num_nodes": 4551,
    "num_channels": 40165,
    "total_network_capacity": "101717246185",
    "avg_channel_size": 2532484.655421387,
    "min_channel_size": "1050",
    "max_channel_size": "16777216"
}
