{
    "graph_diameter": 0,
    "avg_out_degree": 10.009407576913297,
    "max_out_degree": 1146,
    "num_nodes": 3933,
    "num_channels": 39367,
    "total_network_capacity": "106171510920",
    "avg_channel_size": 2696967.280209312,
    "min_channel_size": "1100",
    "max_channel_size": "16777216"
}
