{
    "graph_diameter": 0,
    "avg_out_degree": 10.018824726532689,
    "max_out_degree": 1147,
    "num_nodes": 3931,
    "num_channels": 39384,
    "total_network_capacity": "106233612801",
    "avg_channel_size": 2697379.9715874465,
    "min_channel_size": "1100",
    "max_channel_size": "16777216"
}
