{
    "graph_diameter": 0,
    "avg_out_degree": 10.008899059242308,
    "max_out_degree": 1144,
    "num_nodes": 3933,
    "num_channels": 39365,
    "total_network_capacity": "106171470920",
    "avg_channel_size": 2697103.2876921124,
    "min_channel_size": "1100",
    "max_channel_size": "16777216"
}
