{
    "graph_diameter": 0,
    "avg_out_degree": 9.979113601630157,
    "max_out_degree": 1146,
    "num_nodes": 3926,
    "num_channels": 39178,
    "total_network_capacity": "105519634950",
    "avg_channel_size": 2693338.989994385,
    "min_channel_size": "1100",
    "max_channel_size": "16777216"
}
