{
    "graph_diameter": 0,
    "avg_out_degree": 9.888303212851406,
    "max_out_degree": 1135,
    "num_nodes": 3984,
    "num_channels": 39395,
    "total_network_capacity": "105832935284",
    "avg_channel_size": 2686456.029546897,
    "min_channel_size": "1100",
    "max_channel_size": "16777216"
}
