{
    "graph_diameter": 0,
    "avg_out_degree": 9.989564774751845,
    "max_out_degree": 1145,
    "num_nodes": 3929,
    "num_channels": 39249,
    "total_network_capacity": "105975539081",
    "avg_channel_size": 2700082.526459273,
    "min_channel_size": "1100",
    "max_channel_size": "16777216"
}
