{
    "graph_diameter": 0,
    "avg_out_degree": 9.987274115551031,
    "max_out_degree": 1145,
    "num_nodes": 3929,
    "num_channels": 39240,
    "total_network_capacity": "105843297085",
    "avg_channel_size": 2697331.7299949033,
    "min_channel_size": "1100",
    "max_channel_size": "16777216"
}
