{
    "graph_diameter": 0,
    "avg_out_degree": 9.833586241780475,
    "max_out_degree": 1146,
    "num_nodes": 3954,
    "num_channels": 38882,
    "total_network_capacity": "102716446369",
    "avg_channel_size": 2641748.0162800266,
    "min_channel_size": "1100",
    "max_channel_size": "16777216"
}
