{
    "graph_diameter": 0,
    "avg_out_degree": 9.991615853658537,
    "max_out_degree": 1154,
    "num_nodes": 3936,
    "num_channels": 39327,
    "total_network_capacity": "106166125712",
    "avg_channel_size": 2699573.466371704,
    "min_channel_size": "1100",
    "max_channel_size": "16777216"
}
