{
    "graph_diameter": 0,
    "avg_out_degree": 9.049725022914757,
    "max_out_degree": 1146,
    "num_nodes": 4364,
    "num_channels": 39493,
    "total_network_capacity": "101231781929",
    "avg_channel_size": 2563284.1751449625,
    "min_channel_size": "1050",
    "max_channel_size": "16777216"
}
