{
    "graph_diameter": 0,
    "avg_out_degree": 9.908976298537569,
    "max_out_degree": 1135,
    "num_nodes": 3966,
    "num_channels": 39299,
    "total_network_capacity": "105856373677",
    "avg_channel_size": 2693614.943815364,
    "min_channel_size": "1100",
    "max_channel_size": "16777216"
}
