{
    "graph_diameter": 0,
    "avg_out_degree": 10.004322400203407,
    "max_out_degree": 1147,
    "num_nodes": 3933,
    "num_channels": 39347,
    "total_network_capacity": "106117418209",
    "avg_channel_size": 2696963.3824433885,
    "min_channel_size": "1100",
    "max_channel_size": "16777216"
}
