{
    "graph_diameter": 0,
    "avg_out_degree": 9.855842185128983,
    "max_out_degree": 1146,
    "num_nodes": 3954,
    "num_channels": 38970,
    "total_network_capacity": "103255563777",
    "avg_channel_size": 2649616.725096228,
    "min_channel_size": "1100",
    "max_channel_size": "16777216"
}
