{
    "graph_diameter": 0,
    "avg_out_degree": 9.94572077758142,
    "max_out_degree": 1136,
    "num_nodes": 3961,
    "num_channels": 39395,
    "total_network_capacity": "105968888828",
    "avg_channel_size": 2689907.065059018,
    "min_channel_size": "1100",
    "max_channel_size": "16777216"
}
