{
    "graph_diameter": 0,
    "avg_out_degree": 9.998221092757307,
    "max_out_degree": 1141,
    "num_nodes": 3935,
    "num_channels": 39343,
    "total_network_capacity": "106064456988",
    "avg_channel_size": 2695891.4416287523,
    "min_channel_size": "1100",
    "max_channel_size": "16777216"
}
