{
    "graph_diameter": 0,
    "avg_out_degree": 9.983498349834983,
    "max_out_degree": 1134,
    "num_nodes": 3939,
    "num_channels": 39325,
    "total_network_capacity": "105925927228",
    "avg_channel_size": 2693602.7267132867,
    "min_channel_size": "1100",
    "max_channel_size": "16777216"
}
