{
    "graph_diameter": 0,
    "avg_out_degree": 10.002033036848793,
    "max_out_degree": 1136,
    "num_nodes": 3935,
    "num_channels": 39358,
    "total_network_capacity": "106113453564",
    "avg_channel_size": 2696108.8867320493,
    "min_channel_size": "1100",
    "max_channel_size": "16777216"
}
