{
    "graph_diameter": 0,
    "avg_out_degree": 9.998474834773766,
    "max_out_degree": 1140,
    "num_nodes": 3934,
    "num_channels": 39334,
    "total_network_capacity": "106070680442",
    "avg_channel_size": 2696666.508415112,
    "min_channel_size": "1100",
    "max_channel_size": "16777216"
}
