{
    "graph_diameter": 0,
    "avg_out_degree": 9.975152129817443,
    "max_out_degree": 1134,
    "num_nodes": 3944,
    "num_channels": 39342,
    "total_network_capacity": "105943497722",
    "avg_channel_size": 2692885.408011794,
    "min_channel_size": "1100",
    "max_channel_size": "16777216"
}
