{
    "graph_diameter": 0,
    "avg_out_degree": 10.019587891121851,
    "max_out_degree": 1147,
    "num_nodes": 3931,
    "num_channels": 39387,
    "total_network_capacity": "106244065728",
    "avg_channel_size": 2697439.90981796,
    "min_channel_size": "1100",
    "max_channel_size": "16777216"
}
