{
    "graph_diameter": 0,
    "avg_out_degree": 9.820551759048342,
    "max_out_degree": 1148,
    "num_nodes": 3951,
    "num_channels": 38801,
    "total_network_capacity": "102442455340",
    "avg_channel_size": 2640201.4210973945,
    "min_channel_size": "1100",
    "max_channel_size": "16777216"
}
