{
    "graph_diameter": 0,
    "avg_out_degree": 9.986765080173072,
    "max_out_degree": 1145,
    "num_nodes": 3929,
    "num_channels": 39238,
    "total_network_capacity": "105841297085",
    "avg_channel_size": 2697418.2446862734,
    "min_channel_size": "1100",
    "max_channel_size": "16777216"
}
