{
    "graph_diameter": 0,
    "avg_out_degree": 9.97712833545108,
    "max_out_degree": 1146,
    "num_nodes": 3935,
    "num_channels": 39260,
    "total_network_capacity": "105931603940",
    "avg_channel_size": 2698206.9266428933,
    "min_channel_size": "1100",
    "max_channel_size": "16777216"
}
