{
    "graph_diameter": 0,
    "avg_out_degree": 9.813028344107408,
    "max_out_degree": 1134,
    "num_nodes": 4022,
    "num_channels": 39468,
    "total_network_capacity": "105899037162",
    "avg_channel_size": 2683161.983429614,
    "min_channel_size": "1100",
    "max_channel_size": "16777216"
}
