{
    "graph_diameter": 0,
    "avg_out_degree": 9.90545637415137,
    "max_out_degree": 1135,
    "num_nodes": 3977,
    "num_channels": 39394,
    "total_network_capacity": "105935549946",
    "avg_channel_size": 2689129.053815302,
    "min_channel_size": "1100",
    "max_channel_size": "16777216"
}
