{
    "graph_diameter": 0,
    "avg_out_degree": 9.990083905415712,
    "max_out_degree": 1136,
    "num_nodes": 3933,
    "num_channels": 39291,
    "total_network_capacity": "106007951888",
    "avg_channel_size": 2698021.2233844902,
    "min_channel_size": "1100",
    "max_channel_size": "16777216"
}
