{
    "graph_diameter": 0,
    "avg_out_degree": 9.599902056807052,
    "max_out_degree": 1147,
    "num_nodes": 4084,
    "num_channels": 39206,
    "total_network_capacity": "102088771411",
    "avg_channel_size": 2603906.8359689843,
    "min_channel_size": "1100",
    "max_channel_size": "16777216"
}
