{
    "graph_diameter": 0,
    "avg_out_degree": 9.981961382113822,
    "max_out_degree": 1154,
    "num_nodes": 3936,
    "num_channels": 39289,
    "total_network_capacity": "105897725712",
    "avg_channel_size": 2695353.0431418465,
    "min_channel_size": "1100",
    "max_channel_size": "16777216"
}
