{
    "graph_diameter": 0,
    "avg_out_degree": 9.998982964658023,
    "max_out_degree": 1138,
    "num_nodes": 3933,
    "num_channels": 39326,
    "total_network_capacity": "106050030442",
    "avg_channel_size": 2696689.987336622,
    "min_channel_size": "1100",
    "max_channel_size": "16777216"
}
