{
    "graph_diameter": 0,
    "avg_out_degree": 10.001016518424397,
    "max_out_degree": 1141,
    "num_nodes": 3935,
    "num_channels": 39354,
    "total_network_capacity": "106117857008",
    "avg_channel_size": 2696494.816486253,
    "min_channel_size": "1100",
    "max_channel_size": "16777216"
}
