{
    "graph_diameter": 0,
    "avg_out_degree": 9.973316391359594,
    "max_out_degree": 1146,
    "num_nodes": 3935,
    "num_channels": 39245,
    "total_network_capacity": "105841303940",
    "avg_channel_size": 2696937.28984584,
    "min_channel_size": "1100",
    "max_channel_size": "16777216"
}
