{
    "graph_diameter": 0,
    "avg_out_degree": 9.120075489502241,
    "max_out_degree": 1146,
    "num_nodes": 4239,
    "num_channels": 38660,
    "total_network_capacity": "99336308634",
    "avg_channel_size": 2569485.479410243,
    "min_channel_size": "1050",
    "max_channel_size": "16777216"
}
