{
    "graph_diameter": 0,
    "avg_out_degree": 9.59769833496572,
    "max_out_degree": 1147,
    "num_nodes": 4084,
    "num_channels": 39197,
    "total_network_capacity": "102046071411",
    "avg_channel_size": 2603415.3483940098,
    "min_channel_size": "1100",
    "max_channel_size": "16777216"
}
