{
    "graph_diameter": 0,
    "avg_out_degree": 9.87512742099898,
    "max_out_degree": 1146,
    "num_nodes": 3924,
    "num_channels": 38750,
    "total_network_capacity": "101886386520",
    "avg_channel_size": 2629326.1037419355,
    "min_channel_size": "1100",
    "max_channel_size": "16777216"
}
