{
    "graph_diameter": 0,
    "avg_out_degree": 9.96795523906409,
    "max_out_degree": 1146,
    "num_nodes": 3932,
    "num_channels": 39194,
    "total_network_capacity": "105717294214",
    "avg_channel_size": 2697282.5997346533,
    "min_channel_size": "1100",
    "max_channel_size": "16777216"
}
