{
    "graph_diameter": 0,
    "avg_out_degree": 9.98499491353001,
    "max_out_degree": 1135,
    "num_nodes": 3932,
    "num_channels": 39261,
    "total_network_capacity": "105854053944",
    "avg_channel_size": 2696162.9592725607,
    "min_channel_size": "1100",
    "max_channel_size": "16777216"
}
