{
    "graph_diameter": 0,
    "avg_out_degree": 9.663865546218487,
    "max_out_degree": 1146,
    "num_nodes": 3927,
    "num_channels": 37950,
    "total_network_capacity": "99357615203",
    "avg_channel_size": 2618118.9776811595,
    "min_channel_size": "1100",
    "max_channel_size": "16777216"
}
