{
    "graph_diameter": 0,
    "avg_out_degree": 9.878502292409577,
    "max_out_degree": 1147,
    "num_nodes": 3926,
    "num_channels": 38783,
    "total_network_capacity": "102125453909",
    "avg_channel_size": 2633253.072454426,
    "min_channel_size": "1100",
    "max_channel_size": "16777216"
}
