{
    "graph_diameter": 0,
    "avg_out_degree": 10.002543234994913,
    "max_out_degree": 1133,
    "num_nodes": 3932,
    "num_channels": 39330,
    "total_network_capacity": "106034482269",
    "avg_channel_size": 2696020.3983981693,
    "min_channel_size": "1100",
    "max_channel_size": "16777216"
}
