{
    "graph_diameter": 0,
    "avg_out_degree": 8.876551418439716,
    "max_out_degree": 1146,
    "num_nodes": 4512,
    "num_channels": 40051,
    "total_network_capacity": "101692749452",
    "avg_channel_size": 2539081.4075054307,
    "min_channel_size": "1050",
    "max_channel_size": "16777216"
}
