{
    "graph_diameter": 0,
    "avg_out_degree": 10.005344871468568,
    "max_out_degree": 1135,
    "num_nodes": 3929,
    "num_channels": 39311,
    "total_network_capacity": "105991252547",
    "avg_channel_size": 2696223.768080181,
    "min_channel_size": "1100",
    "max_channel_size": "16777216"
}
