{
    "graph_diameter": 0,
    "avg_out_degree": 9.974274070300561,
    "max_out_degree": 1146,
    "num_nodes": 3926,
    "num_channels": 39159,
    "total_network_capacity": "105335634950",
    "avg_channel_size": 2689947.0096274163,
    "min_channel_size": "1100",
    "max_channel_size": "16777216"
}
