{
    "graph_diameter": 0,
    "avg_out_degree": 9.9482715114812,
    "max_out_degree": 1137,
    "num_nodes": 3963,
    "num_channels": 39425,
    "total_network_capacity": "106076071223",
    "avg_channel_size": 2690578.851566265,
    "min_channel_size": "1100",
    "max_channel_size": "16777216"
}
