{
    "graph_diameter": 0,
    "avg_out_degree": 9.826757713707638,
    "max_out_degree": 1148,
    "num_nodes": 3954,
    "num_channels": 38855,
    "total_network_capacity": "102536519068",
    "avg_channel_size": 2638953.0065113883,
    "min_channel_size": "1100",
    "max_channel_size": "16777216"
}
