{
    "graph_diameter": 0,
    "avg_out_degree": 9.665648077412783,
    "max_out_degree": 1146,
    "num_nodes": 3927,
    "num_channels": 37957,
    "total_network_capacity": "99382825660",
    "avg_channel_size": 2618300.330900756,
    "min_channel_size": "1100",
    "max_channel_size": "16777216"
}
