{
    "graph_diameter": 0,
    "avg_out_degree": 9.900678903696253,
    "max_out_degree": 1135,
    "num_nodes": 3977,
    "num_channels": 39375,
    "total_network_capacity": "105868237282",
    "avg_channel_size": 2688717.137320635,
    "min_channel_size": "1100",
    "max_channel_size": "16777216"
}
