{
    "graph_diameter": 0,
    "avg_out_degree": 9.668194550547492,
    "max_out_degree": 1146,
    "num_nodes": 3927,
    "num_channels": 37967,
    "total_network_capacity": "99409787847",
    "avg_channel_size": 2618320.8535570363,
    "min_channel_size": "1100",
    "max_channel_size": "16777216"
}
