{
    "graph_diameter": 0,
    "avg_out_degree": 9.883596535914418,
    "max_out_degree": 1148,
    "num_nodes": 3926,
    "num_channels": 38803,
    "total_network_capacity": "102335863311",
    "avg_channel_size": 2637318.3339174804,
    "min_channel_size": "1100",
    "max_channel_size": "16777216"
}
