{
    "graph_diameter": 0,
    "avg_out_degree": 9.699577219597115,
    "max_out_degree": 1146,
    "num_nodes": 4021,
    "num_channels": 39002,
    "total_network_capacity": "102019180823",
    "avg_channel_size": 2615742.290728681,
    "min_channel_size": "1100",
    "max_channel_size": "16777216"
}
