{
    "graph_diameter": 0,
    "avg_out_degree": 9.794904137235116,
    "max_out_degree": 1148,
    "num_nodes": 3964,
    "num_channels": 38827,
    "total_network_capacity": "102452381685",
    "avg_channel_size": 2638689.099981971,
    "min_channel_size": "1100",
    "max_channel_size": "16777216"
}
