{
    "graph_diameter": 0,
    "avg_out_degree": 9.968012185833969,
    "max_out_degree": 1146,
    "num_nodes": 3939,
    "num_channels": 39264,
    "total_network_capacity": "105901929518",
    "avg_channel_size": 2697176.281530155,
    "min_channel_size": "1100",
    "max_channel_size": "16777216"
}
