{
    "graph_diameter": 0,
    "avg_out_degree": 9.038999770589585,
    "max_out_degree": 1146,
    "num_nodes": 4359,
    "num_channels": 39401,
    "total_network_capacity": "101094417966",
    "avg_channel_size": 2565783.050328672,
    "min_channel_size": "1050",
    "max_channel_size": "16777216"
}
