{
    "graph_diameter": 0,
    "avg_out_degree": 9.977840040753948,
    "max_out_degree": 1146,
    "num_nodes": 3926,
    "num_channels": 39173,
    "total_network_capacity": "105484134950",
    "avg_channel_size": 2692776.528476246,
    "min_channel_size": "1100",
    "max_channel_size": "16777216"
}
