{
    "graph_diameter": 0,
    "avg_out_degree": 9.745304282494365,
    "max_out_degree": 1146,
    "num_nodes": 3993,
    "num_channels": 38913,
    "total_network_capacity": "101983404425",
    "avg_channel_size": 2620805.5000899443,
    "min_channel_size": "1100",
    "max_channel_size": "16777216"
}
