{
    "graph_diameter": 0,
    "avg_out_degree": 9.16630977872948,
    "max_out_degree": 1146,
    "num_nodes": 4203,
    "num_channels": 38526,
    "total_network_capacity": "98811098516",
    "avg_channel_size": 2564789.9734205473,
    "min_channel_size": "1050",
    "max_channel_size": "16777216"
}
