{
    "graph_diameter": 0,
    "avg_out_degree": 9.809295276584995,
    "max_out_degree": 1146,
    "num_nodes": 3959,
    "num_channels": 38835,
    "total_network_capacity": "101968726054",
    "avg_channel_size": 2625691.413776233,
    "min_channel_size": "1100",
    "max_channel_size": "16777216"
}
