{
    "graph_diameter": 0,
    "avg_out_degree": 9.967217280813214,
    "max_out_degree": 1151,
    "num_nodes": 3935,
    "num_channels": 39221,
    "total_network_capacity": "105359358477",
    "avg_channel_size": 2686299.6475612554,
    "min_channel_size": "1100",
    "max_channel_size": "16777216"
}
