{
    "graph_diameter": 0,
    "avg_out_degree": 9.928698752228163,
    "max_out_degree": 1146,
    "num_nodes": 3927,
    "num_channels": 38990,
    "total_network_capacity": "103811553222",
    "avg_channel_size": 2662517.3947678893,
    "min_channel_size": "1100",
    "max_channel_size": "16777216"
}
