{
    "graph_diameter": 0,
    "avg_out_degree": 10.007122869498856,
    "max_out_degree": 1136,
    "num_nodes": 3931,
    "num_channels": 39338,
    "total_network_capacity": "106062750275",
    "avg_channel_size": 2696190.7131780977,
    "min_channel_size": "1100",
    "max_channel_size": "16777216"
}
