{
    "graph_diameter": 0,
    "avg_out_degree": 8.919548178884279,
    "max_out_degree": 1146,
    "num_nodes": 4338,
    "num_channels": 38693,
    "total_network_capacity": "99487173257",
    "avg_channel_size": 2571193.064817926,
    "min_channel_size": "1050",
    "max_channel_size": "16777216"
}
