{
    "graph_diameter": 0,
    "avg_out_degree": 9.970745357415415,
    "max_out_degree": 1146,
    "num_nodes": 3931,
    "num_channels": 39195,
    "total_network_capacity": "105712684214",
    "avg_channel_size": 2697096.1656843987,
    "min_channel_size": "1100",
    "max_channel_size": "16777216"
}
