{
    "graph_diameter": 0,
    "avg_out_degree": 9.843037974683543,
    "max_out_degree": 1148,
    "num_nodes": 3950,
    "num_channels": 38880,
    "total_network_capacity": "102577049807",
    "avg_channel_size": 2638298.6061471193,
    "min_channel_size": "1100",
    "max_channel_size": "16777216"
}
