{
    "graph_diameter": 0,
    "avg_out_degree": 9.886323713927228,
    "max_out_degree": 1135,
    "num_nodes": 3985,
    "num_channels": 39397,
    "total_network_capacity": "105831292284",
    "avg_channel_size": 2686277.9471533364,
    "min_channel_size": "1100",
    "max_channel_size": "16777216"
}
