{
    "graph_diameter": 0,
    "avg_out_degree": 10.01118738876176,
    "max_out_degree": 1146,
    "num_nodes": 3933,
    "num_channels": 39374,
    "total_network_capacity": "106216458467",
    "avg_channel_size": 2697629.3611774268,
    "min_channel_size": "1100",
    "max_channel_size": "16777216"
}
