{
    "graph_diameter": 0,
    "avg_out_degree": 9.976057055527255,
    "max_out_degree": 1146,
    "num_nodes": 3926,
    "num_channels": 39166,
    "total_network_capacity": "105496001187",
    "avg_channel_size": 2693560.771766328,
    "min_channel_size": "1100",
    "max_channel_size": "16777216"
}
