{
    "graph_diameter": 0,
    "avg_out_degree": 9.982723577235772,
    "max_out_degree": 1154,
    "num_nodes": 3936,
    "num_channels": 39292,
    "total_network_capacity": "105917850712",
    "avg_channel_size": 2695659.439885982,
    "min_channel_size": "1100",
    "max_channel_size": "16777216"
}
