{
    "graph_diameter": 0,
    "avg_out_degree": 9.967396841569027,
    "max_out_degree": 1146,
    "num_nodes": 3926,
    "num_channels": 39132,
    "total_network_capacity": "105069856250",
    "avg_channel_size": 2685011.1481651845,
    "min_channel_size": "1100",
    "max_channel_size": "16777216"
}
