{
    "graph_diameter": 0,
    "avg_out_degree": 10.014492753623188,
    "max_out_degree": 1146,
    "num_nodes": 3933,
    "num_channels": 39387,
    "total_network_capacity": "106276858467",
    "avg_channel_size": 2698272.4875466526,
    "min_channel_size": "1100",
    "max_channel_size": "16777216"
}
