{
    "graph_diameter": 0,
    "avg_out_degree": 10.012967200610221,
    "max_out_degree": 1146,
    "num_nodes": 3933,
    "num_channels": 39381,
    "total_network_capacity": "106259556282",
    "avg_channel_size": 2698244.236611564,
    "min_channel_size": "1100",
    "max_channel_size": "16777216"
}
