{
    "graph_diameter": 0,
    "avg_out_degree": 9.982697201017812,
    "max_out_degree": 1145,
    "num_nodes": 3930,
    "num_channels": 39232,
    "total_network_capacity": "105842372261",
    "avg_channel_size": 2697858.1836511013,
    "min_channel_size": "1100",
    "max_channel_size": "16777216"
}
