{
    "graph_diameter": 0,
    "avg_out_degree": 9.989829646580219,
    "max_out_degree": 1136,
    "num_nodes": 3933,
    "num_channels": 39290,
    "total_network_capacity": "106007851888",
    "avg_channel_size": 2698087.3476202595,
    "min_channel_size": "1100",
    "max_channel_size": "16777216"
}
