{
    "graph_diameter": 0,
    "avg_out_degree": 9.957972491085075,
    "max_out_degree": 1146,
    "num_nodes": 3926,
    "num_channels": 39095,
    "total_network_capacity": "104766573181",
    "avg_channel_size": 2679794.684256299,
    "min_channel_size": "1100",
    "max_channel_size": "16777216"
}
