{
    "graph_diameter": 0,
    "avg_out_degree": 9.854891994917407,
    "max_out_degree": 1146,
    "num_nodes": 3935,
    "num_channels": 38779,
    "total_network_capacity": "101944383617",
    "avg_channel_size": 2628855.4015575442,
    "min_channel_size": "1100",
    "max_channel_size": "16777216"
}
