{
    "graph_diameter": 0,
    "avg_out_degree": 9.843994943109987,
    "max_out_degree": 1146,
    "num_nodes": 3955,
    "num_channels": 38933,
    "total_network_capacity": "103036934569",
    "avg_channel_size": 2646519.265635836,
    "min_channel_size": "1100",
    "max_channel_size": "16777216"
}
