{
    "graph_diameter": 0,
    "avg_out_degree": 9.994660564454614,
    "max_out_degree": 1151,
    "num_nodes": 3933,
    "num_channels": 39309,
    "total_network_capacity": "105847509402",
    "avg_channel_size": 2692704.2001068457,
    "min_channel_size": "1100",
    "max_channel_size": "16777216"
}
