{
    "graph_diameter": 0,
    "avg_out_degree": 9.337976539589443,
    "max_out_degree": 1146,
    "num_nodes": 4092,
    "num_channels": 38211,
    "total_network_capacity": "99440886307",
    "avg_channel_size": 2602415.176441339,
    "min_channel_size": "1050",
    "max_channel_size": "16777216"
}
