{
    "graph_diameter": 0,
    "avg_out_degree": 9.96694635138571,
    "max_out_degree": 1146,
    "num_nodes": 3933,
    "num_channels": 39200,
    "total_network_capacity": "105747844214",
    "avg_channel_size": 2697649.0870918366,
    "min_channel_size": "1100",
    "max_channel_size": "16777216"
}
