{
    "graph_diameter": 0,
    "avg_out_degree": 10.004835836090608,
    "max_out_degree": 1133,
    "num_nodes": 3929,
    "num_channels": 39309,
    "total_network_capacity": "105991212547",
    "avg_channel_size": 2696359.931491516,
    "min_channel_size": "1100",
    "max_channel_size": "16777216"
}
