{
    "graph_diameter": 0,
    "avg_out_degree": 10.012204424103738,
    "max_out_degree": 1146,
    "num_nodes": 3933,
    "num_channels": 39378,
    "total_network_capacity": "106231363467",
    "avg_channel_size": 2697733.8480115803,
    "min_channel_size": "1100",
    "max_channel_size": "16777216"
}
