{
    "graph_diameter": 0,
    "avg_out_degree": 9.975343162175902,
    "max_out_degree": 1146,
    "num_nodes": 3934,
    "num_channels": 39243,
    "total_network_capacity": "105841643940",
    "avg_channel_size": 2697083.4018805902,
    "min_channel_size": "1100",
    "max_channel_size": "16777216"
}
