{
    "graph_diameter": 0,
    "avg_out_degree": 9.905204928337943,
    "max_out_degree": 1135,
    "num_nodes": 3977,
    "num_channels": 39393,
    "total_network_capacity": "105935489946",
    "avg_channel_size": 2689195.794836646,
    "min_channel_size": "1100",
    "max_channel_size": "16777216"
}
