{
    "graph_diameter": 0,
    "avg_out_degree": 9.972801220132181,
    "max_out_degree": 1146,
    "num_nodes": 3934,
    "num_channels": 39233,
    "total_network_capacity": "105806020018",
    "avg_channel_size": 2696862.8455127063,
    "min_channel_size": "1100",
    "max_channel_size": "16777216"
}
