{
    "graph_diameter": 0,
    "avg_out_degree": 9.887417218543046,
    "max_out_degree": 1148,
    "num_nodes": 3926,
    "num_channels": 38818,
    "total_network_capacity": "102450473325",
    "avg_channel_size": 2639251.7214951827,
    "min_channel_size": "1100",
    "max_channel_size": "16777216"
}
