{
    "graph_diameter": 0,
    "avg_out_degree": 10.006610729722858,
    "max_out_degree": 1138,
    "num_nodes": 3933,
    "num_channels": 39356,
    "total_network_capacity": "106129576927",
    "avg_channel_size": 2696655.5779804857,
    "min_channel_size": "1100",
    "max_channel_size": "16777216"
}
