{
    "graph_diameter": 0,
    "avg_out_degree": 9.285610288764863,
    "max_out_degree": 1146,
    "num_nodes": 4121,
    "num_channels": 38266,
    "total_network_capacity": "99449005437",
    "avg_channel_size": 2598886.882271468,
    "min_channel_size": "1050",
    "max_channel_size": "16777216"
}
