{
    "graph_diameter": 0,
    "avg_out_degree": 9.971021860701576,
    "max_out_degree": 1146,
    "num_nodes": 3934,
    "num_channels": 39226,
    "total_network_capacity": "105805320018",
    "avg_channel_size": 2697326.2636516597,
    "min_channel_size": "1100",
    "max_channel_size": "16777216"
}
