{
    "graph_diameter": 0,
    "avg_out_degree": 9.989055739373887,
    "max_out_degree": 1145,
    "num_nodes": 3929,
    "num_channels": 39247,
    "total_network_capacity": "105856297095",
    "avg_channel_size": 2697181.876194359,
    "min_channel_size": "1100",
    "max_channel_size": "16777216"
}
