{
    "graph_diameter": 0,
    "avg_out_degree": 9.971472236372898,
    "max_out_degree": 1146,
    "num_nodes": 3926,
    "num_channels": 39148,
    "total_network_capacity": "105220654950",
    "avg_channel_size": 2687765.784969858,
    "min_channel_size": "1100",
    "max_channel_size": "16777216"
}
