{
    "graph_diameter": 0,
    "avg_out_degree": 10.004320203303685,
    "max_out_degree": 1141,
    "num_nodes": 3935,
    "num_channels": 39367,
    "total_network_capacity": "106217140136",
    "avg_channel_size": 2698126.3529351996,
    "min_channel_size": "1100",
    "max_channel_size": "16777216"
}
