{
    "graph_diameter": 0,
    "avg_out_degree": 8.943100358422939,
    "max_out_degree": 1146,
    "num_nodes": 4464,
    "num_channels": 39922,
    "total_network_capacity": "101603723725",
    "avg_channel_size": 2545055.9522318523,
    "min_channel_size": "1050",
    "max_channel_size": "16777216"
}
