{
    "graph_diameter": 0,
    "avg_out_degree": 9.94854814060112,
    "max_out_degree": 1146,
    "num_nodes": 3926,
    "num_channels": 39058,
    "total_network_capacity": "104439218181",
    "avg_channel_size": 2673952.024706846,
    "min_channel_size": "1100",
    "max_channel_size": "16777216"
}
