{
    "graph_diameter": 0,
    "avg_out_degree": 9.991857506361324,
    "max_out_degree": 1145,
    "num_nodes": 3930,
    "num_channels": 39268,
    "total_network_capacity": "105939587868",
    "avg_channel_size": 2697860.5446674135,
    "min_channel_size": "1100",
    "max_channel_size": "16777216"
}
