{
    "graph_diameter": 0,
    "avg_out_degree": 9.97110998479473,
    "max_out_degree": 1134,
    "num_nodes": 3946,
    "num_channels": 39346,
    "total_network_capacity": "105931973497",
    "avg_channel_size": 2692318.7489706706,
    "min_channel_size": "1100",
    "max_channel_size": "16777216"
}
