{
    "graph_diameter": 0,
    "avg_out_degree": 9.992378048780488,
    "max_out_degree": 1154,
    "num_nodes": 3936,
    "num_channels": 39330,
    "total_network_capacity": "106191234717",
    "avg_channel_size": 2700005.967887109,
    "min_channel_size": "1100",
    "max_channel_size": "16777216"
}
