{
    "graph_diameter": 0,
    "avg_out_degree": 9.97682119205298,
    "max_out_degree": 1146,
    "num_nodes": 3926,
    "num_channels": 39169,
    "total_network_capacity": "105600145406",
    "avg_channel_size": 2696013.3117005797,
    "min_channel_size": "1100",
    "max_channel_size": "16777216"
}
