{
    "graph_diameter": 0,
    "avg_out_degree": 9.989310257062867,
    "max_out_degree": 1145,
    "num_nodes": 3929,
    "num_channels": 39248,
    "total_network_capacity": "105965539081",
    "avg_channel_size": 2699896.5318232775,
    "min_channel_size": "1100",
    "max_channel_size": "16777216"
}
