{
    "graph_diameter": 0,
    "avg_out_degree": 10.001270648030495,
    "max_out_degree": 1141,
    "num_nodes": 3935,
    "num_channels": 39355,
    "total_network_capacity": "106118357008",
    "avg_channel_size": 2696439.004141786,
    "min_channel_size": "1100",
    "max_channel_size": "16777216"
}
