{
    "graph_diameter": 0,
    "avg_out_degree": 10.007627765064836,
    "max_out_degree": 1138,
    "num_nodes": 3933,
    "num_channels": 39360,
    "total_network_capacity": "106129836927",
    "avg_channel_size": 2696388.133307927,
    "min_channel_size": "1100",
    "max_channel_size": "16777216"
}
