{
    "graph_diameter": 0,
    "avg_out_degree": 9.951213346814965,
    "max_out_degree": 1134,
    "num_nodes": 3956,
    "num_channels": 39367,
    "total_network_capacity": "105941214091",
    "avg_channel_size": 2691117.283282953,
    "min_channel_size": "1100",
    "max_channel_size": "16777216"
}
