{
    "graph_diameter": 0,
    "avg_out_degree": 9.972574911122397,
    "max_out_degree": 1145,
    "num_nodes": 3938,
    "num_channels": 39272,
    "total_network_capacity": "105860663593",
    "avg_channel_size": 2695576.074378692,
    "min_channel_size": "1100",
    "max_channel_size": "16777216"
}
