{
    "graph_diameter": 0,
    "avg_out_degree": 9.992111959287532,
    "max_out_degree": 1136,
    "num_nodes": 3930,
    "num_channels": 39269,
    "total_network_capacity": "105950415454",
    "avg_channel_size": 2698067.5712139346,
    "min_channel_size": "1100",
    "max_channel_size": "16777216"
}
