{
    "graph_diameter": 0,
    "avg_out_degree": 9.95177985357233,
    "max_out_degree": 1136,
    "num_nodes": 3961,
    "num_channels": 39419,
    "total_network_capacity": "106070797140",
    "avg_channel_size": 2690854.591440676,
    "min_channel_size": "1100",
    "max_channel_size": "16777216"
}
