{
    "graph_diameter": 0,
    "avg_out_degree": 9.929717341482048,
    "max_out_degree": 1146,
    "num_nodes": 3927,
    "num_channels": 38994,
    "total_network_capacity": "103841653222",
    "avg_channel_size": 2663016.187669898,
    "min_channel_size": "1100",
    "max_channel_size": "16777216"
}
