{
    "graph_diameter": 0,
    "avg_out_degree": 9.192537670413776,
    "max_out_degree": 1146,
    "num_nodes": 4181,
    "num_channels": 38434,
    "total_network_capacity": "98624855908",
    "avg_channel_size": 2566083.569443722,
    "min_channel_size": "1050",
    "max_channel_size": "16777216"
}
