{
    "graph_diameter": 0,
    "avg_out_degree": 9.992366412213741,
    "max_out_degree": 1136,
    "num_nodes": 3930,
    "num_channels": 39270,
    "total_network_capacity": "105958053332",
    "avg_channel_size": 2698193.362159409,
    "min_channel_size": "1100",
    "max_channel_size": "16777216"
}
