{
    "graph_diameter": 0,
    "avg_out_degree": 9.94126582278481,
    "max_out_degree": 1135,
    "num_nodes": 3950,
    "num_channels": 39268,
    "total_network_capacity": "105855233944",
    "avg_channel_size": 2695712.385250076,
    "min_channel_size": "1100",
    "max_channel_size": "16777216"
}
