{
    "graph_diameter": 0,
    "avg_out_degree": 9.880794701986755,
    "max_out_degree": 1148,
    "num_nodes": 3926,
    "num_channels": 38792,
    "total_network_capacity": "102265436096",
    "avg_channel_size": 2636250.672716024,
    "min_channel_size": "1100",
    "max_channel_size": "16777216"
}
