{
    "graph_diameter": 0,
    "avg_out_degree": 9.962211514075577,
    "max_out_degree": 1135,
    "num_nodes": 3943,
    "num_channels": 39281,
    "total_network_capacity": "105858163944",
    "avg_channel_size": 2694894.83322726,
    "min_channel_size": "1100",
    "max_channel_size": "16777216"
}
