{
    "graph_diameter": 0,
    "avg_out_degree": 9.949566989302088,
    "max_out_degree": 1146,
    "num_nodes": 3926,
    "num_channels": 39062,
    "total_network_capacity": "104471218181",
    "avg_channel_size": 2674497.419000563,
    "min_channel_size": "1100",
    "max_channel_size": "16777216"
}
