{
    "graph_diameter": 0,
    "avg_out_degree": 9.988304093567251,
    "max_out_degree": 1136,
    "num_nodes": 3933,
    "num_channels": 39284,
    "total_network_capacity": "105980733242",
    "avg_channel_size": 2697809.1141940737,
    "min_channel_size": "1100",
    "max_channel_size": "16777216"
}
