{
    "graph_diameter": 0,
    "avg_out_degree": 9.984219903283279,
    "max_out_degree": 1145,
    "num_nodes": 3929,
    "num_channels": 39228,
    "total_network_capacity": "105834031347",
    "avg_channel_size": 2697920.6522636893,
    "min_channel_size": "1100",
    "max_channel_size": "16777216"
}
