{
    "graph_diameter": 0,
    "avg_out_degree": 9.966963151207116,
    "max_out_degree": 1151,
    "num_nodes": 3935,
    "num_channels": 39220,
    "total_network_capacity": "105357691477",
    "avg_channel_size": 2686325.636843447,
    "min_channel_size": "1100",
    "max_channel_size": "16777216"
}
