{
    "graph_diameter": 0,
    "avg_out_degree": 9.185963237049416,
    "max_out_degree": 1146,
    "num_nodes": 4189,
    "num_channels": 38480,
    "total_network_capacity": "98797040405",
    "avg_channel_size": 2567490.6550155925,
    "min_channel_size": "1050",
    "max_channel_size": "16777216"
}
