{
    "graph_diameter": 0,
    "avg_out_degree": 9.950960566228513,
    "max_out_degree": 1134,
    "num_nodes": 3956,
    "num_channels": 39366,
    "total_network_capacity": "105941194091",
    "avg_channel_size": 2691185.1366915614,
    "min_channel_size": "1100",
    "max_channel_size": "16777216"
}
