{
    "graph_diameter": 0,
    "avg_out_degree": 9.930485338725985,
    "max_out_degree": 1135,
    "num_nodes": 3956,
    "num_channels": 39285,
    "total_network_capacity": "105855658944",
    "avg_channel_size": 2694556.674150439,
    "min_channel_size": "1100",
    "max_channel_size": "16777216"
}
