{
    "graph_diameter": 0,
    "avg_out_degree": 9.987795575896262,
    "max_out_degree": 1136,
    "num_nodes": 3933,
    "num_channels": 39282,
    "total_network_capacity": "105958751888",
    "avg_channel_size": 2697386.8919097804,
    "min_channel_size": "1100",
    "max_channel_size": "16777216"
}
