{
    "graph_diameter": 0,
    "avg_out_degree": 9.944963393082555,
    "max_out_degree": 1136,
    "num_nodes": 3961,
    "num_channels": 39392,
    "total_network_capacity": "105950539752",
    "avg_channel_size": 2689646.1147441105,
    "min_channel_size": "1100",
    "max_channel_size": "16777216"
}
