{
    "graph_diameter": 0,
    "avg_out_degree": 9.977840040753948,
    "max_out_degree": 1146,
    "num_nodes": 3926,
    "num_channels": 39173,
    "total_network_capacity": "105640145406",
    "avg_channel_size": 2696759.130166186,
    "min_channel_size": "1100",
    "max_channel_size": "16777216"
}
