{
    "graph_diameter": 0,
    "avg_out_degree": 9.832953682611997,
    "max_out_degree": 1148,
    "num_nodes": 3951,
    "num_channels": 38850,
    "total_network_capacity": "102478051611",
    "avg_channel_size": 2637787.6862548264,
    "min_channel_size": "1100",
    "max_channel_size": "16777216"
}
