{
    "graph_diameter": 0,
    "avg_out_degree": 9.804748673907552,
    "max_out_degree": 1148,
    "num_nodes": 3959,
    "num_channels": 38817,
    "total_network_capacity": "102447671005",
    "avg_channel_size": 2639247.520545122,
    "min_channel_size": "1100",
    "max_channel_size": "16777216"
}
