{
    "graph_diameter": 0,
    "avg_out_degree": 9.981956797966964,
    "max_out_degree": 1154,
    "num_nodes": 3935,
    "num_channels": 39279,
    "total_network_capacity": "105857705262",
    "avg_channel_size": 2695020.37378752,
    "min_channel_size": "1100",
    "max_channel_size": "16777216"
}
