{
    "graph_diameter": 0,
    "avg_out_degree": 9.973336719146776,
    "max_out_degree": 1145,
    "num_nodes": 3938,
    "num_channels": 39275,
    "total_network_capacity": "105860912125",
    "avg_channel_size": 2695376.5022278805,
    "min_channel_size": "1100",
    "max_channel_size": "16777216"
}
