{
    "graph_diameter": 0,
    "avg_out_degree": 9.972623574144487,
    "max_out_degree": 1134,
    "num_nodes": 3945,
    "num_channels": 39342,
    "total_network_capacity": "105925933497",
    "avg_channel_size": 2692438.9582888517,
    "min_channel_size": "1100",
    "max_channel_size": "16777216"
}
