{
    "graph_diameter": 0,
    "avg_out_degree": 9.971246819338422,
    "max_out_degree": 1146,
    "num_nodes": 3930,
    "num_channels": 39187,
    "total_network_capacity": "105709374214",
    "avg_channel_size": 2697562.309286243,
    "min_channel_size": "1100",
    "max_channel_size": "16777216"
}
