{
    "graph_diameter": 0,
    "avg_out_degree": 9.66488413547237,
    "max_out_degree": 1146,
    "num_nodes": 3927,
    "num_channels": 37954,
    "total_network_capacity": "99367735203",
    "avg_channel_size": 2618109.6907572323,
    "min_channel_size": "1100",
    "max_channel_size": "16777216"
}
