{
    "graph_diameter": 0,
    "avg_out_degree": 9.87875700458482,
    "max_out_degree": 1147,
    "num_nodes": 3926,
    "num_channels": 38784,
    "total_network_capacity": "102159956124",
    "avg_channel_size": 2634074.776299505,
    "min_channel_size": "1100",
    "max_channel_size": "16777216"
}
