{
    "graph_diameter": 0,
    "avg_out_degree": 7.93005540166205,
    "max_out_degree": 974,
    "num_nodes": 2888,
    "num_channels": 22902,
    "total_network_capacity": "63367219549",
    "avg_channel_size": 2766885.841804209,
    "min_channel_size": "1100",
    "max_channel_size": "16777216"
}
