{
    "graph_diameter": 0,
    "avg_out_degree": 7.907867494824017,
    "max_out_degree": 973,
    "num_nodes": 2898,
    "num_channels": 22917,
    "total_network_capacity": "63431968016",
    "avg_channel_size": 2767900.1621503686,
    "min_channel_size": "1100",
    "max_channel_size": "16777216"
}
