{
    "graph_diameter": 0,
    "avg_out_degree": 7.921189077082613,
    "max_out_degree": 973,
    "num_nodes": 2893,
    "num_channels": 22916,
    "total_network_capacity": "63430350316",
    "avg_channel_size": 2767950.35416303,
    "min_channel_size": "1100",
    "max_channel_size": "16777216"
}
