{
    "graph_diameter": 0,
    "avg_out_degree": 7.874785591766724,
    "max_out_degree": 973,
    "num_nodes": 2915,
    "num_channels": 22955,
    "total_network_capacity": "63538130586",
    "avg_channel_size": 2767942.9573513395,
    "min_channel_size": "1100",
    "max_channel_size": "16777216"
}
