{
    "graph_diameter": 0,
    "avg_out_degree": 7.926348547717843,
    "max_out_degree": 973,
    "num_nodes": 2892,
    "num_channels": 22923,
    "total_network_capacity": "63522085175",
    "avg_channel_size": 2771106.974436156,
    "min_channel_size": "1100",
    "max_channel_size": "16777216"
}
