{
    "graph_diameter": 0,
    "avg_out_degree": 7.926567370973329,
    "max_out_degree": 973,
    "num_nodes": 2887,
    "num_channels": 22884,
    "total_network_capacity": "63298024450",
    "avg_channel_size": 2766038.474479986,
    "min_channel_size": "1100",
    "max_channel_size": "16777216"
}
