{
    "graph_diameter": 0,
    "avg_out_degree": 7.844186839413569,
    "max_out_degree": 973,
    "num_nodes": 2933,
    "num_channels": 23007,
    "total_network_capacity": "63488624814",
    "avg_channel_size": 2759535.1333941845,
    "min_channel_size": "1100",
    "max_channel_size": "16777216"
}
