{
    "graph_diameter": 0,
    "avg_out_degree": 7.8478854024556615,
    "max_out_degree": 973,
    "num_nodes": 2932,
    "num_channels": 23010,
    "total_network_capacity": "63541064846",
    "avg_channel_size": 2761454.36097349,
    "min_channel_size": "1100",
    "max_channel_size": "16777216"
}
