{
    "graph_diameter": 0,
    "avg_out_degree": 7.924326192121631,
    "max_out_degree": 973,
    "num_nodes": 2894,
    "num_channels": 22933,
    "total_network_capacity": "63497273935",
    "avg_channel_size": 2768816.7241529673,
    "min_channel_size": "1100",
    "max_channel_size": "16777216"
}
