{
    "graph_diameter": 0,
    "avg_out_degree": 7.926002766251729,
    "max_out_degree": 974,
    "num_nodes": 2892,
    "num_channels": 22922,
    "total_network_capacity": "63424330638",
    "avg_channel_size": 2766963.2073117527,
    "min_channel_size": "1100",
    "max_channel_size": "16777216"
}
