{
    "graph_diameter": 0,
    "avg_out_degree": 7.927581427581427,
    "max_out_degree": 974,
    "num_nodes": 2886,
    "num_channels": 22879,
    "total_network_capacity": "63263332305",
    "avg_channel_size": 2765126.6359980768,
    "min_channel_size": "1100",
    "max_channel_size": "16777216"
}
