{
    "graph_diameter": 0,
    "avg_out_degree": 7.9246196403872755,
    "max_out_degree": 974,
    "num_nodes": 2892,
    "num_channels": 22918,
    "total_network_capacity": "63425277334",
    "avg_channel_size": 2767487.4480321147,
    "min_channel_size": "1100",
    "max_channel_size": "16777216"
}
