{
    "graph_diameter": 0,
    "avg_out_degree": 7.910437478470548,
    "max_out_degree": 972,
    "num_nodes": 2903,
    "num_channels": 22964,
    "total_network_capacity": "63502957621",
    "avg_channel_size": 2765326.4945566976,
    "min_channel_size": "1100",
    "max_channel_size": "16777216"
}
