{
    "graph_diameter": 0,
    "avg_out_degree": 7.736701237872198,
    "max_out_degree": 973,
    "num_nodes": 2989,
    "num_channels": 23125,
    "total_network_capacity": "63510565956",
    "avg_channel_size": 2746402.8521513515,
    "min_channel_size": "1100",
    "max_channel_size": "16777216"
}
