{
    "graph_diameter": 0,
    "avg_out_degree": 7.925311203319502,
    "max_out_degree": 974,
    "num_nodes": 2892,
    "num_channels": 22920,
    "total_network_capacity": "63425782444",
    "avg_channel_size": 2767267.994938918,
    "min_channel_size": "1100",
    "max_channel_size": "16777216"
}
