{
    "graph_diameter": 0,
    "avg_out_degree": 7.924645696508814,
    "max_out_degree": 973,
    "num_nodes": 2893,
    "num_channels": 22926,
    "total_network_capacity": "63475571500",
    "avg_channel_size": 2768715.4976882143,
    "min_channel_size": "1100",
    "max_channel_size": "16777216"
}
