{
    "graph_diameter": 0,
    "avg_out_degree": 7.923263048738334,
    "max_out_degree": 973,
    "num_nodes": 2893,
    "num_channels": 22922,
    "total_network_capacity": "63405711969",
    "avg_channel_size": 2766150.945336358,
    "min_channel_size": "1100",
    "max_channel_size": "16777216"
}
