{
    "graph_diameter": 0,
    "avg_out_degree": 7.923236514522822,
    "max_out_degree": 973,
    "num_nodes": 2892,
    "num_channels": 22914,
    "total_network_capacity": "63429610950",
    "avg_channel_size": 2768159.6818538886,
    "min_channel_size": "1100",
    "max_channel_size": "16777216"
}
