{
    "graph_diameter": 0,
    "avg_out_degree": 7.930665746809245,
    "max_out_degree": 973,
    "num_nodes": 2899,
    "num_channels": 22991,
    "total_network_capacity": "63557193341",
    "avg_channel_size": 2764437.9688138836,
    "min_channel_size": "1100",
    "max_channel_size": "16777216"
}
