{
    "graph_diameter": 0,
    "avg_out_degree": 7.920497753197373,
    "max_out_degree": 973,
    "num_nodes": 2893,
    "num_channels": 22914,
    "total_network_capacity": "63434039406",
    "avg_channel_size": 2768352.9460591776,
    "min_channel_size": "1100",
    "max_channel_size": "16777216"
}
