{
    "graph_diameter": 0,
    "avg_out_degree": 7.924508790072389,
    "max_out_degree": 973,
    "num_nodes": 2901,
    "num_channels": 22989,
    "total_network_capacity": "63557999191",
    "avg_channel_size": 2764713.5234677456,
    "min_channel_size": "1100",
    "max_channel_size": "16777216"
}
