{
    "graph_diameter": 0,
    "avg_out_degree": 7.928670360110804,
    "max_out_degree": 974,
    "num_nodes": 2888,
    "num_channels": 22898,
    "total_network_capacity": "63361376549",
    "avg_channel_size": 2767114.0077299327,
    "min_channel_size": "1100",
    "max_channel_size": "16777216"
}
