{
    "graph_diameter": 0,
    "avg_out_degree": 7.921853388658368,
    "max_out_degree": 973,
    "num_nodes": 2892,
    "num_channels": 22910,
    "total_network_capacity": "63443818165",
    "avg_channel_size": 2769263.1237450894,
    "min_channel_size": "1100",
    "max_channel_size": "16777216"
}
