{
    "graph_diameter": 0,
    "avg_out_degree": 7.922571724853094,
    "max_out_degree": 973,
    "num_nodes": 2893,
    "num_channels": 22920,
    "total_network_capacity": "63431302920",
    "avg_channel_size": 2767508.8534031413,
    "min_channel_size": "1100",
    "max_channel_size": "16777216"
}
