{
    "graph_diameter": 0,
    "avg_out_degree": 7.915371329879102,
    "max_out_degree": 972,
    "num_nodes": 2895,
    "num_channels": 22915,
    "total_network_capacity": "63419868513",
    "avg_channel_size": 2767613.725201833,
    "min_channel_size": "1100",
    "max_channel_size": "16777216"
}
