{
    "graph_diameter": 0,
    "avg_out_degree": 7.919488597097443,
    "max_out_degree": 973,
    "num_nodes": 2894,
    "num_channels": 22919,
    "total_network_capacity": "63485226960",
    "avg_channel_size": 2769982.4145905143,
    "min_channel_size": "1100",
    "max_channel_size": "16777216"
}
