{
    "graph_diameter": 0,
    "avg_out_degree": 7.923129955187866,
    "max_out_degree": 973,
    "num_nodes": 2901,
    "num_channels": 22985,
    "total_network_capacity": "63559755556",
    "avg_channel_size": 2765271.070524255,
    "min_channel_size": "1100",
    "max_channel_size": "16777216"
}
