{
    "graph_diameter": 0,
    "avg_out_degree": 7.589210269743257,
    "max_out_degree": 973,
    "num_nodes": 3077,
    "num_channels": 23352,
    "total_network_capacity": "63582776034",
    "avg_channel_size": 2722797.8774409043,
    "min_channel_size": "1100",
    "max_channel_size": "16777216"
}
