{
    "graph_diameter": 0,
    "avg_out_degree": 7.925682682336674,
    "max_out_degree": 973,
    "num_nodes": 2893,
    "num_channels": 22929,
    "total_network_capacity": "63525044175",
    "avg_channel_size": 2770510.8890488027,
    "min_channel_size": "1100",
    "max_channel_size": "16777216"
}
