{
    "graph_diameter": 0,
    "avg_out_degree": 7.929630907209383,
    "max_out_degree": 973,
    "num_nodes": 2899,
    "num_channels": 22988,
    "total_network_capacity": "63552093341",
    "avg_channel_size": 2764576.8810248827,
    "min_channel_size": "1100",
    "max_channel_size": "16777216"
}
