{
    "graph_diameter": 0,
    "avg_out_degree": 7.915604547020324,
    "max_out_degree": 973,
    "num_nodes": 2903,
    "num_channels": 22979,
    "total_network_capacity": "63533354252",
    "avg_channel_size": 2764844.173027547,
    "min_channel_size": "1100",
    "max_channel_size": "16777216"
}
