{
    "graph_diameter": 0,
    "avg_out_degree": 7.930079612322603,
    "max_out_degree": 974,
    "num_nodes": 2889,
    "num_channels": 22910,
    "total_network_capacity": "63424005182",
    "avg_channel_size": 2768398.305630729,
    "min_channel_size": "1100",
    "max_channel_size": "16777216"
}
