{
    "graph_diameter": 0,
    "avg_out_degree": 7.928719723183391,
    "max_out_degree": 973,
    "num_nodes": 2890,
    "num_channels": 22914,
    "total_network_capacity": "63515409174",
    "avg_channel_size": 2771904.040062844,
    "min_channel_size": "1100",
    "max_channel_size": "16777216"
}
