{
    "graph_diameter": 0,
    "avg_out_degree": 7.920332525112574,
    "max_out_degree": 974,
    "num_nodes": 2887,
    "num_channels": 22866,
    "total_network_capacity": "63153028305",
    "avg_channel_size": 2761874.761873524,
    "min_channel_size": "1100",
    "max_channel_size": "16777216"
}
