{
    "graph_diameter": 0,
    "avg_out_degree": 7.929411764705883,
    "max_out_degree": 973,
    "num_nodes": 2890,
    "num_channels": 22916,
    "total_network_capacity": "63520909174",
    "avg_channel_size": 2771902.128381917,
    "min_channel_size": "1100",
    "max_channel_size": "16777216"
}
