{
    "graph_diameter": 0,
    "avg_out_degree": 7.925656984785616,
    "max_out_degree": 974,
    "num_nodes": 2892,
    "num_channels": 22921,
    "total_network_capacity": "63423330638",
    "avg_channel_size": 2767040.296583919,
    "min_channel_size": "1100",
    "max_channel_size": "16777216"
}
