{
    "graph_diameter": 0,
    "avg_out_degree": 7.926195426195426,
    "max_out_degree": 973,
    "num_nodes": 2886,
    "num_channels": 22875,
    "total_network_capacity": "63261900450",
    "avg_channel_size": 2765547.5606557378,
    "min_channel_size": "1100",
    "max_channel_size": "16777216"
}
