{
    "graph_diameter": 0,
    "avg_out_degree": 7.923608710680954,
    "max_out_degree": 973,
    "num_nodes": 2893,
    "num_channels": 22923,
    "total_network_capacity": "63408711969",
    "avg_channel_size": 2766161.146839419,
    "min_channel_size": "1100",
    "max_channel_size": "16777216"
}
