{
    "graph_diameter": 0,
    "avg_out_degree": 7.843845891578589,
    "max_out_degree": 973,
    "num_nodes": 2933,
    "num_channels": 23006,
    "total_network_capacity": "63479624814",
    "avg_channel_size": 2759263.879596627,
    "min_channel_size": "1100",
    "max_channel_size": "16777216"
}
