{
    "graph_diameter": 0,
    "avg_out_degree": 7.749496981891348,
    "max_out_degree": 973,
    "num_nodes": 2982,
    "num_channels": 23109,
    "total_network_capacity": "63510179956",
    "avg_channel_size": 2748287.678220607,
    "min_channel_size": "1100",
    "max_channel_size": "16777216"
}
