{
    "graph_diameter": 0,
    "avg_out_degree": 7.9318339100346025,
    "max_out_degree": 973,
    "num_nodes": 2890,
    "num_channels": 22923,
    "total_network_capacity": "63548639174",
    "avg_channel_size": 2772265.3742529335,
    "min_channel_size": "1100",
    "max_channel_size": "16777216"
}
