{
    "graph_diameter": 0,
    "avg_out_degree": 7.927606511950121,
    "max_out_degree": 973,
    "num_nodes": 2887,
    "num_channels": 22887,
    "total_network_capacity": "63320064450",
    "avg_channel_size": 2766638.8976274743,
    "min_channel_size": "1100",
    "max_channel_size": "16777216"
}
