{
    "graph_diameter": 0,
    "avg_out_degree": 7.907209382545705,
    "max_out_degree": 972,
    "num_nodes": 2899,
    "num_channels": 22923,
    "total_network_capacity": "63417464049",
    "avg_channel_size": 2766542.9502682895,
    "min_channel_size": "1100",
    "max_channel_size": "16777216"
}
