{
    "graph_diameter": 0,
    "avg_out_degree": 7.9139896373057,
    "max_out_degree": 973,
    "num_nodes": 2895,
    "num_channels": 22911,
    "total_network_capacity": "63432089406",
    "avg_channel_size": 2768630.326306141,
    "min_channel_size": "1100",
    "max_channel_size": "16777216"
}
