{
    "graph_diameter": 0,
    "avg_out_degree": 7.9099068001380735,
    "max_out_degree": 973,
    "num_nodes": 2897,
    "num_channels": 22915,
    "total_network_capacity": "63431688016",
    "avg_channel_size": 2768129.522845298,
    "min_channel_size": "1100",
    "max_channel_size": "16777216"
}
