{
    "graph_diameter": 0,
    "avg_out_degree": 7.906864436012418,
    "max_out_degree": 972,
    "num_nodes": 2899,
    "num_channels": 22922,
    "total_network_capacity": "63417264049",
    "avg_channel_size": 2766654.918811622,
    "min_channel_size": "1100",
    "max_channel_size": "16777216"
}
