{
    "graph_diameter": 0,
    "avg_out_degree": 7.843163995908626,
    "max_out_degree": 973,
    "num_nodes": 2933,
    "num_channels": 23004,
    "total_network_capacity": "63479253795",
    "avg_channel_size": 2759487.645409494,
    "min_channel_size": "1100",
    "max_channel_size": "16777216"
}
