{
    "graph_diameter": 0,
    "avg_out_degree": 7.926888426888427,
    "max_out_degree": 973,
    "num_nodes": 2886,
    "num_channels": 22877,
    "total_network_capacity": "63273000450",
    "avg_channel_size": 2765790.9887660095,
    "min_channel_size": "1100",
    "max_channel_size": "16777216"
}
