{
    "graph_diameter": 0,
    "avg_out_degree": 7.931369150779896,
    "max_out_degree": 973,
    "num_nodes": 2885,
    "num_channels": 22882,
    "total_network_capacity": "63297224450",
    "avg_channel_size": 2766245.277947732,
    "min_channel_size": "1100",
    "max_channel_size": "16777216"
}
