{
    "graph_diameter": 0,
    "avg_out_degree": 7.818336162988116,
    "max_out_degree": 973,
    "num_nodes": 2945,
    "num_channels": 23025,
    "total_network_capacity": "63505706468",
    "avg_channel_size": 2758119.7163083605,
    "min_channel_size": "1100",
    "max_channel_size": "16777216"
}
