{
    "graph_diameter": 0,
    "avg_out_degree": 7.914503288335064,
    "max_out_degree": 974,
    "num_nodes": 2889,
    "num_channels": 22865,
    "total_network_capacity": "63135096305",
    "avg_channel_size": 2761211.29696042,
    "min_channel_size": "1100",
    "max_channel_size": "16777216"
}
