{
    "graph_diameter": 0,
    "avg_out_degree": 7.927706675890695,
    "max_out_degree": 974,
    "num_nodes": 2891,
    "num_channels": 22919,
    "total_network_capacity": "63423192800",
    "avg_channel_size": 2767275.745015053,
    "min_channel_size": "1100",
    "max_channel_size": "16777216"
}
