{
    "graph_diameter": 0,
    "avg_out_degree": 7.590185245368866,
    "max_out_degree": 973,
    "num_nodes": 3077,
    "num_channels": 23355,
    "total_network_capacity": "63602776034",
    "avg_channel_size": 2723304.4758724044,
    "min_channel_size": "1100",
    "max_channel_size": "16777216"
}
