{
    "graph_diameter": 0,
    "avg_out_degree": 7.910812672176308,
    "max_out_degree": 972,
    "num_nodes": 2904,
    "num_channels": 22973,
    "total_network_capacity": "63503914362",
    "avg_channel_size": 2764284.784834371,
    "min_channel_size": "1100",
    "max_channel_size": "16777216"
}
