{
    "graph_diameter": 0,
    "avg_out_degree": 7.92807745504841,
    "max_out_degree": 973,
    "num_nodes": 2892,
    "num_channels": 22928,
    "total_network_capacity": "63489921500",
    "avg_channel_size": 2769099.8560711793,
    "min_channel_size": "1100",
    "max_channel_size": "16777216"
}
