{
    "graph_diameter": 0,
    "avg_out_degree": 7.927234927234927,
    "max_out_degree": 973,
    "num_nodes": 2886,
    "num_channels": 22878,
    "total_network_capacity": "63271007305",
    "avg_channel_size": 2765582.975128945,
    "min_channel_size": "1100",
    "max_channel_size": "16777216"
}
