{
    "graph_diameter": 0,
    "avg_out_degree": 7.930103806228374,
    "max_out_degree": 974,
    "num_nodes": 2890,
    "num_channels": 22918,
    "total_network_capacity": "63432282821",
    "avg_channel_size": 2767793.1242254996,
    "min_channel_size": "1100",
    "max_channel_size": "16777216"
}
