{
    "graph_diameter": 0,
    "avg_out_degree": 7.923980649619903,
    "max_out_degree": 974,
    "num_nodes": 2894,
    "num_channels": 22932,
    "total_network_capacity": "63439313388",
    "avg_channel_size": 2766409.9680795395,
    "min_channel_size": "1100",
    "max_channel_size": "16777216"
}
