{
    "graph_diameter": 0,
    "avg_out_degree": 7.924111762676785,
    "max_out_degree": 973,
    "num_nodes": 2899,
    "num_channels": 22972,
    "total_network_capacity": "63541378454",
    "avg_channel_size": 2766035.9765801844,
    "min_channel_size": "1100",
    "max_channel_size": "16777216"
}
