{
    "graph_diameter": 0,
    "avg_out_degree": 7.920816044260028,
    "max_out_degree": 973,
    "num_nodes": 2892,
    "num_channels": 22907,
    "total_network_capacity": "63443327537",
    "avg_channel_size": 2769604.3801894616,
    "min_channel_size": "1100",
    "max_channel_size": "16777216"
}
