{
    "graph_diameter": 0,
    "avg_out_degree": 7.922199170124482,
    "max_out_degree": 973,
    "num_nodes": 2892,
    "num_channels": 22911,
    "total_network_capacity": "63427510950",
    "avg_channel_size": 2768430.4897210947,
    "min_channel_size": "1100",
    "max_channel_size": "16777216"
}
