{
    "graph_diameter": 0,
    "avg_out_degree": 7.92797783933518,
    "max_out_degree": 974,
    "num_nodes": 2888,
    "num_channels": 22896,
    "total_network_capacity": "63355551549",
    "avg_channel_size": 2767101.3080450734,
    "min_channel_size": "1100",
    "max_channel_size": "16777216"
}
