{
    "graph_diameter": 0,
    "avg_out_degree": 7.931022530329289,
    "max_out_degree": 973,
    "num_nodes": 2885,
    "num_channels": 22881,
    "total_network_capacity": "63294224450",
    "avg_channel_size": 2766235.0618417026,
    "min_channel_size": "1100",
    "max_channel_size": "16777216"
}
