{
    "graph_diameter": 0,
    "avg_out_degree": 7.9303208002759575,
    "max_out_degree": 973,
    "num_nodes": 2899,
    "num_channels": 22990,
    "total_network_capacity": "63557093341",
    "avg_channel_size": 2764553.8643323183,
    "min_channel_size": "1100",
    "max_channel_size": "16777216"
}
