{
    "graph_diameter": 0,
    "avg_out_degree": 7.923474663908997,
    "max_out_degree": 973,
    "num_nodes": 2901,
    "num_channels": 22986,
    "total_network_capacity": "63559845556",
    "avg_channel_size": 2765154.683546507,
    "min_channel_size": "1100",
    "max_channel_size": "16777216"
}
