{
    "graph_diameter": 0,
    "avg_out_degree": 7.920525224602626,
    "max_out_degree": 974,
    "num_nodes": 2894,
    "num_channels": 22922,
    "total_network_capacity": "63427252925",
    "avg_channel_size": 2767090.6956199287,
    "min_channel_size": "1100",
    "max_channel_size": "16777216"
}
