{
    "graph_diameter": 0,
    "avg_out_degree": 7.924991358451434,
    "max_out_degree": 973,
    "num_nodes": 2893,
    "num_channels": 22927,
    "total_network_capacity": "63436711970",
    "avg_channel_size": 2766899.811139704,
    "min_channel_size": "1100",
    "max_channel_size": "16777216"
}
