{
    "graph_diameter": 0,
    "avg_out_degree": 7.910781949707199,
    "max_out_degree": 972,
    "num_nodes": 2903,
    "num_channels": 22965,
    "total_network_capacity": "63503195562",
    "avg_channel_size": 2765216.4407576746,
    "min_channel_size": "1100",
    "max_channel_size": "16777216"
}
