{
    "graph_diameter": 0,
    "avg_out_degree": 7.925708362128542,
    "max_out_degree": 973,
    "num_nodes": 2894,
    "num_channels": 22937,
    "total_network_capacity": "63499893935",
    "avg_channel_size": 2768448.0941273924,
    "min_channel_size": "1100",
    "max_channel_size": "16777216"
}
