{
    "graph_diameter": 0,
    "avg_out_degree": 7.91118760757315,
    "max_out_degree": 972,
    "num_nodes": 2905,
    "num_channels": 22982,
    "total_network_capacity": "63535304252",
    "avg_channel_size": 2764568.1077364893,
    "min_channel_size": "1100",
    "max_channel_size": "16777216"
}
