{
    "graph_diameter": 0,
    "avg_out_degree": 7.914157147802007,
    "max_out_degree": 974,
    "num_nodes": 2889,
    "num_channels": 22864,
    "total_network_capacity": "63135028305",
    "avg_channel_size": 2761329.089616865,
    "min_channel_size": "1100",
    "max_channel_size": "16777216"
}
