{
    "graph_diameter": 0,
    "avg_out_degree": 7.912474155754652,
    "max_out_degree": 972,
    "num_nodes": 2902,
    "num_channels": 22962,
    "total_network_capacity": "63502578883",
    "avg_channel_size": 2765550.8615538715,
    "min_channel_size": "1100",
    "max_channel_size": "16777216"
}
