{
    "graph_diameter": 0,
    "avg_out_degree": 7.924300034566194,
    "max_out_degree": 973,
    "num_nodes": 2893,
    "num_channels": 22925,
    "total_network_capacity": "63409864219",
    "avg_channel_size": 2765970.0858887676,
    "min_channel_size": "1100",
    "max_channel_size": "16777216"
}
