{
    "graph_diameter": 0,
    "avg_out_degree": 7.931487889273356,
    "max_out_degree": 973,
    "num_nodes": 2890,
    "num_channels": 22922,
    "total_network_capacity": "63548539174",
    "avg_channel_size": 2772381.955065003,
    "min_channel_size": "1100",
    "max_channel_size": "16777216"
}
