{
    "graph_diameter": 0,
    "avg_out_degree": 7.912668277528478,
    "max_out_degree": 972,
    "num_nodes": 2897,
    "num_channels": 22923,
    "total_network_capacity": "63441455611",
    "avg_channel_size": 2767589.565545522,
    "min_channel_size": "1100",
    "max_channel_size": "16777216"
}
