{
    "graph_diameter": 0,
    "avg_out_degree": 7.6855533465871435,
    "max_out_degree": 973,
    "num_nodes": 3018,
    "num_channels": 23195,
    "total_network_capacity": "63516854062",
    "avg_channel_size": 2738385.6030178918,
    "min_channel_size": "1100",
    "max_channel_size": "16777216"
}
