{
    "graph_diameter": 0,
    "avg_out_degree": 7.927385892116183,
    "max_out_degree": 973,
    "num_nodes": 2892,
    "num_channels": 22926,
    "total_network_capacity": "63480921500",
    "avg_channel_size": 2768948.857192707,
    "min_channel_size": "1100",
    "max_channel_size": "16777216"
}
