{
    "graph_diameter": 0,
    "avg_out_degree": 7.910566298342541,
    "max_out_degree": 973,
    "num_nodes": 2896,
    "num_channels": 22909,
    "total_network_capacity": "63426326597",
    "avg_channel_size": 2768620.480902702,
    "min_channel_size": "1100",
    "max_channel_size": "16777216"
}
