{
    "graph_diameter": 0,
    "avg_out_degree": 7.918106427090532,
    "max_out_degree": 973,
    "num_nodes": 2894,
    "num_channels": 22915,
    "total_network_capacity": "63435039406",
    "avg_channel_size": 2768275.775954615,
    "min_channel_size": "1100",
    "max_channel_size": "16777216"
}
