{
    "graph_diameter": 0,
    "avg_out_degree": 7.88229238160604,
    "max_out_degree": 973,
    "num_nodes": 2914,
    "num_channels": 22969,
    "total_network_capacity": "63503623935",
    "avg_channel_size": 2764753.534546563,
    "min_channel_size": "1100",
    "max_channel_size": "16777216"
}
