{
    "graph_diameter": 0,
    "avg_out_degree": 8.564935064935066,
    "max_out_degree": 1017,
    "num_nodes": 3542,
    "num_channels": 30337,
    "total_network_capacity": "72944106956",
    "avg_channel_size": 2404460.1297425586,
    "min_channel_size": "1100",
    "max_channel_size": "16777216"
}
