{
    "graph_diameter": 0,
    "avg_out_degree": 8.566356720202874,
    "max_out_degree": 1017,
    "num_nodes": 3549,
    "num_channels": 30402,
    "total_network_capacity": "73081002294",
    "avg_channel_size": 2403822.1924215513,
    "min_channel_size": "1100",
    "max_channel_size": "16777216"
}
