{
    "graph_diameter": 0,
    "avg_out_degree": 8.61927642736009,
    "max_out_degree": 1024,
    "num_nodes": 3538,
    "num_channels": 30495,
    "total_network_capacity": "72932604437",
    "avg_channel_size": 2391625.00203312,
    "min_channel_size": "1100",
    "max_channel_size": "16777216"
}
