{
    "graph_diameter": 0,
    "avg_out_degree": 8.596159277040384,
    "max_out_degree": 1023,
    "num_nodes": 3541,
    "num_channels": 30439,
    "total_network_capacity": "72965878230",
    "avg_channel_size": 2397118.11261868,
    "min_channel_size": "1100",
    "max_channel_size": "16777216"
}
