{
    "graph_diameter": 0,
    "avg_out_degree": 8.568245910885505,
    "max_out_degree": 1017,
    "num_nodes": 3546,
    "num_channels": 30383,
    "total_network_capacity": "72955580069",
    "avg_channel_size": 2401197.3823848865,
    "min_channel_size": "1100",
    "max_channel_size": "16777216"
}
