{
    "graph_diameter": 0,
    "avg_out_degree": 8.563169768753525,
    "max_out_degree": 1017,
    "num_nodes": 3546,
    "num_channels": 30365,
    "total_network_capacity": "73006881366",
    "avg_channel_size": 2404310.270574675,
    "min_channel_size": "1100",
    "max_channel_size": "16777216"
}
