{
    "graph_diameter": 0,
    "avg_out_degree": 8.569174415328261,
    "max_out_degree": 1017,
    "num_nodes": 3549,
    "num_channels": 30412,
    "total_network_capacity": "73090553294",
    "avg_channel_size": 2403345.8271077205,
    "min_channel_size": "1100",
    "max_channel_size": "16777216"
}
