{
    "graph_diameter": 0,
    "avg_out_degree": 8.623057360836395,
    "max_out_degree": 1024,
    "num_nodes": 3539,
    "num_channels": 30517,
    "total_network_capacity": "72930649903",
    "avg_channel_size": 2389836.8090900155,
    "min_channel_size": "1100",
    "max_channel_size": "16777216"
}
