{
    "graph_diameter": 0,
    "avg_out_degree": 8.565303244005642,
    "max_out_degree": 1017,
    "num_nodes": 3545,
    "num_channels": 30364,
    "total_network_capacity": "72948856971",
    "avg_channel_size": 2402478.4933144515,
    "min_channel_size": "1100",
    "max_channel_size": "16777216"
}
