{
    "graph_diameter": 0,
    "avg_out_degree": 8.616210110138379,
    "max_out_degree": 1024,
    "num_nodes": 3541,
    "num_channels": 30510,
    "total_network_capacity": "72938648079",
    "avg_channel_size": 2390647.265781711,
    "min_channel_size": "1100",
    "max_channel_size": "16777216"
}
