{
    "graph_diameter": 0,
    "avg_out_degree": 8.56981664315938,
    "max_out_degree": 1017,
    "num_nodes": 3545,
    "num_channels": 30380,
    "total_network_capacity": "72961030631",
    "avg_channel_size": 2401613.911487821,
    "min_channel_size": "1100",
    "max_channel_size": "16777216"
}
