{
    "graph_diameter": 0,
    "avg_out_degree": 8.633587786259541,
    "max_out_degree": 1025,
    "num_nodes": 3537,
    "num_channels": 30537,
    "total_network_capacity": "72887456276",
    "avg_channel_size": 2386857.1331826965,
    "min_channel_size": "1100",
    "max_channel_size": "16777216"
}
