{
    "graph_diameter": 0,
    "avg_out_degree": 8.591358373340864,
    "max_out_degree": 1024,
    "num_nodes": 3541,
    "num_channels": 30422,
    "total_network_capacity": "72894858042",
    "avg_channel_size": 2396123.1359542436,
    "min_channel_size": "1100",
    "max_channel_size": "16777216"
}
