{
    "graph_diameter": 0,
    "avg_out_degree": 8.570098730606489,
    "max_out_degree": 1017,
    "num_nodes": 3545,
    "num_channels": 30381,
    "total_network_capacity": "72961330631",
    "avg_channel_size": 2401544.7362167146,
    "min_channel_size": "1100",
    "max_channel_size": "16777216"
}
