{
    "graph_diameter": 0,
    "avg_out_degree": 8.616275784119807,
    "max_out_degree": 1024,
    "num_nodes": 3539,
    "num_channels": 30493,
    "total_network_capacity": "72929295697",
    "avg_channel_size": 2391673.357721444,
    "min_channel_size": "1100",
    "max_channel_size": "16777216"
}
