{
    "graph_diameter": 0,
    "avg_out_degree": 8.592038396386222,
    "max_out_degree": 1019,
    "num_nodes": 3542,
    "num_channels": 30433,
    "total_network_capacity": "72984923496",
    "avg_channel_size": 2398216.524693589,
    "min_channel_size": "1100",
    "max_channel_size": "16777216"
}
