{
    "graph_diameter": 0,
    "avg_out_degree": 8.570662905500706,
    "max_out_degree": 1017,
    "num_nodes": 3545,
    "num_channels": 30383,
    "total_network_capacity": "72955906590",
    "avg_channel_size": 2401208.1292169965,
    "min_channel_size": "1100",
    "max_channel_size": "16777216"
}
