{
    "graph_diameter": 0,
    "avg_out_degree": 8.628183361629882,
    "max_out_degree": 1024,
    "num_nodes": 3534,
    "num_channels": 30492,
    "total_network_capacity": "72918104056",
    "avg_channel_size": 2391384.758494031,
    "min_channel_size": "1100",
    "max_channel_size": "16777216"
}
