{
    "graph_diameter": 0,
    "avg_out_degree": 8.62729584628426,
    "max_out_degree": 1025,
    "num_nodes": 3539,
    "num_channels": 30532,
    "total_network_capacity": "72885487592",
    "avg_channel_size": 2387183.531769946,
    "min_channel_size": "1100",
    "max_channel_size": "16777216"
}
