{
    "graph_diameter": 0,
    "avg_out_degree": 8.564739069111425,
    "max_out_degree": 1017,
    "num_nodes": 3545,
    "num_channels": 30362,
    "total_network_capacity": "72966025638",
    "avg_channel_size": 2403202.2145444965,
    "min_channel_size": "1100",
    "max_channel_size": "16777216"
}
