{
    "graph_diameter": 0,
    "avg_out_degree": 8.619666572478101,
    "max_out_degree": 1024,
    "num_nodes": 3539,
    "num_channels": 30505,
    "total_network_capacity": "72944127861",
    "avg_channel_size": 2391218.746467792,
    "min_channel_size": "1100",
    "max_channel_size": "16777216"
}
