{
    "graph_diameter": 0,
    "avg_out_degree": 8.589164785553047,
    "max_out_degree": 1023,
    "num_nodes": 3544,
    "num_channels": 30440,
    "total_network_capacity": "72966218230",
    "avg_channel_size": 2397050.5331800263,
    "min_channel_size": "1100",
    "max_channel_size": "16777216"
}
