{
    "graph_diameter": 0,
    "avg_out_degree": 8.564384333615102,
    "max_out_degree": 1017,
    "num_nodes": 3549,
    "num_channels": 30395,
    "total_network_capacity": "73030340537",
    "avg_channel_size": 2402709.015857871,
    "min_channel_size": "1100",
    "max_channel_size": "16777216"
}
