{
    "graph_diameter": 0,
    "avg_out_degree": 8.570583262890954,
    "max_out_degree": 1017,
    "num_nodes": 3549,
    "num_channels": 30417,
    "total_network_capacity": "73084097757",
    "avg_channel_size": 2402738.5263832724,
    "min_channel_size": "1100",
    "max_channel_size": "16777216"
}
