{
    "graph_diameter": 0,
    "avg_out_degree": 8.565021156558533,
    "max_out_degree": 1017,
    "num_nodes": 3545,
    "num_channels": 30363,
    "total_network_capacity": "72958315638",
    "avg_channel_size": 2402869.138029839,
    "min_channel_size": "1100",
    "max_channel_size": "16777216"
}
