{
    "graph_diameter": 0,
    "avg_out_degree": 8.550042289258528,
    "max_out_degree": 1016,
    "num_nodes": 3547,
    "num_channels": 30327,
    "total_network_capacity": "72930570089",
    "avg_channel_size": 2404806.610907772,
    "min_channel_size": "1100",
    "max_channel_size": "16777216"
}
