{
    "graph_diameter": 0,
    "avg_out_degree": 8.616666666666667,
    "max_out_degree": 1024,
    "num_nodes": 3540,
    "num_channels": 30503,
    "total_network_capacity": "72918621809",
    "avg_channel_size": 2390539.3505228995,
    "min_channel_size": "1100",
    "max_channel_size": "16777216"
}
