{
    "graph_diameter": 0,
    "avg_out_degree": 8.562887760857304,
    "max_out_degree": 1017,
    "num_nodes": 3546,
    "num_channels": 30364,
    "total_network_capacity": "73003781366",
    "avg_channel_size": 2404287.358911869,
    "min_channel_size": "1100",
    "max_channel_size": "16777216"
}
