{
    "graph_diameter": 0,
    "avg_out_degree": 8.58803611738149,
    "max_out_degree": 1023,
    "num_nodes": 3544,
    "num_channels": 30436,
    "total_network_capacity": "72955768230",
    "avg_channel_size": 2397022.2180969906,
    "min_channel_size": "1100",
    "max_channel_size": "16777216"
}
