{
    "graph_diameter": 0,
    "avg_out_degree": 8.615927704038407,
    "max_out_degree": 1023,
    "num_nodes": 3541,
    "num_channels": 30509,
    "total_network_capacity": "72938538079",
    "avg_channel_size": 2390722.019043561,
    "min_channel_size": "1100",
    "max_channel_size": "16777216"
}
