{
    "graph_diameter": 0,
    "avg_out_degree": 8.627439886845828,
    "max_out_degree": 1024,
    "num_nodes": 3535,
    "num_channels": 30498,
    "total_network_capacity": "72915351107",
    "avg_channel_size": 2390824.024755722,
    "min_channel_size": "1100",
    "max_channel_size": "16777216"
}
