{
    "graph_diameter": 0,
    "avg_out_degree": 8.569577464788733,
    "max_out_degree": 1017,
    "num_nodes": 3550,
    "num_channels": 30422,
    "total_network_capacity": "73085630134",
    "avg_channel_size": 2402393.9955952927,
    "min_channel_size": "1100",
    "max_channel_size": "16777216"
}
