{
    "graph_diameter": 0,
    "avg_out_degree": 8.555774647887324,
    "max_out_degree": 1016,
    "num_nodes": 3550,
    "num_channels": 30373,
    "total_network_capacity": "72925794314",
    "avg_channel_size": 2401007.286537385,
    "min_channel_size": "1100",
    "max_channel_size": "16777216"
}
