{
    "graph_diameter": 0,
    "avg_out_degree": 8.568566591422123,
    "max_out_degree": 1017,
    "num_nodes": 3544,
    "num_channels": 30367,
    "total_network_capacity": "73006332421",
    "avg_channel_size": 2404133.8433496887,
    "min_channel_size": "1100",
    "max_channel_size": "16777216"
}
