{
    "graph_diameter": 0,
    "avg_out_degree": 8.622102882984738,
    "max_out_degree": 1024,
    "num_nodes": 3538,
    "num_channels": 30505,
    "total_network_capacity": "72951652611",
    "avg_channel_size": 2391465.4191444027,
    "min_channel_size": "1100",
    "max_channel_size": "16777216"
}
