{
    "graph_diameter": 0,
    "avg_out_degree": 8.61723163841808,
    "max_out_degree": 1024,
    "num_nodes": 3540,
    "num_channels": 30505,
    "total_network_capacity": "72918807455",
    "avg_channel_size": 2390388.705294214,
    "min_channel_size": "1100",
    "max_channel_size": "16777216"
}
