{
    "graph_diameter": 0,
    "avg_out_degree": 8.593450028232636,
    "max_out_degree": 1021,
    "num_nodes": 3542,
    "num_channels": 30438,
    "total_network_capacity": "72977833954",
    "avg_channel_size": 2397589.656153492,
    "min_channel_size": "1100",
    "max_channel_size": "16777216"
}
