{
    "graph_diameter": 0,
    "avg_out_degree": 8.636029411764707,
    "max_out_degree": 1025,
    "num_nodes": 3536,
    "num_channels": 30537,
    "total_network_capacity": "72932054935",
    "avg_channel_size": 2388317.61256836,
    "min_channel_size": "1100",
    "max_channel_size": "16777216"
}
