{
    "graph_diameter": 0,
    "avg_out_degree": 8.625600452105115,
    "max_out_degree": 1025,
    "num_nodes": 3539,
    "num_channels": 30526,
    "total_network_capacity": "72879922921",
    "avg_channel_size": 2387470.4488305054,
    "min_channel_size": "1100",
    "max_channel_size": "16777216"
}
