{
    "graph_diameter": 0,
    "avg_out_degree": 8.564493367202935,
    "max_out_degree": 1017,
    "num_nodes": 3543,
    "num_channels": 30344,
    "total_network_capacity": "72951394668",
    "avg_channel_size": 2404145.6191668864,
    "min_channel_size": "1100",
    "max_channel_size": "16777216"
}
