{
    "graph_diameter": 0,
    "avg_out_degree": 8.560033821871476,
    "max_out_degree": 1017,
    "num_nodes": 3548,
    "num_channels": 30371,
    "total_network_capacity": "73013923283",
    "avg_channel_size": 2404067.145731125,
    "min_channel_size": "1100",
    "max_channel_size": "16777216"
}
