{
    "graph_diameter": 0,
    "avg_out_degree": 8.593450028232636,
    "max_out_degree": 1019,
    "num_nodes": 3542,
    "num_channels": 30438,
    "total_network_capacity": "72996774387",
    "avg_channel_size": 2398211.9188842895,
    "min_channel_size": "1100",
    "max_channel_size": "16777216"
}
