{
    "graph_diameter": 0,
    "avg_out_degree": 8.567727400732188,
    "max_out_degree": 1017,
    "num_nodes": 3551,
    "num_channels": 30424,
    "total_network_capacity": "73085694964",
    "avg_channel_size": 2402238.198921904,
    "min_channel_size": "1100",
    "max_channel_size": "16777216"
}
