{
    "graph_diameter": 0,
    "avg_out_degree": 8.617514124293786,
    "max_out_degree": 1024,
    "num_nodes": 3540,
    "num_channels": 30506,
    "total_network_capacity": "72944177861",
    "avg_channel_size": 2391142.000295024,
    "min_channel_size": "1100",
    "max_channel_size": "16777216"
}
