{
    "graph_diameter": 0,
    "avg_out_degree": 8.628393665158372,
    "max_out_degree": 1024,
    "num_nodes": 3536,
    "num_channels": 30510,
    "total_network_capacity": "72959646498",
    "avg_channel_size": 2391335.5128810224,
    "min_channel_size": "1100",
    "max_channel_size": "16777216"
}
