{
    "graph_diameter": 0,
    "avg_out_degree": 8.565782044042914,
    "max_out_degree": 1017,
    "num_nodes": 3542,
    "num_channels": 30340,
    "total_network_capacity": "72936065741",
    "avg_channel_size": 2403957.3414963745,
    "min_channel_size": "1100",
    "max_channel_size": "16777216"
}
