{
    "graph_diameter": 0,
    "avg_out_degree": 8.56586741889986,
    "max_out_degree": 1017,
    "num_nodes": 3545,
    "num_channels": 30366,
    "total_network_capacity": "72957986971",
    "avg_channel_size": 2402620.9237634195,
    "min_channel_size": "1100",
    "max_channel_size": "16777216"
}
