{
    "graph_diameter": 0,
    "avg_out_degree": 8.550888074429094,
    "max_out_degree": 1016,
    "num_nodes": 3547,
    "num_channels": 30330,
    "total_network_capacity": "72932834033",
    "avg_channel_size": 2404643.3904714803,
    "min_channel_size": "1100",
    "max_channel_size": "16777216"
}
