{
    "graph_diameter": 0,
    "avg_out_degree": 8.568765885343124,
    "max_out_degree": 1017,
    "num_nodes": 3541,
    "num_channels": 30342,
    "total_network_capacity": "72957226058",
    "avg_channel_size": 2404496.277700877,
    "min_channel_size": "1100",
    "max_channel_size": "16777216"
}
