{
    "graph_diameter": 0,
    "avg_out_degree": 8.626730714891211,
    "max_out_degree": 1025,
    "num_nodes": 3539,
    "num_channels": 30530,
    "total_network_capacity": "72883948343",
    "avg_channel_size": 2387289.496986571,
    "min_channel_size": "1100",
    "max_channel_size": "16777216"
}
