{
    "graph_diameter": 0,
    "avg_out_degree": 8.550295857988166,
    "max_out_degree": 1016,
    "num_nodes": 3549,
    "num_channels": 30345,
    "total_network_capacity": "72895944143",
    "avg_channel_size": 2402239.0556269567,
    "min_channel_size": "1100",
    "max_channel_size": "16777216"
}
