{
    "graph_diameter": 0,
    "avg_out_degree": 8.616949152542373,
    "max_out_degree": 1024,
    "num_nodes": 3540,
    "num_channels": 30504,
    "total_network_capacity": "72937159791",
    "avg_channel_size": 2391068.705448466,
    "min_channel_size": "1100",
    "max_channel_size": "16777216"
}
