{
    "graph_diameter": 0,
    "avg_out_degree": 8.571993224167137,
    "max_out_degree": 1017,
    "num_nodes": 3542,
    "num_channels": 30362,
    "total_network_capacity": "72990170581",
    "avg_channel_size": 2403997.4501350373,
    "min_channel_size": "1100",
    "max_channel_size": "16777216"
}
