{
    "graph_diameter": 0,
    "avg_out_degree": 8.566112207499295,
    "max_out_degree": 1017,
    "num_nodes": 3547,
    "num_channels": 30384,
    "total_network_capacity": "72957410785",
    "avg_channel_size": 2401178.6066679833,
    "min_channel_size": "1100",
    "max_channel_size": "16777216"
}
