{
    "graph_diameter": 0,
    "avg_out_degree": 8.636595022624434,
    "max_out_degree": 1025,
    "num_nodes": 3536,
    "num_channels": 30539,
    "total_network_capacity": "72938154936",
    "avg_channel_size": 2388360.946199941,
    "min_channel_size": "1100",
    "max_channel_size": "16777216"
}
