{
    "graph_diameter": 0,
    "avg_out_degree": 8.586275063541372,
    "max_out_degree": 1024,
    "num_nodes": 3541,
    "num_channels": 30404,
    "total_network_capacity": "72913818042",
    "avg_channel_size": 2398165.308577819,
    "min_channel_size": "1100",
    "max_channel_size": "16777216"
}
