{
    "graph_diameter": 0,
    "avg_out_degree": 8.619101441085052,
    "max_out_degree": 1024,
    "num_nodes": 3539,
    "num_channels": 30503,
    "total_network_capacity": "72943801521",
    "avg_channel_size": 2391364.833655706,
    "min_channel_size": "1100",
    "max_channel_size": "16777216"
}
