{
    "graph_diameter": 0,
    "avg_out_degree": 8.5877539503386,
    "max_out_degree": 1023,
    "num_nodes": 3544,
    "num_channels": 30435,
    "total_network_capacity": "72939268230",
    "avg_channel_size": 2396558.8378511583,
    "min_channel_size": "1100",
    "max_channel_size": "16777216"
}
