{
    "graph_diameter": 0,
    "avg_out_degree": 8.55661971830986,
    "max_out_degree": 1016,
    "num_nodes": 3550,
    "num_channels": 30376,
    "total_network_capacity": "72928794314",
    "avg_channel_size": 2400868.9200026337,
    "min_channel_size": "1100",
    "max_channel_size": "16777216"
}
