{
    "graph_diameter": 0,
    "avg_out_degree": 8.561161217587372,
    "max_out_degree": 1017,
    "num_nodes": 3548,
    "num_channels": 30375,
    "total_network_capacity": "73016393283",
    "avg_channel_size": 2403831.87762963,
    "min_channel_size": "1100",
    "max_channel_size": "16777216"
}
