{
    "graph_diameter": 0,
    "avg_out_degree": 8.591191417278374,
    "max_out_degree": 1018,
    "num_nodes": 3542,
    "num_channels": 30430,
    "total_network_capacity": "72996403210",
    "avg_channel_size": 2398830.2073611566,
    "min_channel_size": "1100",
    "max_channel_size": "16777216"
}
