{
    "graph_diameter": 0,
    "avg_out_degree": 8.56941309255079,
    "max_out_degree": 1017,
    "num_nodes": 3544,
    "num_channels": 30370,
    "total_network_capacity": "72954475596",
    "avg_channel_size": 2402188.857293382,
    "min_channel_size": "1100",
    "max_channel_size": "16777216"
}
