{
    "graph_diameter": 0,
    "avg_out_degree": 8.627013280587736,
    "max_out_degree": 1025,
    "num_nodes": 3539,
    "num_channels": 30531,
    "total_network_capacity": "72885037592",
    "avg_channel_size": 2387246.981494219,
    "min_channel_size": "1100",
    "max_channel_size": "16777216"
}
