{
    "graph_diameter": 0,
    "avg_out_degree": 8.568002257336342,
    "max_out_degree": 1017,
    "num_nodes": 3544,
    "num_channels": 30365,
    "total_network_capacity": "73006280421",
    "avg_channel_size": 2404290.4798616827,
    "min_channel_size": "1100",
    "max_channel_size": "16777216"
}
