{
    "graph_diameter": 0,
    "avg_out_degree": 8.568284424379232,
    "max_out_degree": 1017,
    "num_nodes": 3544,
    "num_channels": 30366,
    "total_network_capacity": "73006430421",
    "avg_channel_size": 2404216.242541,
    "min_channel_size": "1100",
    "max_channel_size": "16777216"
}
