{
    "graph_diameter": 0,
    "avg_out_degree": 8.570019723865878,
    "max_out_degree": 1017,
    "num_nodes": 3549,
    "num_channels": 30415,
    "total_network_capacity": "73092179190",
    "avg_channel_size": 2403162.2288344568,
    "min_channel_size": "1100",
    "max_channel_size": "16777216"
}
