{
    "graph_diameter": 0,
    "avg_out_degree": 8.5859926574414,
    "max_out_degree": 1023,
    "num_nodes": 3541,
    "num_channels": 30403,
    "total_network_capacity": "72907138042",
    "avg_channel_size": 2398024.4726507254,
    "min_channel_size": "1100",
    "max_channel_size": "16777216"
}
