{
    "graph_diameter": 0,
    "avg_out_degree": 8.592603049124788,
    "max_out_degree": 1019,
    "num_nodes": 3542,
    "num_channels": 30435,
    "total_network_capacity": "72985037844",
    "avg_channel_size": 2398062.685855101,
    "min_channel_size": "1100",
    "max_channel_size": "16777216"
}
