{
    "graph_diameter": 0,
    "avg_out_degree": 8.547361925331687,
    "max_out_degree": 998,
    "num_nodes": 3241,
    "num_channels": 27702,
    "total_network_capacity": "69852411649",
    "avg_channel_size": 2521565.6504584504,
    "min_channel_size": "1100",
    "max_channel_size": "16777216"
}
