{
    "graph_diameter": 0,
    "avg_out_degree": 8.595757762065785,
    "max_out_degree": 998,
    "num_nodes": 3253,
    "num_channels": 27962,
    "total_network_capacity": "70138614306",
    "avg_channel_size": 2508354.7066018167,
    "min_channel_size": "1100",
    "max_channel_size": "16777216"
}
