{
    "graph_diameter": 0,
    "avg_out_degree": 8.554183389935165,
    "max_out_degree": 998,
    "num_nodes": 3239,
    "num_channels": 27707,
    "total_network_capacity": "69854169701",
    "avg_channel_size": 2521174.0607427726,
    "min_channel_size": "1100",
    "max_channel_size": "16777216"
}
