{
    "graph_diameter": 0,
    "avg_out_degree": 8.555761507568736,
    "max_out_degree": 996,
    "num_nodes": 3237,
    "num_channels": 27695,
    "total_network_capacity": "69835985410",
    "avg_channel_size": 2521609.872179094,
    "min_channel_size": "1100",
    "max_channel_size": "16777216"
}
