{
    "graph_diameter": 0,
    "avg_out_degree": 8.5537750385208,
    "max_out_degree": 1002,
    "num_nodes": 3245,
    "num_channels": 27757,
    "total_network_capacity": "69902248594",
    "avg_channel_size": 2518364.6861692546,
    "min_channel_size": "1100",
    "max_channel_size": "16777216"
}
