{
    "graph_diameter": 0,
    "avg_out_degree": 8.556786703601109,
    "max_out_degree": 999,
    "num_nodes": 3249,
    "num_channels": 27801,
    "total_network_capacity": "69851612533",
    "avg_channel_size": 2512557.5530736307,
    "min_channel_size": "1100",
    "max_channel_size": "16777216"
}
