{
    "graph_diameter": 0,
    "avg_out_degree": 8.55177743431221,
    "max_out_degree": 996,
    "num_nodes": 3235,
    "num_channels": 27665,
    "total_network_capacity": "69720600898",
    "avg_channel_size": 2520173.5368877645,
    "min_channel_size": "1100",
    "max_channel_size": "16777216"
}
