{
    "graph_diameter": 0,
    "avg_out_degree": 8.545202098117866,
    "max_out_degree": 999,
    "num_nodes": 3241,
    "num_channels": 27695,
    "total_network_capacity": "69953435826",
    "avg_channel_size": 2525850.7248961907,
    "min_channel_size": "1100",
    "max_channel_size": "16777216"
}
