{
    "graph_diameter": 0,
    "avg_out_degree": 8.561538461538461,
    "max_out_degree": 999,
    "num_nodes": 3250,
    "num_channels": 27825,
    "total_network_capacity": "69873603202",
    "avg_channel_size": 2511180.7080682837,
    "min_channel_size": "1100",
    "max_channel_size": "16777216"
}
