{
    "graph_diameter": 0,
    "avg_out_degree": 8.554834723509423,
    "max_out_degree": 996,
    "num_nodes": 3237,
    "num_channels": 27692,
    "total_network_capacity": "69829185410",
    "avg_channel_size": 2521637.491333237,
    "min_channel_size": "1100",
    "max_channel_size": "16777216"
}
