{
    "graph_diameter": 0,
    "avg_out_degree": 8.549630086313194,
    "max_out_degree": 1001,
    "num_nodes": 3244,
    "num_channels": 27735,
    "total_network_capacity": "69917769561",
    "avg_channel_size": 2520921.9239588967,
    "min_channel_size": "1100",
    "max_channel_size": "16777216"
}
