{
    "graph_diameter": 0,
    "avg_out_degree": 8.552843016069222,
    "max_out_degree": 996,
    "num_nodes": 3236,
    "num_channels": 27677,
    "total_network_capacity": "69818284410",
    "avg_channel_size": 2522610.268815262,
    "min_channel_size": "1100",
    "max_channel_size": "16777216"
}
