{
    "graph_diameter": 0,
    "avg_out_degree": 8.545819191607528,
    "max_out_degree": 999,
    "num_nodes": 3241,
    "num_channels": 27697,
    "total_network_capacity": "69962434875",
    "avg_channel_size": 2525993.243853125,
    "min_channel_size": "1100",
    "max_channel_size": "16777216"
}
