{
    "graph_diameter": 0,
    "avg_out_degree": 8.553290083410566,
    "max_out_degree": 996,
    "num_nodes": 3237,
    "num_channels": 27687,
    "total_network_capacity": "69826644090",
    "avg_channel_size": 2522001.086791635,
    "min_channel_size": "1100",
    "max_channel_size": "16777216"
}
