{
    "graph_diameter": 0,
    "avg_out_degree": 8.553020961775585,
    "max_out_degree": 1001,
    "num_nodes": 3244,
    "num_channels": 27746,
    "total_network_capacity": "69936713251",
    "avg_channel_size": 2520605.249441361,
    "min_channel_size": "1100",
    "max_channel_size": "16777216"
}
