{
    "graph_diameter": 0,
    "avg_out_degree": 8.548287565566183,
    "max_out_degree": 998,
    "num_nodes": 3241,
    "num_channels": 27705,
    "total_network_capacity": "69853011649",
    "avg_channel_size": 2521314.2627323586,
    "min_channel_size": "1100",
    "max_channel_size": "16777216"
}
