{
    "graph_diameter": 0,
    "avg_out_degree": 8.558325638658049,
    "max_out_degree": 1000,
    "num_nodes": 3249,
    "num_channels": 27806,
    "total_network_capacity": "69861355957",
    "avg_channel_size": 2512456.1589944614,
    "min_channel_size": "1100",
    "max_channel_size": "16777216"
}
