{
    "graph_diameter": 0,
    "avg_out_degree": 8.545510644862697,
    "max_out_degree": 999,
    "num_nodes": 3241,
    "num_channels": 27696,
    "total_network_capacity": "69954434875",
    "avg_channel_size": 2525795.597739746,
    "min_channel_size": "1100",
    "max_channel_size": "16777216"
}
