{
    "graph_diameter": 0,
    "avg_out_degree": 8.551127587272166,
    "max_out_degree": 996,
    "num_nodes": 3237,
    "num_channels": 27680,
    "total_network_capacity": "69830504540",
    "avg_channel_size": 2522778.3432080923,
    "min_channel_size": "1100",
    "max_channel_size": "16777216"
}
