{
    "graph_diameter": 0,
    "avg_out_degree": 8.552363299351251,
    "max_out_degree": 996,
    "num_nodes": 3237,
    "num_channels": 27684,
    "total_network_capacity": "69833703540",
    "avg_channel_size": 2522529.3866493283,
    "min_channel_size": "1100",
    "max_channel_size": "16777216"
}
