{
    "graph_diameter": 0,
    "avg_out_degree": 8.559348093480935,
    "max_out_degree": 999,
    "num_nodes": 3252,
    "num_channels": 27835,
    "total_network_capacity": "69883010773",
    "avg_channel_size": 2510616.5178013295,
    "min_channel_size": "1100",
    "max_channel_size": "16777216"
}
