{
    "graph_diameter": 0,
    "avg_out_degree": 8.559457794208257,
    "max_out_degree": 1002,
    "num_nodes": 3246,
    "num_channels": 27784,
    "total_network_capacity": "69868684358",
    "avg_channel_size": 2514709.341995393,
    "min_channel_size": "1100",
    "max_channel_size": "16777216"
}
