{
    "graph_diameter": 0,
    "avg_out_degree": 8.566902491541065,
    "max_out_degree": 999,
    "num_nodes": 3251,
    "num_channels": 27851,
    "total_network_capacity": "69924939013",
    "avg_channel_size": 2510679.6529029477,
    "min_channel_size": "1100",
    "max_channel_size": "16777216"
}
