{
    "graph_diameter": 0,
    "avg_out_degree": 8.550323176361957,
    "max_out_degree": 1001,
    "num_nodes": 3249,
    "num_channels": 27780,
    "total_network_capacity": "69858849240",
    "avg_channel_size": 2514717.39524838,
    "min_channel_size": "1100",
    "max_channel_size": "16777216"
}
