{
    "graph_diameter": 0,
    "avg_out_degree": 8.558533579790511,
    "max_out_degree": 1002,
    "num_nodes": 3246,
    "num_channels": 27781,
    "total_network_capacity": "69865284358",
    "avg_channel_size": 2514858.513300457,
    "min_channel_size": "1100",
    "max_channel_size": "16777216"
}
