{
    "graph_diameter": 0,
    "avg_out_degree": 8.557366964011074,
    "max_out_degree": 999,
    "num_nodes": 3251,
    "num_channels": 27820,
    "total_network_capacity": "69864666810",
    "avg_channel_size": 2511310.8127246583,
    "min_channel_size": "1100",
    "max_channel_size": "16777216"
}
