{
    "graph_diameter": 0,
    "avg_out_degree": 8.551341350601295,
    "max_out_degree": 1001,
    "num_nodes": 3243,
    "num_channels": 27732,
    "total_network_capacity": "69948990260",
    "avg_channel_size": 2522320.4334342997,
    "min_channel_size": "1100",
    "max_channel_size": "16777216"
}
