{
    "graph_diameter": 0,
    "avg_out_degree": 8.547361925331687,
    "max_out_degree": 999,
    "num_nodes": 3241,
    "num_channels": 27702,
    "total_network_capacity": "69967554025",
    "avg_channel_size": 2525722.1148292543,
    "min_channel_size": "1100",
    "max_channel_size": "16777216"
}
