{
    "graph_diameter": 0,
    "avg_out_degree": 8.549707602339181,
    "max_out_degree": 1001,
    "num_nodes": 3249,
    "num_channels": 27778,
    "total_network_capacity": "69855803733",
    "avg_channel_size": 2514788.8160774712,
    "min_channel_size": "1100",
    "max_channel_size": "16777216"
}
