{
    "graph_diameter": 0,
    "avg_out_degree": 8.551436515291938,
    "max_out_degree": 996,
    "num_nodes": 3237,
    "num_channels": 27681,
    "total_network_capacity": "69831504540",
    "avg_channel_size": 2522723.3315270403,
    "min_channel_size": "1100",
    "max_channel_size": "16777216"
}
