{
    "graph_diameter": 0,
    "avg_out_degree": 8.557164869029275,
    "max_out_degree": 1001,
    "num_nodes": 3245,
    "num_channels": 27768,
    "total_network_capacity": "69838690266",
    "avg_channel_size": 2515078.157087295,
    "min_channel_size": "1100",
    "max_channel_size": "16777216"
}
