{
    "graph_diameter": 0,
    "avg_out_degree": 8.555384615384616,
    "max_out_degree": 1001,
    "num_nodes": 3250,
    "num_channels": 27805,
    "total_network_capacity": "69860381043",
    "avg_channel_size": 2512511.4563208055,
    "min_channel_size": "1100",
    "max_channel_size": "16777216"
}
