{
    "graph_diameter": 0,
    "avg_out_degree": 8.55517879161529,
    "max_out_degree": 1002,
    "num_nodes": 3244,
    "num_channels": 27753,
    "total_network_capacity": "69902705146",
    "avg_channel_size": 2518744.1049976577,
    "min_channel_size": "1100",
    "max_channel_size": "16777216"
}
