{
    "graph_diameter": 0,
    "avg_out_degree": 8.554492127199753,
    "max_out_degree": 998,
    "num_nodes": 3239,
    "num_channels": 27708,
    "total_network_capacity": "69855169701",
    "avg_channel_size": 2521119.160567345,
    "min_channel_size": "1100",
    "max_channel_size": "16777216"
}
