{
    "graph_diameter": 0,
    "avg_out_degree": 8.555452865064694,
    "max_out_degree": 1001,
    "num_nodes": 3246,
    "num_channels": 27771,
    "total_network_capacity": "69858377487",
    "avg_channel_size": 2515515.375283569,
    "min_channel_size": "1100",
    "max_channel_size": "16777216"
}
