{
    "graph_diameter": 0,
    "avg_out_degree": 8.559149722735675,
    "max_out_degree": 1002,
    "num_nodes": 3246,
    "num_channels": 27783,
    "total_network_capacity": "69864293654",
    "avg_channel_size": 2514641.81888205,
    "min_channel_size": "1100",
    "max_channel_size": "16777216"
}
