{
    "graph_diameter": 0,
    "avg_out_degree": 8.552234206471494,
    "max_out_degree": 1001,
    "num_nodes": 3245,
    "num_channels": 27752,
    "total_network_capacity": "69824756127",
    "avg_channel_size": 2516026.0927861053,
    "min_channel_size": "1100",
    "max_channel_size": "16777216"
}
