{
    "graph_diameter": 0,
    "avg_out_degree": 8.555315870570109,
    "max_out_degree": 1002,
    "num_nodes": 3245,
    "num_channels": 27762,
    "total_network_capacity": "69948916461",
    "avg_channel_size": 2519592.120920683,
    "min_channel_size": "1100",
    "max_channel_size": "16777216"
}
