{
    "graph_diameter": 0,
    "avg_out_degree": 8.588144963144963,
    "max_out_degree": 999,
    "num_nodes": 3256,
    "num_channels": 27963,
    "total_network_capacity": "70128668919",
    "avg_channel_size": 2507909.3415942495,
    "min_channel_size": "1100",
    "max_channel_size": "16777216"
}
