{
    "graph_diameter": 0,
    "avg_out_degree": 8.551543209876543,
    "max_out_degree": 998,
    "num_nodes": 3240,
    "num_channels": 27707,
    "total_network_capacity": "69849112102",
    "avg_channel_size": 2520991.522070235,
    "min_channel_size": "1100",
    "max_channel_size": "16777216"
}
