{
    "graph_diameter": 0,
    "avg_out_degree": 8.557508479802651,
    "max_out_degree": 1002,
    "num_nodes": 3243,
    "num_channels": 27752,
    "total_network_capacity": "69902505146",
    "avg_channel_size": 2518827.6573219947,
    "min_channel_size": "1100",
    "max_channel_size": "16777216"
}
