{
    "graph_diameter": 0,
    "avg_out_degree": 8.554153846153847,
    "max_out_degree": 1001,
    "num_nodes": 3250,
    "num_channels": 27801,
    "total_network_capacity": "69860688332",
    "avg_channel_size": 2512884.0089205424,
    "min_channel_size": "1100",
    "max_channel_size": "16777216"
}
