{
    "graph_diameter": 0,
    "avg_out_degree": 8.554525795489651,
    "max_out_degree": 996,
    "num_nodes": 3237,
    "num_channels": 27691,
    "total_network_capacity": "69829294090",
    "avg_channel_size": 2521732.4795059767,
    "min_channel_size": "1100",
    "max_channel_size": "16777216"
}
