{
    "graph_diameter": 0,
    "avg_out_degree": 8.549938347718866,
    "max_out_degree": 1001,
    "num_nodes": 3244,
    "num_channels": 27736,
    "total_network_capacity": "69922926507",
    "avg_channel_size": 2521016.9637655034,
    "min_channel_size": "1100",
    "max_channel_size": "16777216"
}
