{
    "graph_diameter": 0,
    "avg_out_degree": 8.554461538461538,
    "max_out_degree": 1001,
    "num_nodes": 3250,
    "num_channels": 27802,
    "total_network_capacity": "69860880474",
    "avg_channel_size": 2512800.5349974823,
    "min_channel_size": "1100",
    "max_channel_size": "16777216"
}
