{
    "graph_diameter": 0,
    "avg_out_degree": 8.54953846153846,
    "max_out_degree": 1001,
    "num_nodes": 3250,
    "num_channels": 27786,
    "total_network_capacity": "69848541889",
    "avg_channel_size": 2513803.4221910313,
    "min_channel_size": "1100",
    "max_channel_size": "16777216"
}
