{
    "graph_diameter": 0,
    "avg_out_degree": 8.54783950617284,
    "max_out_degree": 997,
    "num_nodes": 3240,
    "num_channels": 27695,
    "total_network_capacity": "69844251130",
    "avg_channel_size": 2521908.3274959377,
    "min_channel_size": "1100",
    "max_channel_size": "16777216"
}
