{
    "graph_diameter": 0,
    "avg_out_degree": 8.555760936537277,
    "max_out_degree": 1002,
    "num_nodes": 3246,
    "num_channels": 27772,
    "total_network_capacity": "69839090266",
    "avg_channel_size": 2514730.313481204,
    "min_channel_size": "1100",
    "max_channel_size": "16777216"
}
