{
    "graph_diameter": 0,
    "avg_out_degree": 8.548615384615385,
    "max_out_degree": 1001,
    "num_nodes": 3250,
    "num_channels": 27783,
    "total_network_capacity": "69869122334",
    "avg_channel_size": 2514815.6186876865,
    "min_channel_size": "1100",
    "max_channel_size": "16777216"
}
