{
    "graph_diameter": 0,
    "avg_out_degree": 8.553329223181258,
    "max_out_degree": 1001,
    "num_nodes": 3244,
    "num_channels": 27747,
    "total_network_capacity": "69937713251",
    "avg_channel_size": 2520550.4469311996,
    "min_channel_size": "1100",
    "max_channel_size": "16777216"
}
