{
    "graph_diameter": 0,
    "avg_out_degree": 8.547303543913713,
    "max_out_degree": 1001,
    "num_nodes": 3245,
    "num_channels": 27736,
    "total_network_capacity": "69922482688",
    "avg_channel_size": 2521000.9622151717,
    "min_channel_size": "1100",
    "max_channel_size": "16777216"
}
