{
    "graph_diameter": 0,
    "avg_out_degree": 8.55808936825886,
    "max_out_degree": 1002,
    "num_nodes": 3245,
    "num_channels": 27771,
    "total_network_capacity": "69838990266",
    "avg_channel_size": 2514817.264988657,
    "min_channel_size": "1100",
    "max_channel_size": "16777216"
}
