{
    "graph_diameter": 0,
    "avg_out_degree": 8.559666975023127,
    "max_out_degree": 1002,
    "num_nodes": 3243,
    "num_channels": 27759,
    "total_network_capacity": "69933369828",
    "avg_channel_size": 2519304.3635577653,
    "min_channel_size": "1100",
    "max_channel_size": "16777216"
}
