{
    "graph_diameter": 0,
    "avg_out_degree": 8.558633425669436,
    "max_out_degree": 1000,
    "num_nodes": 3249,
    "num_channels": 27807,
    "total_network_capacity": "69861601472",
    "avg_channel_size": 2512374.63487611,
    "min_channel_size": "1100",
    "max_channel_size": "16777216"
}
