{
    "graph_diameter": 0,
    "avg_out_degree": 8.549938347718866,
    "max_out_degree": 1002,
    "num_nodes": 3244,
    "num_channels": 27736,
    "total_network_capacity": "69919266069",
    "avg_channel_size": 2520884.9895082205,
    "min_channel_size": "1100",
    "max_channel_size": "16777216"
}
