{
    "graph_diameter": 0,
    "avg_out_degree": 8.558841651263092,
    "max_out_degree": 1002,
    "num_nodes": 3246,
    "num_channels": 27782,
    "total_network_capacity": "69863993654",
    "avg_channel_size": 2514721.5338708516,
    "min_channel_size": "1100",
    "max_channel_size": "16777216"
}
