{
    "graph_diameter": 0,
    "avg_out_degree": 8.549399815327794,
    "max_out_degree": 999,
    "num_nodes": 3249,
    "num_channels": 27777,
    "total_network_capacity": "69856616796",
    "avg_channel_size": 2514908.6220974186,
    "min_channel_size": "1100",
    "max_channel_size": "16777216"
}
