{
    "graph_diameter": 0,
    "avg_out_degree": 8.552436767427514,
    "max_out_degree": 1001,
    "num_nodes": 3242,
    "num_channels": 27727,
    "total_network_capacity": "69956930356",
    "avg_channel_size": 2523061.6495113065,
    "min_channel_size": "1100",
    "max_channel_size": "16777216"
}
