{
    "graph_diameter": 0,
    "avg_out_degree": 8.55001538935057,
    "max_out_degree": 1001,
    "num_nodes": 3249,
    "num_channels": 27779,
    "total_network_capacity": "69856903733",
    "avg_channel_size": 2514737.8859210196,
    "min_channel_size": "1100",
    "max_channel_size": "16777216"
}
