{
    "graph_diameter": 0,
    "avg_out_degree": 8.553152039555005,
    "max_out_degree": 996,
    "num_nodes": 3236,
    "num_channels": 27678,
    "total_network_capacity": "69820284410",
    "avg_channel_size": 2522591.3870221837,
    "min_channel_size": "1100",
    "max_channel_size": "16777216"
}
