{
    "graph_diameter": 0,
    "avg_out_degree": 8.547611710323574,
    "max_out_degree": 1001,
    "num_nodes": 3245,
    "num_channels": 27737,
    "total_network_capacity": "69936644284",
    "avg_channel_size": 2521420.6397231137,
    "min_channel_size": "1100",
    "max_channel_size": "16777216"
}
