{
    "graph_diameter": 0,
    "avg_out_degree": 8.555452579548964,
    "max_out_degree": 996,
    "num_nodes": 3237,
    "num_channels": 27694,
    "total_network_capacity": "69830185410",
    "avg_channel_size": 2521491.493103199,
    "min_channel_size": "1100",
    "max_channel_size": "16777216"
}
