{
    "graph_diameter": 0,
    "avg_out_degree": 8.549382716049383,
    "max_out_degree": 997,
    "num_nodes": 3240,
    "num_channels": 27700,
    "total_network_capacity": "69845502520",
    "avg_channel_size": 2521498.2859205776,
    "min_channel_size": "1100",
    "max_channel_size": "16777216"
}
