{
    "graph_diameter": 0,
    "avg_out_degree": 8.553599011430336,
    "max_out_degree": 996,
    "num_nodes": 3237,
    "num_channels": 27688,
    "total_network_capacity": "69826944090",
    "avg_channel_size": 2521920.835379948,
    "min_channel_size": "1100",
    "max_channel_size": "16777216"
}
