{
    "graph_diameter": 0,
    "avg_out_degree": 8.56751768686558,
    "max_out_degree": 999,
    "num_nodes": 3251,
    "num_channels": 27853,
    "total_network_capacity": "69927229466",
    "avg_channel_size": 2510581.6057875273,
    "min_channel_size": "1100",
    "max_channel_size": "16777216"
}
