{
    "graph_diameter": 0,
    "avg_out_degree": 8.589066339066338,
    "max_out_degree": 999,
    "num_nodes": 3256,
    "num_channels": 27966,
    "total_network_capacity": "70136668919",
    "avg_channel_size": 2507926.371987413,
    "min_channel_size": "1100",
    "max_channel_size": "16777216"
}
