{
    "graph_diameter": 0,
    "avg_out_degree": 8.548307692307691,
    "max_out_degree": 1001,
    "num_nodes": 3250,
    "num_channels": 27782,
    "total_network_capacity": "69868396942",
    "avg_channel_size": 2514880.0281477217,
    "min_channel_size": "1100",
    "max_channel_size": "16777216"
}
