{
    "graph_diameter": 0,
    "avg_out_degree": 8.560923076923077,
    "max_out_degree": 999,
    "num_nodes": 3250,
    "num_channels": 27823,
    "total_network_capacity": "69871360596",
    "avg_channel_size": 2511280.6166121555,
    "min_channel_size": "1100",
    "max_channel_size": "16777216"
}
