{
    "graph_diameter": 0,
    "avg_out_degree": 8.548765432098765,
    "max_out_degree": 997,
    "num_nodes": 3240,
    "num_channels": 27698,
    "total_network_capacity": "69848010294",
    "avg_channel_size": 2521770.8965990325,
    "min_channel_size": "1100",
    "max_channel_size": "16777216"
}
