{
    "graph_diameter": 0,
    "avg_out_degree": 8.55076923076923,
    "max_out_degree": 1001,
    "num_nodes": 3250,
    "num_channels": 27790,
    "total_network_capacity": "69857489161",
    "avg_channel_size": 2513763.553832314,
    "min_channel_size": "1100",
    "max_channel_size": "16777216"
}
