{
    "graph_diameter": 0,
    "avg_out_degree": 8.548923076923076,
    "max_out_degree": 1001,
    "num_nodes": 3250,
    "num_channels": 27784,
    "total_network_capacity": "69871072334",
    "avg_channel_size": 2514795.289879067,
    "min_channel_size": "1100",
    "max_channel_size": "16777216"
}
