{
    "graph_diameter": 0,
    "avg_out_degree": 8.553703703703704,
    "max_out_degree": 999,
    "num_nodes": 3240,
    "num_channels": 27714,
    "total_network_capacity": "69950112102",
    "avg_channel_size": 2523999.1376921413,
    "min_channel_size": "1100",
    "max_channel_size": "16777216"
}
