{
    "graph_diameter": 0,
    "avg_out_degree": 8.553632148377126,
    "max_out_degree": 996,
    "num_nodes": 3235,
    "num_channels": 27671,
    "total_network_capacity": "69764455328",
    "avg_channel_size": 2521211.930468722,
    "min_channel_size": "1100",
    "max_channel_size": "16777216"
}
