{
    "graph_diameter": 0,
    "avg_out_degree": 8.5963725791577,
    "max_out_degree": 998,
    "num_nodes": 3253,
    "num_channels": 27964,
    "total_network_capacity": "70146147503",
    "avg_channel_size": 2508444.6968602487,
    "min_channel_size": "1100",
    "max_channel_size": "16777216"
}
