{
    "graph_diameter": 0,
    "avg_out_degree": 8.59157959434542,
    "max_out_degree": 999,
    "num_nodes": 3254,
    "num_channels": 27957,
    "total_network_capacity": "70108305121",
    "avg_channel_size": 2507719.1802053154,
    "min_channel_size": "1100",
    "max_channel_size": "16777216"
}
