{
    "graph_diameter": 0,
    "avg_out_degree": 8.550153846153846,
    "max_out_degree": 1001,
    "num_nodes": 3250,
    "num_channels": 27788,
    "total_network_capacity": "69857289161",
    "avg_channel_size": 2513937.2808766374,
    "min_channel_size": "1100",
    "max_channel_size": "16777216"
}
