{
    "graph_diameter": 0,
    "avg_out_degree": 8.552981155390794,
    "max_out_degree": 996,
    "num_nodes": 3237,
    "num_channels": 27686,
    "total_network_capacity": "69824659000",
    "avg_channel_size": 2522020.4796648123,
    "min_channel_size": "1100",
    "max_channel_size": "16777216"
}
