{
    "graph_diameter": 0,
    "avg_out_degree": 8.546518792359828,
    "max_out_degree": 1001,
    "num_nodes": 3246,
    "num_channels": 27742,
    "total_network_capacity": "69944334284",
    "avg_channel_size": 2521243.395717684,
    "min_channel_size": "1100",
    "max_channel_size": "16777216"
}
