{
    "graph_diameter": 0,
    "avg_out_degree": 8.546436285097192,
    "max_out_degree": 997,
    "num_nodes": 3241,
    "num_channels": 27699,
    "total_network_capacity": "69849062483",
    "avg_channel_size": 2521717.8411856024,
    "min_channel_size": "1100",
    "max_channel_size": "16777216"
}
