{
    "graph_diameter": 0,
    "avg_out_degree": 8.59047619047619,
    "max_out_degree": 999,
    "num_nodes": 3255,
    "num_channels": 27962,
    "total_network_capacity": "70118502975",
    "avg_channel_size": 2507635.468671769,
    "min_channel_size": "1100",
    "max_channel_size": "16777216"
}
