{
    "graph_diameter": 0,
    "avg_out_degree": 8.553395061728395,
    "max_out_degree": 998,
    "num_nodes": 3240,
    "num_channels": 27713,
    "total_network_capacity": "69933612102",
    "avg_channel_size": 2523494.8256053114,
    "min_channel_size": "1100",
    "max_channel_size": "16777216"
}
