{
    "graph_diameter": 0,
    "avg_out_degree": 8.55212831585441,
    "max_out_degree": 1000,
    "num_nodes": 3242,
    "num_channels": 27726,
    "total_network_capacity": "69955929856",
    "avg_channel_size": 2523116.5640914664,
    "min_channel_size": "1100",
    "max_channel_size": "16777216"
}
