{
    "graph_diameter": 0,
    "avg_out_degree": 8.565364503229775,
    "max_out_degree": 999,
    "num_nodes": 3251,
    "num_channels": 27846,
    "total_network_capacity": "69922894174",
    "avg_channel_size": 2511057.034188034,
    "min_channel_size": "1100",
    "max_channel_size": "16777216"
}
