{
    "graph_diameter": 0,
    "avg_out_degree": 8.98546511627907,
    "max_out_degree": 1100,
    "num_nodes": 3784,
    "num_channels": 34001,
    "total_network_capacity": "77248704041",
    "avg_channel_size": 2271953.88491515,
    "min_channel_size": "1100",
    "max_channel_size": "16777216"
}
