{
    "graph_diameter": 0,
    "avg_out_degree": 9.005014515703351,
    "max_out_degree": 1103,
    "num_nodes": 3789,
    "num_channels": 34120,
    "total_network_capacity": "77310347004",
    "avg_channel_size": 2265836.664830012,
    "min_channel_size": "1100",
    "max_channel_size": "16777216"
}
