{
    "graph_diameter": 0,
    "avg_out_degree": 9.001055408970977,
    "max_out_degree": 1103,
    "num_nodes": 3790,
    "num_channels": 34114,
    "total_network_capacity": "77306674725",
    "avg_channel_size": 2266127.534883039,
    "min_channel_size": "1100",
    "max_channel_size": "16777216"
}
