{
    "graph_diameter": 0,
    "avg_out_degree": 9.00131787032156,
    "max_out_degree": 1104,
    "num_nodes": 3794,
    "num_channels": 34151,
    "total_network_capacity": "77306847806",
    "avg_channel_size": 2263677.4268981875,
    "min_channel_size": "1100",
    "max_channel_size": "16777216"
}
