{
    "graph_diameter": 0,
    "avg_out_degree": 9.002374670184697,
    "max_out_degree": 1103,
    "num_nodes": 3790,
    "num_channels": 34119,
    "total_network_capacity": "77311394725",
    "avg_channel_size": 2265933.782496556,
    "min_channel_size": "1100",
    "max_channel_size": "16777216"
}
