{
    "graph_diameter": 0,
    "avg_out_degree": 9.003970354685018,
    "max_out_degree": 1100,
    "num_nodes": 3778,
    "num_channels": 34017,
    "total_network_capacity": "77268940443",
    "avg_channel_size": 2271480.1553047006,
    "min_channel_size": "1100",
    "max_channel_size": "16777216"
}
