{
    "graph_diameter": 0,
    "avg_out_degree": 8.980977542932628,
    "max_out_degree": 1099,
    "num_nodes": 3785,
    "num_channels": 33993,
    "total_network_capacity": "77224659043",
    "avg_channel_size": 2271781.2209278382,
    "min_channel_size": "1100",
    "max_channel_size": "16777216"
}
