{
    "graph_diameter": 0,
    "avg_out_degree": 8.996045346691274,
    "max_out_degree": 1104,
    "num_nodes": 3793,
    "num_channels": 34122,
    "total_network_capacity": "77275563173",
    "avg_channel_size": 2264684.4608463747,
    "min_channel_size": "1100",
    "max_channel_size": "16777216"
}
