{
    "graph_diameter": 0,
    "avg_out_degree": 9.002638522427441,
    "max_out_degree": 1103,
    "num_nodes": 3790,
    "num_channels": 34120,
    "total_network_capacity": "77312894725",
    "avg_channel_size": 2265911.3342614304,
    "min_channel_size": "1100",
    "max_channel_size": "16777216"
}
