{
    "graph_diameter": 0,
    "avg_out_degree": 8.985204755614268,
    "max_out_degree": 1100,
    "num_nodes": 3785,
    "num_channels": 34009,
    "total_network_capacity": "77232204081",
    "avg_channel_size": 2270934.284483519,
    "min_channel_size": "1100",
    "max_channel_size": "16777216"
}
