{
    "graph_diameter": 0,
    "avg_out_degree": 8.990983823919384,
    "max_out_degree": 1101,
    "num_nodes": 3771,
    "num_channels": 33905,
    "total_network_capacity": "77115919208",
    "avg_channel_size": 2274470.408730276,
    "min_channel_size": "1100",
    "max_channel_size": "16777216"
}
