{
    "graph_diameter": 0,
    "avg_out_degree": 8.988066825775656,
    "max_out_degree": 1101,
    "num_nodes": 3771,
    "num_channels": 33894,
    "total_network_capacity": "77093825205",
    "avg_channel_size": 2274556.7122499556,
    "min_channel_size": "1100",
    "max_channel_size": "16777216"
}
