{
    "graph_diameter": 0,
    "avg_out_degree": 8.996830427892235,
    "max_out_degree": 1101,
    "num_nodes": 3786,
    "num_channels": 34062,
    "total_network_capacity": "77232775636",
    "avg_channel_size": 2267417.52204803,
    "min_channel_size": "1100",
    "max_channel_size": "16777216"
}
