{
    "graph_diameter": 0,
    "avg_out_degree": 8.985200845665961,
    "max_out_degree": 1100,
    "num_nodes": 3784,
    "num_channels": 34000,
    "total_network_capacity": "77235635124",
    "avg_channel_size": 2271636.327176471,
    "min_channel_size": "1100",
    "max_channel_size": "16777216"
}
