{
    "graph_diameter": 0,
    "avg_out_degree": 9.000263574064313,
    "max_out_degree": 1104,
    "num_nodes": 3794,
    "num_channels": 34147,
    "total_network_capacity": "77300747806",
    "avg_channel_size": 2263763.9560137056,
    "min_channel_size": "1100",
    "max_channel_size": "16777216"
}
