{
    "graph_diameter": 0,
    "avg_out_degree": 8.981505944517833,
    "max_out_degree": 1099,
    "num_nodes": 3785,
    "num_channels": 33995,
    "total_network_capacity": "77226679043",
    "avg_channel_size": 2271706.98758641,
    "min_channel_size": "1100",
    "max_channel_size": "16777216"
}
