{
    "graph_diameter": 0,
    "avg_out_degree": 8.994717379820392,
    "max_out_degree": 1101,
    "num_nodes": 3786,
    "num_channels": 34054,
    "total_network_capacity": "77240495183",
    "avg_channel_size": 2268176.871527574,
    "min_channel_size": "1100",
    "max_channel_size": "16777216"
}
