{
    "graph_diameter": 0,
    "avg_out_degree": 8.99947047921631,
    "max_out_degree": 1100,
    "num_nodes": 3777,
    "num_channels": 33991,
    "total_network_capacity": "77231901267",
    "avg_channel_size": 2272127.9534876877,
    "min_channel_size": "1100",
    "max_channel_size": "16777216"
}
