{
    "graph_diameter": 0,
    "avg_out_degree": 8.993377483443709,
    "max_out_degree": 1100,
    "num_nodes": 3775,
    "num_channels": 33950,
    "total_network_capacity": "77162522072",
    "avg_channel_size": 2272828.3379086894,
    "min_channel_size": "1100",
    "max_channel_size": "16777216"
}
