{
    "graph_diameter": 0,
    "avg_out_degree": 8.988900634249472,
    "max_out_degree": 1100,
    "num_nodes": 3784,
    "num_channels": 34014,
    "total_network_capacity": "77235185511",
    "avg_channel_size": 2270688.114041277,
    "min_channel_size": "1100",
    "max_channel_size": "16777216"
}
