{
    "graph_diameter": 0,
    "avg_out_degree": 8.995512143611405,
    "max_out_degree": 1102,
    "num_nodes": 3788,
    "num_channels": 34075,
    "total_network_capacity": "77260227140",
    "avg_channel_size": 2267358.0965517242,
    "min_channel_size": "1100",
    "max_channel_size": "16777216"
}
