{
    "graph_diameter": 0,
    "avg_out_degree": 9.001320306311063,
    "max_out_degree": 1102,
    "num_nodes": 3787,
    "num_channels": 34088,
    "total_network_capacity": "77280471074",
    "avg_channel_size": 2267087.27628491,
    "min_channel_size": "1100",
    "max_channel_size": "16777216"
}
