{
    "graph_diameter": 0,
    "avg_out_degree": 8.986254295532646,
    "max_out_degree": 1100,
    "num_nodes": 3783,
    "num_channels": 33995,
    "total_network_capacity": "77223615829",
    "avg_channel_size": 2271616.8798058536,
    "min_channel_size": "1100",
    "max_channel_size": "16777216"
}
