{
    "graph_diameter": 0,
    "avg_out_degree": 8.984672304439746,
    "max_out_degree": 1100,
    "num_nodes": 3784,
    "num_channels": 33998,
    "total_network_capacity": "77234970628",
    "avg_channel_size": 2271750.415553856,
    "min_channel_size": "1100",
    "max_channel_size": "16777216"
}
