{
    "graph_diameter": 0,
    "avg_out_degree": 8.999736147757256,
    "max_out_degree": 1103,
    "num_nodes": 3790,
    "num_channels": 34109,
    "total_network_capacity": "77303474725",
    "avg_channel_size": 2266365.90709197,
    "min_channel_size": "1100",
    "max_channel_size": "16777216"
}
