{
    "graph_diameter": 0,
    "avg_out_degree": 9.002910822969039,
    "max_out_degree": 1100,
    "num_nodes": 3779,
    "num_channels": 34022,
    "total_network_capacity": "77292540443",
    "avg_channel_size": 2271839.9989124686,
    "min_channel_size": "1100",
    "max_channel_size": "16777216"
}
