{
    "graph_diameter": 0,
    "avg_out_degree": 8.99124203821656,
    "max_out_degree": 1099,
    "num_nodes": 3768,
    "num_channels": 33879,
    "total_network_capacity": "77086630384",
    "avg_channel_size": 2275351.4089554,
    "min_channel_size": "1100",
    "max_channel_size": "16777216"
}
