{
    "graph_diameter": 0,
    "avg_out_degree": 8.984143763213531,
    "max_out_degree": 1101,
    "num_nodes": 3784,
    "num_channels": 33996,
    "total_network_capacity": "77213100212",
    "avg_channel_size": 2271240.740440052,
    "min_channel_size": "1100",
    "max_channel_size": "16777216"
}
