{
    "graph_diameter": 0,
    "avg_out_degree": 8.986490066225166,
    "max_out_degree": 1099,
    "num_nodes": 3775,
    "num_channels": 33924,
    "total_network_capacity": "77144541894",
    "avg_channel_size": 2274040.263353378,
    "min_channel_size": "1100",
    "max_channel_size": "16777216"
}
