{
    "graph_diameter": 0,
    "avg_out_degree": 8.982015339857181,
    "max_out_degree": 1100,
    "num_nodes": 3781,
    "num_channels": 33961,
    "total_network_capacity": "77183623695",
    "avg_channel_size": 2272713.515355849,
    "min_channel_size": "1100",
    "max_channel_size": "16777216"
}
