{
    "graph_diameter": 0,
    "avg_out_degree": 9.000791974656812,
    "max_out_degree": 1102,
    "num_nodes": 3788,
    "num_channels": 34095,
    "total_network_capacity": "77291497074",
    "avg_channel_size": 2266945.2140783104,
    "min_channel_size": "1100",
    "max_channel_size": "16777216"
}
