{
    "graph_diameter": 0,
    "avg_out_degree": 8.990981432360742,
    "max_out_degree": 1098,
    "num_nodes": 3770,
    "num_channels": 33896,
    "total_network_capacity": "77103813619",
    "avg_channel_size": 2274717.182528912,
    "min_channel_size": "1100",
    "max_channel_size": "16777216"
}
