{
    "graph_diameter": 0,
    "avg_out_degree": 8.999736078120876,
    "max_out_degree": 1102,
    "num_nodes": 3789,
    "num_channels": 34100,
    "total_network_capacity": "77295949278",
    "avg_channel_size": 2266743.38058651,
    "min_channel_size": "1100",
    "max_channel_size": "16777216"
}
