{
    "graph_diameter": 0,
    "avg_out_degree": 8.996302165874274,
    "max_out_degree": 1101,
    "num_nodes": 3786,
    "num_channels": 34060,
    "total_network_capacity": "77225713694",
    "avg_channel_size": 2267343.3263065177,
    "min_channel_size": "1100",
    "max_channel_size": "16777216"
}
