{
    "graph_diameter": 0,
    "avg_out_degree": 8.99154334038055,
    "max_out_degree": 1101,
    "num_nodes": 3784,
    "num_channels": 34024,
    "total_network_capacity": "77241523511",
    "avg_channel_size": 2270207.015959323,
    "min_channel_size": "1100",
    "max_channel_size": "16777216"
}
