{
    "graph_diameter": 0,
    "avg_out_degree": 9.001588141874008,
    "max_out_degree": 1100,
    "num_nodes": 3778,
    "num_channels": 34008,
    "total_network_capacity": "77260454467",
    "avg_channel_size": 2271831.7592037166,
    "min_channel_size": "1100",
    "max_channel_size": "16777216"
}
