{
    "graph_diameter": 0,
    "avg_out_degree": 8.984399788471707,
    "max_out_degree": 1100,
    "num_nodes": 3782,
    "num_channels": 33979,
    "total_network_capacity": "77187178529",
    "avg_channel_size": 2271614.189028518,
    "min_channel_size": "1100",
    "max_channel_size": "16777216"
}
