{
    "graph_diameter": 0,
    "avg_out_degree": 8.993640699523052,
    "max_out_degree": 1099,
    "num_nodes": 3774,
    "num_channels": 33942,
    "total_network_capacity": "77153423744",
    "avg_channel_size": 2273095.979730128,
    "min_channel_size": "1100",
    "max_channel_size": "16777216"
}
