{
    "graph_diameter": 0,
    "avg_out_degree": 8.998151082937136,
    "max_out_degree": 1101,
    "num_nodes": 3786,
    "num_channels": 34067,
    "total_network_capacity": "77231873710",
    "avg_channel_size": 2267058.259018992,
    "min_channel_size": "1100",
    "max_channel_size": "16777216"
}
