{
    "graph_diameter": 0,
    "avg_out_degree": 8.998414795244386,
    "max_out_degree": 1101,
    "num_nodes": 3785,
    "num_channels": 34059,
    "total_network_capacity": "77239748445",
    "avg_channel_size": 2267821.969083062,
    "min_channel_size": "1100",
    "max_channel_size": "16777216"
}
