{
    "graph_diameter": 0,
    "avg_out_degree": 8.98995506212001,
    "max_out_degree": 1100,
    "num_nodes": 3783,
    "num_channels": 34009,
    "total_network_capacity": "77233668313",
    "avg_channel_size": 2270977.3387338645,
    "min_channel_size": "1100",
    "max_channel_size": "16777216"
}
