{
    "graph_diameter": 0,
    "avg_out_degree": 8.99655811490601,
    "max_out_degree": 1100,
    "num_nodes": 3777,
    "num_channels": 33980,
    "total_network_capacity": "77211716342",
    "avg_channel_size": 2272269.462683932,
    "min_channel_size": "1100",
    "max_channel_size": "16777216"
}
