{
    "graph_diameter": 0,
    "avg_out_degree": 8.992307692307692,
    "max_out_degree": 1099,
    "num_nodes": 3770,
    "num_channels": 33901,
    "total_network_capacity": "77123625326",
    "avg_channel_size": 2274966.087313059,
    "min_channel_size": "1100",
    "max_channel_size": "16777216"
}
