{
    "graph_diameter": 0,
    "avg_out_degree": 9.000263782643103,
    "max_out_degree": 1103,
    "num_nodes": 3791,
    "num_channels": 34120,
    "total_network_capacity": "77314963230",
    "avg_channel_size": 2265971.958675264,
    "min_channel_size": "1100",
    "max_channel_size": "16777216"
}
