{
    "graph_diameter": 0,
    "avg_out_degree": 8.995509772847333,
    "max_out_degree": 1101,
    "num_nodes": 3786,
    "num_channels": 34057,
    "total_network_capacity": "77224212968",
    "avg_channel_size": 2267498.986052794,
    "min_channel_size": "1100",
    "max_channel_size": "16777216"
}
