{
    "graph_diameter": 0,
    "avg_out_degree": 8.9970876356897,
    "max_out_degree": 1100,
    "num_nodes": 3777,
    "num_channels": 33982,
    "total_network_capacity": "77211846342",
    "avg_channel_size": 2272139.5545288683,
    "min_channel_size": "1100",
    "max_channel_size": "16777216"
}
