{
    "graph_diameter": 0,
    "avg_out_degree": 8.985956544780073,
    "max_out_degree": 1099,
    "num_nodes": 3774,
    "num_channels": 33913,
    "total_network_capacity": "77129337540",
    "avg_channel_size": 2274329.5355763277,
    "min_channel_size": "1100",
    "max_channel_size": "16777216"
}
