{
    "graph_diameter": 0,
    "avg_out_degree": 8.994440031771248,
    "max_out_degree": 1100,
    "num_nodes": 3777,
    "num_channels": 33972,
    "total_network_capacity": "77192476342",
    "avg_channel_size": 2272238.206228659,
    "min_channel_size": "1100",
    "max_channel_size": "16777216"
}
