{
    "graph_diameter": 0,
    "avg_out_degree": 8.99841059602649,
    "max_out_degree": 1100,
    "num_nodes": 3775,
    "num_channels": 33969,
    "total_network_capacity": "77188622014",
    "avg_channel_size": 2272325.414760517,
    "min_channel_size": "1100",
    "max_channel_size": "16777216"
}
