{
    "graph_diameter": 0,
    "avg_out_degree": 8.984940554821664,
    "max_out_degree": 1100,
    "num_nodes": 3785,
    "num_channels": 34008,
    "total_network_capacity": "77231504081",
    "avg_channel_size": 2270980.4775641025,
    "min_channel_size": "1100",
    "max_channel_size": "16777216"
}
