{
    "graph_diameter": 0,
    "avg_out_degree": 8.989731437598737,
    "max_out_degree": 1104,
    "num_nodes": 3798,
    "num_channels": 34143,
    "total_network_capacity": "77292581158",
    "avg_channel_size": 2263789.9762176727,
    "min_channel_size": "1100",
    "max_channel_size": "16777216"
}
