{
    "graph_diameter": 0,
    "avg_out_degree": 8.992303609341826,
    "max_out_degree": 1099,
    "num_nodes": 3768,
    "num_channels": 33883,
    "total_network_capacity": "77091830384",
    "avg_channel_size": 2275236.265501874,
    "min_channel_size": "1100",
    "max_channel_size": "16777216"
}
