{
    "graph_diameter": 0,
    "avg_out_degree": 9.002646202699127,
    "max_out_degree": 1100,
    "num_nodes": 3779,
    "num_channels": 34021,
    "total_network_capacity": "77276540443",
    "avg_channel_size": 2271436.4787337235,
    "min_channel_size": "1100",
    "max_channel_size": "16777216"
}
