{
    "graph_diameter": 0,
    "avg_out_degree": 8.988636363636363,
    "max_out_degree": 1100,
    "num_nodes": 3784,
    "num_channels": 34013,
    "total_network_capacity": "77234935511",
    "avg_channel_size": 2270747.5233293152,
    "min_channel_size": "1100",
    "max_channel_size": "16777216"
}
