{
    "graph_diameter": 0,
    "avg_out_degree": 8.997886951928157,
    "max_out_degree": 1102,
    "num_nodes": 3786,
    "num_channels": 34066,
    "total_network_capacity": "77247042037",
    "avg_channel_size": 2267570.0709505077,
    "min_channel_size": "1100",
    "max_channel_size": "16777216"
}
