{
    "graph_diameter": 0,
    "avg_out_degree": 8.996035940803383,
    "max_out_degree": 1101,
    "num_nodes": 3784,
    "num_channels": 34041,
    "total_network_capacity": "77247013807",
    "avg_channel_size": 2269234.564407626,
    "min_channel_size": "1100",
    "max_channel_size": "16777216"
}
