{
    "graph_diameter": 0,
    "avg_out_degree": 8.990976645435245,
    "max_out_degree": 1099,
    "num_nodes": 3768,
    "num_channels": 33878,
    "total_network_capacity": "77088410384",
    "avg_channel_size": 2275471.1135250013,
    "min_channel_size": "1100",
    "max_channel_size": "16777216"
}
