{
    "graph_diameter": 0,
    "avg_out_degree": 9.001323451561673,
    "max_out_degree": 1100,
    "num_nodes": 3778,
    "num_channels": 34007,
    "total_network_capacity": "77258454467",
    "avg_channel_size": 2271839.752609757,
    "min_channel_size": "1100",
    "max_channel_size": "16777216"
}
