{
    "graph_diameter": 0,
    "avg_out_degree": 8.980962453728186,
    "max_out_degree": 1100,
    "num_nodes": 3782,
    "num_channels": 33966,
    "total_network_capacity": "77184548695",
    "avg_channel_size": 2272406.191338397,
    "min_channel_size": "1100",
    "max_channel_size": "16777216"
}
