{
    "graph_diameter": 0,
    "avg_out_degree": 8.999208234362628,
    "max_out_degree": 1102,
    "num_nodes": 3789,
    "num_channels": 34098,
    "total_network_capacity": "77294749268",
    "avg_channel_size": 2266841.142237081,
    "min_channel_size": "1100",
    "max_channel_size": "16777216"
}
