{
    "graph_diameter": 0,
    "avg_out_degree": 8.996831264853446,
    "max_out_degree": 1102,
    "num_nodes": 3787,
    "num_channels": 34071,
    "total_network_capacity": "77252651436",
    "avg_channel_size": 2267401.938187902,
    "min_channel_size": "1100",
    "max_channel_size": "16777216"
}
