{
    "graph_diameter": 0,
    "avg_out_degree": 8.983297985153765,
    "max_out_degree": 1101,
    "num_nodes": 3772,
    "num_channels": 33885,
    "total_network_capacity": "77086162712",
    "avg_channel_size": 2274934.7118784124,
    "min_channel_size": "1100",
    "max_channel_size": "16777216"
}
