{
    "graph_diameter": 0,
    "avg_out_degree": 8.986786469344608,
    "max_out_degree": 1101,
    "num_nodes": 3784,
    "num_channels": 34006,
    "total_network_capacity": "77220940786",
    "avg_channel_size": 2270803.410751044,
    "min_channel_size": "1100",
    "max_channel_size": "16777216"
}
