{
    "graph_diameter": 0,
    "avg_out_degree": 8.999471877475575,
    "max_out_degree": 1102,
    "num_nodes": 3787,
    "num_channels": 34081,
    "total_network_capacity": "77266777150",
    "avg_channel_size": 2267151.1149907573,
    "min_channel_size": "1100",
    "max_channel_size": "16777216"
}
