{
    "graph_diameter": 0,
    "avg_out_degree": 8.984936575052854,
    "max_out_degree": 1100,
    "num_nodes": 3784,
    "num_channels": 33999,
    "total_network_capacity": "77224420786",
    "avg_channel_size": 2271373.298802906,
    "min_channel_size": "1100",
    "max_channel_size": "16777216"
}
