{
    "graph_diameter": 0,
    "avg_out_degree": 8.996292372881356,
    "max_out_degree": 1100,
    "num_nodes": 3776,
    "num_channels": 33970,
    "total_network_capacity": "77191226342",
    "avg_channel_size": 2272335.188166029,
    "min_channel_size": "1100",
    "max_channel_size": "16777216"
}
