{
    "graph_diameter": 0,
    "avg_out_degree": 8.998680390604381,
    "max_out_degree": 1102,
    "num_nodes": 3789,
    "num_channels": 34096,
    "total_network_capacity": "77293897074",
    "avg_channel_size": 2266949.1164359455,
    "min_channel_size": "1100",
    "max_channel_size": "16777216"
}
