{
    "graph_diameter": 0,
    "avg_out_degree": 8.990716180371352,
    "max_out_degree": 1098,
    "num_nodes": 3770,
    "num_channels": 33895,
    "total_network_capacity": "77103474619",
    "avg_channel_size": 2274774.291753946,
    "min_channel_size": "1100",
    "max_channel_size": "16777216"
}
