{
    "graph_diameter": 0,
    "avg_out_degree": 8.982767762460233,
    "max_out_degree": 1101,
    "num_nodes": 3772,
    "num_channels": 33883,
    "total_network_capacity": "77084654834",
    "avg_channel_size": 2275024.4911607592,
    "min_channel_size": "1100",
    "max_channel_size": "16777216"
}
