{
    "graph_diameter": 0,
    "avg_out_degree": 8.989389920424403,
    "max_out_degree": 1099,
    "num_nodes": 3770,
    "num_channels": 33890,
    "total_network_capacity": "77117155750",
    "avg_channel_size": 2275513.595455887,
    "min_channel_size": "1100",
    "max_channel_size": "16777216"
}
