{
    "graph_diameter": 0,
    "avg_out_degree": 8.989668874172185,
    "max_out_degree": 1099,
    "num_nodes": 3775,
    "num_channels": 33936,
    "total_network_capacity": "77149311894",
    "avg_channel_size": 2273376.705975955,
    "min_channel_size": "1100",
    "max_channel_size": "16777216"
}
