{
    "graph_diameter": 0,
    "avg_out_degree": 8.997362869198312,
    "max_out_degree": 1104,
    "num_nodes": 3792,
    "num_channels": 34118,
    "total_network_capacity": "77266193141",
    "avg_channel_size": 2264675.336801688,
    "min_channel_size": "1100",
    "max_channel_size": "16777216"
}
