{
    "graph_diameter": 0,
    "avg_out_degree": 9.00131926121372,
    "max_out_degree": 1103,
    "num_nodes": 3790,
    "num_channels": 34115,
    "total_network_capacity": "77307674725",
    "avg_channel_size": 2266090.4213688993,
    "min_channel_size": "1100",
    "max_channel_size": "16777216"
}
