{
    "graph_diameter": 0,
    "avg_out_degree": 8.99655720338983,
    "max_out_degree": 1100,
    "num_nodes": 3776,
    "num_channels": 33971,
    "total_network_capacity": "77192226342",
    "avg_channel_size": 2272297.7345971563,
    "min_channel_size": "1100",
    "max_channel_size": "16777216"
}
