{
    "graph_diameter": 0,
    "avg_out_degree": 8.99789029535865,
    "max_out_degree": 1104,
    "num_nodes": 3792,
    "num_channels": 34120,
    "total_network_capacity": "77272034911",
    "avg_channel_size": 2264713.8016119576,
    "min_channel_size": "1100",
    "max_channel_size": "16777216"
}
