{
    "graph_diameter": 0,
    "avg_out_degree": 9.001054296257248,
    "max_out_degree": 1104,
    "num_nodes": 3794,
    "num_channels": 34150,
    "total_network_capacity": "77305847806",
    "avg_channel_size": 2263714.4306295756,
    "min_channel_size": "1100",
    "max_channel_size": "16777216"
}
