{
    "graph_diameter": 0,
    "avg_out_degree": 9.273479948253557,
    "max_out_degree": 1113,
    "num_nodes": 3865,
    "num_channels": 35842,
    "total_network_capacity": "81350831774",
    "avg_channel_size": 2269706.818090508,
    "min_channel_size": "1100",
    "max_channel_size": "16777216"
}
