{
    "graph_diameter": 0,
    "avg_out_degree": 9.269378357636224,
    "max_out_degree": 1106,
    "num_nodes": 3909,
    "num_channels": 36234,
    "total_network_capacity": "82508239841",
    "avg_channel_size": 2277094.437296462,
    "min_channel_size": "1100",
    "max_channel_size": "16777216"
}
