{
    "graph_diameter": 0,
    "avg_out_degree": 9.288929125711329,
    "max_out_degree": 1114,
    "num_nodes": 3866,
    "num_channels": 35911,
    "total_network_capacity": "81563790028",
    "avg_channel_size": 2271275.932945337,
    "min_channel_size": "1100",
    "max_channel_size": "16777216"
}
