{
    "graph_diameter": 0,
    "avg_out_degree": 9.292884864165588,
    "max_out_degree": 1114,
    "num_nodes": 3865,
    "num_channels": 35917,
    "total_network_capacity": "81593146193",
    "avg_channel_size": 2271713.845616282,
    "min_channel_size": "1100",
    "max_channel_size": "16777216"
}
