{
    "graph_diameter": 0,
    "avg_out_degree": 9.298708010335917,
    "max_out_degree": 1115,
    "num_nodes": 3870,
    "num_channels": 35986,
    "total_network_capacity": "81872110972",
    "avg_channel_size": 2275110.069804924,
    "min_channel_size": "1100",
    "max_channel_size": "16777216"
}
