{
    "graph_diameter": 0,
    "avg_out_degree": 9.238699847638395,
    "max_out_degree": 1107,
    "num_nodes": 3938,
    "num_channels": 36382,
    "total_network_capacity": "82452494259",
    "avg_channel_size": 2266299.1110714087,
    "min_channel_size": "1100",
    "max_channel_size": "16777216"
}
