{
    "graph_diameter": 0,
    "avg_out_degree": 9.308565531475749,
    "max_out_degree": 1115,
    "num_nodes": 3876,
    "num_channels": 36080,
    "total_network_capacity": "82131194348",
    "avg_channel_size": 2276363.4797117515,
    "min_channel_size": "1100",
    "max_channel_size": "16777216"
}
