{
    "graph_diameter": 0,
    "avg_out_degree": 9.28268185348175,
    "max_out_degree": 1113,
    "num_nodes": 3863,
    "num_channels": 35859,
    "total_network_capacity": "81373428984",
    "avg_channel_size": 2269260.9661172926,
    "min_channel_size": "1100",
    "max_channel_size": "16777216"
}
