{
    "graph_diameter": 0,
    "avg_out_degree": 9.286601138127264,
    "max_out_degree": 1114,
    "num_nodes": 3866,
    "num_channels": 35902,
    "total_network_capacity": "81522569394",
    "avg_channel_size": 2270697.1587655284,
    "min_channel_size": "1100",
    "max_channel_size": "16777216"
}
