{
    "graph_diameter": 0,
    "avg_out_degree": 9.256429844665139,
    "max_out_degree": 1107,
    "num_nodes": 3927,
    "num_channels": 36350,
    "total_network_capacity": "82438544792",
    "avg_channel_size": 2267910.4481980745,
    "min_channel_size": "1100",
    "max_channel_size": "16777216"
}
