{
    "graph_diameter": 0,
    "avg_out_degree": 9.236760124610592,
    "max_out_degree": 1110,
    "num_nodes": 3852,
    "num_channels": 35580,
    "total_network_capacity": "80582394285",
    "avg_channel_size": 2264822.773608769,
    "min_channel_size": "1100",
    "max_channel_size": "16777216"
}
