{
    "graph_diameter": 0,
    "avg_out_degree": 9.261251939989654,
    "max_out_degree": 1113,
    "num_nodes": 3866,
    "num_channels": 35804,
    "total_network_capacity": "81303994938",
    "avg_channel_size": 2270807.5895989276,
    "min_channel_size": "1100",
    "max_channel_size": "16777216"
}
