{
    "graph_diameter": 0,
    "avg_out_degree": 9.2365005192108,
    "max_out_degree": 1110,
    "num_nodes": 3852,
    "num_channels": 35579,
    "total_network_capacity": "80579394285",
    "avg_channel_size": 2264802.1103740972,
    "min_channel_size": "1100",
    "max_channel_size": "16777216"
}
