{
    "graph_diameter": 0,
    "avg_out_degree": 9.240457024149572,
    "max_out_degree": 1110,
    "num_nodes": 3851,
    "num_channels": 35585,
    "total_network_capacity": "80593977381",
    "avg_channel_size": 2264830.051454264,
    "min_channel_size": "1100",
    "max_channel_size": "16777216"
}
