{
    "graph_diameter": 0,
    "avg_out_degree": 9.251683065769031,
    "max_out_degree": 1112,
    "num_nodes": 3862,
    "num_channels": 35730,
    "total_network_capacity": "81018340775",
    "avg_channel_size": 2267515.834732718,
    "min_channel_size": "1100",
    "max_channel_size": "16777216"
}
