{
    "graph_diameter": 0,
    "avg_out_degree": 9.249740932642487,
    "max_out_degree": 1112,
    "num_nodes": 3860,
    "num_channels": 35704,
    "total_network_capacity": "80917086855",
    "avg_channel_size": 2266331.1353069684,
    "min_channel_size": "1100",
    "max_channel_size": "16777216"
}
