{
    "graph_diameter": 0,
    "avg_out_degree": 9.287377133988619,
    "max_out_degree": 1114,
    "num_nodes": 3866,
    "num_channels": 35905,
    "total_network_capacity": "81565990028",
    "avg_channel_size": 2271716.7533212644,
    "min_channel_size": "1100",
    "max_channel_size": "16777216"
}
