{
    "graph_diameter": 0,
    "avg_out_degree": 9.188770325203253,
    "max_out_degree": 1106,
    "num_nodes": 3936,
    "num_channels": 36167,
    "total_network_capacity": "82443534928",
    "avg_channel_size": 2279523.7351176487,
    "min_channel_size": "1100",
    "max_channel_size": "16777216"
}
