{
    "graph_diameter": 0,
    "avg_out_degree": 9.307513555383423,
    "max_out_degree": 1115,
    "num_nodes": 3873,
    "num_channels": 36048,
    "total_network_capacity": "81946463632",
    "avg_channel_size": 2273259.643586329,
    "min_channel_size": "1100",
    "max_channel_size": "16777216"
}
