{
    "graph_diameter": 0,
    "avg_out_degree": 9.262027935851009,
    "max_out_degree": 1113,
    "num_nodes": 3866,
    "num_channels": 35807,
    "total_network_capacity": "81344564241",
    "avg_channel_size": 2271750.334878655,
    "min_channel_size": "1100",
    "max_channel_size": "16777216"
}
