{
    "graph_diameter": 0,
    "avg_out_degree": 9.23172628304821,
    "max_out_degree": 1111,
    "num_nodes": 3858,
    "num_channels": 35616,
    "total_network_capacity": "80615108837",
    "avg_channel_size": 2263452.067525831,
    "min_channel_size": "1100",
    "max_channel_size": "16777216"
}
