{
    "graph_diameter": 0,
    "avg_out_degree": 9.29469598965071,
    "max_out_degree": 1114,
    "num_nodes": 3865,
    "num_channels": 35924,
    "total_network_capacity": "81625146193",
    "avg_channel_size": 2272161.958384367,
    "min_channel_size": "1100",
    "max_channel_size": "16777216"
}
