{
    "graph_diameter": 0,
    "avg_out_degree": 9.289147286821706,
    "max_out_degree": 1114,
    "num_nodes": 3870,
    "num_channels": 35949,
    "total_network_capacity": "81744536377",
    "avg_channel_size": 2273902.9285098333,
    "min_channel_size": "1100",
    "max_channel_size": "16777216"
}
