{
    "graph_diameter": 0,
    "avg_out_degree": 9.234318299637117,
    "max_out_degree": 1111,
    "num_nodes": 3858,
    "num_channels": 35626,
    "total_network_capacity": "80660208837",
    "avg_channel_size": 2264082.659770954,
    "min_channel_size": "1100",
    "max_channel_size": "16777216"
}
