{
    "graph_diameter": 0,
    "avg_out_degree": 9.224391480730223,
    "max_out_degree": 1107,
    "num_nodes": 3944,
    "num_channels": 36381,
    "total_network_capacity": "82439413595",
    "avg_channel_size": 2266001.8579753167,
    "min_channel_size": "1100",
    "max_channel_size": "16777216"
}
