{
    "graph_diameter": 0,
    "avg_out_degree": 9.236240913811008,
    "max_out_degree": 1110,
    "num_nodes": 3852,
    "num_channels": 35578,
    "total_network_capacity": "80578394285",
    "avg_channel_size": 2264837.6604924393,
    "min_channel_size": "1100",
    "max_channel_size": "16777216"
}
