{
    "graph_diameter": 0,
    "avg_out_degree": 9.28027950310559,
    "max_out_degree": 1113,
    "num_nodes": 3864,
    "num_channels": 35859,
    "total_network_capacity": "81353232554",
    "avg_channel_size": 2268697.748236147,
    "min_channel_size": "1100",
    "max_channel_size": "16777216"
}
