{
    "graph_diameter": 0,
    "avg_out_degree": 9.288630490956072,
    "max_out_degree": 1114,
    "num_nodes": 3870,
    "num_channels": 35947,
    "total_network_capacity": "81744186377",
    "avg_channel_size": 2274019.7061507218,
    "min_channel_size": "1100",
    "max_channel_size": "16777216"
}
