{
    "graph_diameter": 0,
    "avg_out_degree": 9.239294056579288,
    "max_out_degree": 1111,
    "num_nodes": 3853,
    "num_channels": 35599,
    "total_network_capacity": "80634670126",
    "avg_channel_size": 2265082.4496755525,
    "min_channel_size": "1100",
    "max_channel_size": "16777216"
}
