{
    "graph_diameter": 0,
    "avg_out_degree": 9.288078613912594,
    "max_out_degree": 1114,
    "num_nodes": 3867,
    "num_channels": 35917,
    "total_network_capacity": "81588856398",
    "avg_channel_size": 2271594.409276944,
    "min_channel_size": "1100",
    "max_channel_size": "16777216"
}
