{
    "graph_diameter": 0,
    "avg_out_degree": 9.2869340232859,
    "max_out_degree": 1114,
    "num_nodes": 3865,
    "num_channels": 35894,
    "total_network_capacity": "81524635924",
    "avg_channel_size": 2271260.8214186216,
    "min_channel_size": "1100",
    "max_channel_size": "16777216"
}
