{
    "graph_diameter": 0,
    "avg_out_degree": 9.280020703933747,
    "max_out_degree": 1113,
    "num_nodes": 3864,
    "num_channels": 35858,
    "total_network_capacity": "81353132554",
    "avg_channel_size": 2268758.228400915,
    "min_channel_size": "1100",
    "max_channel_size": "16777216"
}
