{
    "graph_diameter": 0,
    "avg_out_degree": 9.300439163006976,
    "max_out_degree": 1115,
    "num_nodes": 3871,
    "num_channels": 36002,
    "total_network_capacity": "81930607301",
    "avg_channel_size": 2275723.7737070164,
    "min_channel_size": "1100",
    "max_channel_size": "16777216"
}
