{
    "graph_diameter": 0,
    "avg_out_degree": 9.255665902724726,
    "max_out_degree": 1107,
    "num_nodes": 3927,
    "num_channels": 36347,
    "total_network_capacity": "82437344792",
    "avg_channel_size": 2268064.621344265,
    "min_channel_size": "1100",
    "max_channel_size": "16777216"
}
