{
    "graph_diameter": 0,
    "avg_out_degree": 9.243965740981054,
    "max_out_degree": 1111,
    "num_nodes": 3853,
    "num_channels": 35617,
    "total_network_capacity": "80693546009",
    "avg_channel_size": 2265590.757475363,
    "min_channel_size": "1100",
    "max_channel_size": "16777216"
}
