{
    "graph_diameter": 0,
    "avg_out_degree": 9.275808538163002,
    "max_out_degree": 1113,
    "num_nodes": 3865,
    "num_channels": 35851,
    "total_network_capacity": "81353897430",
    "avg_channel_size": 2269222.544141028,
    "min_channel_size": "1100",
    "max_channel_size": "16777216"
}
