{
    "graph_diameter": 0,
    "avg_out_degree": 9.255561303673048,
    "max_out_degree": 1113,
    "num_nodes": 3866,
    "num_channels": 35782,
    "total_network_capacity": "81175419304",
    "avg_channel_size": 2268610.455089151,
    "min_channel_size": "1100",
    "max_channel_size": "16777216"
}
