{
    "graph_diameter": 0,
    "avg_out_degree": 9.310273618998451,
    "max_out_degree": 1115,
    "num_nodes": 3874,
    "num_channels": 36068,
    "total_network_capacity": "82127422159",
    "avg_channel_size": 2277016.251497172,
    "min_channel_size": "1100",
    "max_channel_size": "16777216"
}
