{
    "graph_diameter": 0,
    "avg_out_degree": 9.27554980595084,
    "max_out_degree": 1113,
    "num_nodes": 3865,
    "num_channels": 35850,
    "total_network_capacity": "81353543324",
    "avg_channel_size": 2269275.9644072526,
    "min_channel_size": "1100",
    "max_channel_size": "16777216"
}
