{
    "graph_diameter": 0,
    "avg_out_degree": 9.2633212622866,
    "max_out_degree": 1113,
    "num_nodes": 3866,
    "num_channels": 35812,
    "total_network_capacity": "81335570861",
    "avg_channel_size": 2271182.030073718,
    "min_channel_size": "1100",
    "max_channel_size": "16777216"
}
