{
    "graph_diameter": 0,
    "avg_out_degree": 9.285381630012937,
    "max_out_degree": 1114,
    "num_nodes": 3865,
    "num_channels": 35888,
    "total_network_capacity": "81542189200",
    "avg_channel_size": 2272129.658938921,
    "min_channel_size": "1100",
    "max_channel_size": "16777216"
}
