{
    "graph_diameter": 0,
    "avg_out_degree": 9.257889291257113,
    "max_out_degree": 1113,
    "num_nodes": 3866,
    "num_channels": 35791,
    "total_network_capacity": "81225254304",
    "avg_channel_size": 2269432.379760275,
    "min_channel_size": "1100",
    "max_channel_size": "16777216"
}
