{
    "graph_diameter": 0,
    "avg_out_degree": 9.299922500645827,
    "max_out_degree": 1115,
    "num_nodes": 3871,
    "num_channels": 36000,
    "total_network_capacity": "81840556558",
    "avg_channel_size": 2273348.7932777777,
    "min_channel_size": "1100",
    "max_channel_size": "16777216"
}
