{
    "graph_diameter": 0,
    "avg_out_degree": 9.256684491978609,
    "max_out_degree": 1107,
    "num_nodes": 3927,
    "num_channels": 36351,
    "total_network_capacity": "82438694792",
    "avg_channel_size": 2267852.1854144316,
    "min_channel_size": "1100",
    "max_channel_size": "16777216"
}
