{
    "graph_diameter": 0,
    "avg_out_degree": 9.310095533178414,
    "max_out_degree": 1115,
    "num_nodes": 3873,
    "num_channels": 36058,
    "total_network_capacity": "82001854627",
    "avg_channel_size": 2274165.362111043,
    "min_channel_size": "1100",
    "max_channel_size": "16777216"
}
