{
    "graph_diameter": 0,
    "avg_out_degree": 9.237217752400726,
    "max_out_degree": 1110,
    "num_nodes": 3853,
    "num_channels": 35591,
    "total_network_capacity": "80598709722",
    "avg_channel_size": 2264581.2065409794,
    "min_channel_size": "1100",
    "max_channel_size": "16777216"
}
