{
    "graph_diameter": 0,
    "avg_out_degree": 9.291591203104787,
    "max_out_degree": 1114,
    "num_nodes": 3865,
    "num_channels": 35912,
    "total_network_capacity": "81574146193",
    "avg_channel_size": 2271501.0635163733,
    "min_channel_size": "1100",
    "max_channel_size": "16777216"
}
