{
    "graph_diameter": 0,
    "avg_out_degree": 9.284752782811287,
    "max_out_degree": 1113,
    "num_nodes": 3863,
    "num_channels": 35867,
    "total_network_capacity": "81411770457",
    "avg_channel_size": 2269823.806200686,
    "min_channel_size": "1100",
    "max_channel_size": "16777216"
}
