{
    "graph_diameter": 0,
    "avg_out_degree": 9.23094867807154,
    "max_out_degree": 1111,
    "num_nodes": 3858,
    "num_channels": 35613,
    "total_network_capacity": "80610924083",
    "avg_channel_size": 2263525.231881616,
    "min_channel_size": "1100",
    "max_channel_size": "16777216"
}
