{
    "graph_diameter": 0,
    "avg_out_degree": 9.239688715953307,
    "max_out_degree": 1111,
    "num_nodes": 3855,
    "num_channels": 35619,
    "total_network_capacity": "80692902192",
    "avg_channel_size": 2265445.4698896655,
    "min_channel_size": "1100",
    "max_channel_size": "16777216"
}
