{
    "graph_diameter": 0,
    "avg_out_degree": 9.238070539419088,
    "max_out_degree": 1111,
    "num_nodes": 3856,
    "num_channels": 35622,
    "total_network_capacity": "80694223500",
    "avg_channel_size": 2265291.7719386895,
    "min_channel_size": "1100",
    "max_channel_size": "16777216"
}
