{
    "graph_diameter": 0,
    "avg_out_degree": 9.309320939839917,
    "max_out_degree": 1115,
    "num_nodes": 3873,
    "num_channels": 36055,
    "total_network_capacity": "81991654627",
    "avg_channel_size": 2274071.6856746636,
    "min_channel_size": "1100",
    "max_channel_size": "16777216"
}
