{
    "graph_diameter": 0,
    "avg_out_degree": 9.245014245014245,
    "max_out_degree": 1112,
    "num_nodes": 3861,
    "num_channels": 35695,
    "total_network_capacity": "80902718366",
    "avg_channel_size": 2266500.024261101,
    "min_channel_size": "1100",
    "max_channel_size": "16777216"
}
