{
    "graph_diameter": 0,
    "avg_out_degree": 9.299664169465254,
    "max_out_degree": 1115,
    "num_nodes": 3871,
    "num_channels": 35999,
    "total_network_capacity": "81840436558",
    "avg_channel_size": 2273408.610183616,
    "min_channel_size": "1100",
    "max_channel_size": "16777216"
}
