{
    "graph_diameter": 0,
    "avg_out_degree": 9.269857697283312,
    "max_out_degree": 1113,
    "num_nodes": 3865,
    "num_channels": 35828,
    "total_network_capacity": "81349431774",
    "avg_channel_size": 2270554.6436865022,
    "min_channel_size": "1100",
    "max_channel_size": "16777216"
}
