{
    "graph_diameter": 0,
    "avg_out_degree": 9.250518134715026,
    "max_out_degree": 1112,
    "num_nodes": 3860,
    "num_channels": 35707,
    "total_network_capacity": "80903309188",
    "avg_channel_size": 2265754.8712577363,
    "min_channel_size": "1100",
    "max_channel_size": "16777216"
}
