{
    "graph_diameter": 0,
    "avg_out_degree": 9.24339430894309,
    "max_out_degree": 1107,
    "num_nodes": 3936,
    "num_channels": 36382,
    "total_network_capacity": "82453019294",
    "avg_channel_size": 2266313.5422461657,
    "min_channel_size": "1100",
    "max_channel_size": "16777216"
}
