{
    "graph_diameter": 0,
    "avg_out_degree": 9.25530263838593,
    "max_out_degree": 1113,
    "num_nodes": 3866,
    "num_channels": 35781,
    "total_network_capacity": "81175112127",
    "avg_channel_size": 2268665.2728263605,
    "min_channel_size": "1100",
    "max_channel_size": "16777216"
}
