{
    "graph_diameter": 0,
    "avg_out_degree": 9.249482936918303,
    "max_out_degree": 1113,
    "num_nodes": 3868,
    "num_channels": 35777,
    "total_network_capacity": "81166557081",
    "avg_channel_size": 2268679.7965452666,
    "min_channel_size": "1100",
    "max_channel_size": "16777216"
}
