{
    "graph_diameter": 0,
    "avg_out_degree": 9.263062596999482,
    "max_out_degree": 1113,
    "num_nodes": 3866,
    "num_channels": 35811,
    "total_network_capacity": "81335220861",
    "avg_channel_size": 2271235.6778922677,
    "min_channel_size": "1100",
    "max_channel_size": "16777216"
}
