{
    "graph_diameter": 0,
    "avg_out_degree": 9.25103519668737,
    "max_out_degree": 1113,
    "num_nodes": 3864,
    "num_channels": 35746,
    "total_network_capacity": "81044267945",
    "avg_channel_size": 2267226.2055894365,
    "min_channel_size": "1100",
    "max_channel_size": "16777216"
}
