{
    "graph_diameter": 0,
    "avg_out_degree": 9.273221216041398,
    "max_out_degree": 1113,
    "num_nodes": 3865,
    "num_channels": 35841,
    "total_network_capacity": "81350731774",
    "avg_channel_size": 2269767.355096119,
    "min_channel_size": "1100",
    "max_channel_size": "16777216"
}
