{
    "graph_diameter": 0,
    "avg_out_degree": 9.26176927056389,
    "max_out_degree": 1113,
    "num_nodes": 3866,
    "num_channels": 35806,
    "total_network_capacity": "81327787026",
    "avg_channel_size": 2271345.222197397,
    "min_channel_size": "1100",
    "max_channel_size": "16777216"
}
