{
    "graph_diameter": 0,
    "avg_out_degree": 9.237736828445367,
    "max_out_degree": 1110,
    "num_nodes": 3853,
    "num_channels": 35593,
    "total_network_capacity": "80599809722",
    "avg_channel_size": 2264484.862810103,
    "min_channel_size": "1100",
    "max_channel_size": "16777216"
}
