{
    "graph_diameter": 0,
    "avg_out_degree": 9.310451612903226,
    "max_out_degree": 1115,
    "num_nodes": 3875,
    "num_channels": 36078,
    "total_network_capacity": "82131075736",
    "avg_channel_size": 2276486.38328067,
    "min_channel_size": "1100",
    "max_channel_size": "16777216"
}
