{
    "graph_diameter": 0,
    "avg_out_degree": 9.288153129849974,
    "max_out_degree": 1114,
    "num_nodes": 3866,
    "num_channels": 35908,
    "total_network_capacity": "81563490028",
    "avg_channel_size": 2271457.336192492,
    "min_channel_size": "1100",
    "max_channel_size": "16777216"
}
