{
    "graph_diameter": 0,
    "avg_out_degree": 9.29340232858991,
    "max_out_degree": 1114,
    "num_nodes": 3865,
    "num_channels": 35919,
    "total_network_capacity": "81608146193",
    "avg_channel_size": 2272004.960967733,
    "min_channel_size": "1100",
    "max_channel_size": "16777216"
}
