{
    "graph_diameter": 0,
    "avg_out_degree": 9.293023255813953,
    "max_out_degree": 1115,
    "num_nodes": 3870,
    "num_channels": 35964,
    "total_network_capacity": "81800676528",
    "avg_channel_size": 2274515.5301968637,
    "min_channel_size": "1100",
    "max_channel_size": "16777216"
}
