{
    "graph_diameter": 0,
    "avg_out_degree": 9.217590238942552,
    "max_out_degree": 1106,
    "num_nodes": 3934,
    "num_channels": 36262,
    "total_network_capacity": "82370176794",
    "avg_channel_size": 2271528.7847884838,
    "min_channel_size": "1100",
    "max_channel_size": "16777216"
}
