{
    "graph_diameter": 0,
    "avg_out_degree": 9.280400205233454,
    "max_out_degree": 1106,
    "num_nodes": 3898,
    "num_channels": 36175,
    "total_network_capacity": "82330009523",
    "avg_channel_size": 2275881.3966275053,
    "min_channel_size": "1100",
    "max_channel_size": "16777216"
}
