{
    "graph_diameter": 0,
    "avg_out_degree": 9.239014478028956,
    "max_out_degree": 1107,
    "num_nodes": 3937,
    "num_channels": 36374,
    "total_network_capacity": "82438942734",
    "avg_channel_size": 2266424.9940616926,
    "min_channel_size": "1100",
    "max_channel_size": "16777216"
}
