{
    "graph_diameter": 0,
    "avg_out_degree": 9.300775193798449,
    "max_out_degree": 1115,
    "num_nodes": 3870,
    "num_channels": 35994,
    "total_network_capacity": "81890858390",
    "avg_channel_size": 2275125.253931211,
    "min_channel_size": "1100",
    "max_channel_size": "16777216"
}
