{
    "graph_diameter": 0,
    "avg_out_degree": 9.285529381309862,
    "max_out_degree": 1113,
    "num_nodes": 3863,
    "num_channels": 35870,
    "total_network_capacity": "81428985253",
    "avg_channel_size": 2270113.890521327,
    "min_channel_size": "1100",
    "max_channel_size": "16777216"
}
