{
    "graph_diameter": 0,
    "avg_out_degree": 9.247281201450026,
    "max_out_degree": 1112,
    "num_nodes": 3862,
    "num_channels": 35713,
    "total_network_capacity": "80960620232",
    "avg_channel_size": 2266978.9777391986,
    "min_channel_size": "1100",
    "max_channel_size": "16777216"
}
