{
    "graph_diameter": 0,
    "avg_out_degree": 9.317148760330578,
    "max_out_degree": 1115,
    "num_nodes": 3872,
    "num_channels": 36076,
    "total_network_capacity": "82160484258",
    "avg_channel_size": 2277427.770761725,
    "min_channel_size": "1100",
    "max_channel_size": "16777216"
}
