{
    "graph_diameter": 0,
    "avg_out_degree": 9.242746113989638,
    "max_out_degree": 1112,
    "num_nodes": 3860,
    "num_channels": 35677,
    "total_network_capacity": "80849310854",
    "avg_channel_size": 2266146.560921602,
    "min_channel_size": "1100",
    "max_channel_size": "16777216"
}
