{
    "graph_diameter": 0,
    "avg_out_degree": 9.309837335398916,
    "max_out_degree": 1115,
    "num_nodes": 3873,
    "num_channels": 36057,
    "total_network_capacity": "82001754627",
    "avg_channel_size": 2274225.6601214744,
    "min_channel_size": "1100",
    "max_channel_size": "16777216"
}
