{
    "graph_diameter": 0,
    "avg_out_degree": 9.318956611570249,
    "max_out_degree": 1115,
    "num_nodes": 3872,
    "num_channels": 36083,
    "total_network_capacity": "82166403914",
    "avg_channel_size": 2277150.012859241,
    "min_channel_size": "1100",
    "max_channel_size": "16777216"
}
