{
    "graph_diameter": 0,
    "avg_out_degree": 9.289780077619664,
    "max_out_degree": 1114,
    "num_nodes": 3865,
    "num_channels": 35905,
    "total_network_capacity": "81569970896",
    "avg_channel_size": 2271827.6255674697,
    "min_channel_size": "1100",
    "max_channel_size": "16777216"
}
