{
    "graph_diameter": 0,
    "avg_out_degree": 9.254526642524572,
    "max_out_degree": 1113,
    "num_nodes": 3866,
    "num_channels": 35778,
    "total_network_capacity": "81169509763",
    "avg_channel_size": 2268698.9145005313,
    "min_channel_size": "1100",
    "max_channel_size": "16777216"
}
