{
    "graph_diameter": 0,
    "avg_out_degree": 9.242927588891773,
    "max_out_degree": 1111,
    "num_nodes": 3853,
    "num_channels": 35613,
    "total_network_capacity": "80694534989",
    "avg_channel_size": 2265872.9955072585,
    "min_channel_size": "1100",
    "max_channel_size": "16777216"
}
