{
    "graph_diameter": 0,
    "avg_out_degree": 9.224645030425963,
    "max_out_degree": 1107,
    "num_nodes": 3944,
    "num_channels": 36382,
    "total_network_capacity": "82439023595",
    "avg_channel_size": 2265928.8547908305,
    "min_channel_size": "1100",
    "max_channel_size": "16777216"
}
