{
    "graph_diameter": 0,
    "avg_out_degree": 9.232823437905108,
    "max_out_degree": 1111,
    "num_nodes": 3857,
    "num_channels": 35611,
    "total_network_capacity": "80691672854",
    "avg_channel_size": 2265919.8802055544,
    "min_channel_size": "1100",
    "max_channel_size": "16777216"
}
