{
    "graph_diameter": 0,
    "avg_out_degree": 9.268866717830647,
    "max_out_degree": 1106,
    "num_nodes": 3909,
    "num_channels": 36232,
    "total_network_capacity": "82507539841",
    "avg_channel_size": 2277200.812569,
    "min_channel_size": "1100",
    "max_channel_size": "16777216"
}
