{
    "graph_diameter": 0,
    "avg_out_degree": 9.31159793814433,
    "max_out_degree": 1106,
    "num_nodes": 3880,
    "num_channels": 36129,
    "total_network_capacity": "82325016513",
    "avg_channel_size": 2278640.8844141825,
    "min_channel_size": "1100",
    "max_channel_size": "16777216"
}
