{
    "graph_diameter": 0,
    "avg_out_degree": 9.258532857870605,
    "max_out_degree": 1107,
    "num_nodes": 3926,
    "num_channels": 36349,
    "total_network_capacity": "82438331988",
    "avg_channel_size": 2267966.986382019,
    "min_channel_size": "1100",
    "max_channel_size": "16777216"
}
