{
    "graph_diameter": 0,
    "avg_out_degree": 9.244807892004154,
    "max_out_degree": 1111,
    "num_nodes": 3852,
    "num_channels": 35611,
    "total_network_capacity": "80694255831",
    "avg_channel_size": 2265992.413327343,
    "min_channel_size": "1100",
    "max_channel_size": "16777216"
}
