{
    "graph_diameter": 0,
    "avg_out_degree": 9.238058151609554,
    "max_out_degree": 1110,
    "num_nodes": 3852,
    "num_channels": 35585,
    "total_network_capacity": "80607251640",
    "avg_channel_size": 2265203.0810734862,
    "min_channel_size": "1100",
    "max_channel_size": "16777216"
}
