{
    "graph_diameter": 0,
    "avg_out_degree": 9.241300482600964,
    "max_out_degree": 1107,
    "num_nodes": 3937,
    "num_channels": 36383,
    "total_network_capacity": "82453702694",
    "avg_channel_size": 2266270.0352912075,
    "min_channel_size": "1100",
    "max_channel_size": "16777216"
}
