{
    "graph_diameter": 0,
    "avg_out_degree": 9.208755060728745,
    "max_out_degree": 1107,
    "num_nodes": 3952,
    "num_channels": 36393,
    "total_network_capacity": "82440693232",
    "avg_channel_size": 2265289.8423323166,
    "min_channel_size": "1100",
    "max_channel_size": "16777216"
}
