{
    "graph_diameter": 0,
    "avg_out_degree": 9.249611600207146,
    "max_out_degree": 1112,
    "num_nodes": 3862,
    "num_channels": 35722,
    "total_network_capacity": "80984505232",
    "avg_channel_size": 2267076.457981076,
    "min_channel_size": "1100",
    "max_channel_size": "16777216"
}
