{
    "graph_diameter": 0,
    "avg_out_degree": 9.278985507246377,
    "max_out_degree": 1113,
    "num_nodes": 3864,
    "num_channels": 35854,
    "total_network_capacity": "81351323498",
    "avg_channel_size": 2268960.8829698223,
    "min_channel_size": "1100",
    "max_channel_size": "16777216"
}
