{
    "graph_diameter": 0,
    "avg_out_degree": 9.242031614407878,
    "max_out_degree": 1111,
    "num_nodes": 3859,
    "num_channels": 35665,
    "total_network_capacity": "80779269893",
    "avg_channel_size": 2264945.181354269,
    "min_channel_size": "1100",
    "max_channel_size": "16777216"
}
