{
    "graph_diameter": 0,
    "avg_out_degree": 9.251811594202898,
    "max_out_degree": 1113,
    "num_nodes": 3864,
    "num_channels": 35749,
    "total_network_capacity": "81047820649",
    "avg_channel_size": 2267135.3226383957,
    "min_channel_size": "1100",
    "max_channel_size": "16777216"
}
