{
    "graph_diameter": 0,
    "avg_out_degree": 9.310744653439835,
    "max_out_degree": 1106,
    "num_nodes": 3881,
    "num_channels": 36135,
    "total_network_capacity": "82325930373",
    "avg_channel_size": 2278287.8199252803,
    "min_channel_size": "1100",
    "max_channel_size": "16777216"
}
