{
    "graph_diameter": 0,
    "avg_out_degree": 9.23950233281493,
    "max_out_degree": 1111,
    "num_nodes": 3858,
    "num_channels": 35646,
    "total_network_capacity": "80723353837",
    "avg_channel_size": 2264583.7916456265,
    "min_channel_size": "1100",
    "max_channel_size": "16777216"
}
