{
    "graph_diameter": 0,
    "avg_out_degree": 9.3001808318264,
    "max_out_degree": 1115,
    "num_nodes": 3871,
    "num_channels": 36001,
    "total_network_capacity": "81929607301",
    "avg_channel_size": 2275759.2094941805,
    "min_channel_size": "1100",
    "max_channel_size": "16777216"
}
