{
    "graph_diameter": 0,
    "avg_out_degree": 9.238639314463775,
    "max_out_degree": 1110,
    "num_nodes": 3851,
    "num_channels": 35578,
    "total_network_capacity": "80571462754",
    "avg_channel_size": 2264642.834167182,
    "min_channel_size": "1100",
    "max_channel_size": "16777216"
}
