{
    "graph_diameter": 0,
    "avg_out_degree": 9.27529107373868,
    "max_out_degree": 1113,
    "num_nodes": 3865,
    "num_channels": 35849,
    "total_network_capacity": "81353443324",
    "avg_channel_size": 2269336.475884962,
    "min_channel_size": "1100",
    "max_channel_size": "16777216"
}
