{
    "graph_diameter": 0,
    "avg_out_degree": 9.301808785529715,
    "max_out_degree": 1115,
    "num_nodes": 3870,
    "num_channels": 35998,
    "total_network_capacity": "81930645265",
    "avg_channel_size": 2275977.7005666983,
    "min_channel_size": "1100",
    "max_channel_size": "16777216"
}
