{
    "graph_diameter": 0,
    "avg_out_degree": 9.289262613195342,
    "max_out_degree": 1114,
    "num_nodes": 3865,
    "num_channels": 35903,
    "total_network_capacity": "81568899796",
    "avg_channel_size": 2271924.346043506,
    "min_channel_size": "1100",
    "max_channel_size": "16777216"
}
