{
    "graph_diameter": 0,
    "avg_out_degree": 9.243845555843484,
    "max_out_degree": 1112,
    "num_nodes": 3859,
    "num_channels": 35672,
    "total_network_capacity": "80798848102",
    "avg_channel_size": 2265049.5655416013,
    "min_channel_size": "1100",
    "max_channel_size": "16777216"
}
