{
    "graph_diameter": 0,
    "avg_out_degree": 9.245532245532246,
    "max_out_degree": 1112,
    "num_nodes": 3861,
    "num_channels": 35697,
    "total_network_capacity": "80905843366",
    "avg_channel_size": 2266460.581169286,
    "min_channel_size": "1100",
    "max_channel_size": "16777216"
}
