{
    "graph_diameter": 0,
    "avg_out_degree": 9.29328165374677,
    "max_out_degree": 1115,
    "num_nodes": 3870,
    "num_channels": 35965,
    "total_network_capacity": "81810676528",
    "avg_channel_size": 2274730.335826498,
    "min_channel_size": "1100",
    "max_channel_size": "16777216"
}
