{
    "graph_diameter": 0,
    "avg_out_degree": 9.291332470892627,
    "max_out_degree": 1114,
    "num_nodes": 3865,
    "num_channels": 35911,
    "total_network_capacity": "81572840897",
    "avg_channel_size": 2271527.9690624042,
    "min_channel_size": "1100",
    "max_channel_size": "16777216"
}
