{
    "graph_diameter": 0,
    "avg_out_degree": 9.310353730957914,
    "max_out_degree": 1115,
    "num_nodes": 3873,
    "num_channels": 36059,
    "total_network_capacity": "82002854627",
    "avg_channel_size": 2274130.0265398375,
    "min_channel_size": "1100",
    "max_channel_size": "16777216"
}
