{
    "graph_diameter": 0,
    "avg_out_degree": 9.31732507100439,
    "max_out_degree": 1115,
    "num_nodes": 3873,
    "num_channels": 36086,
    "total_network_capacity": "82166823701",
    "avg_channel_size": 2276972.3355594967,
    "min_channel_size": "1100",
    "max_channel_size": "16777216"
}
