{
    "graph_diameter": 0,
    "avg_out_degree": 9.242668050869453,
    "max_out_degree": 1111,
    "num_nodes": 3853,
    "num_channels": 35612,
    "total_network_capacity": "80693126009",
    "avg_channel_size": 2265897.057424464,
    "min_channel_size": "1100",
    "max_channel_size": "16777216"
}
