{
    "graph_diameter": 0,
    "avg_out_degree": 9.233843758110563,
    "max_out_degree": 1110,
    "num_nodes": 3853,
    "num_channels": 35578,
    "total_network_capacity": "80577507392",
    "avg_channel_size": 2264812.732362696,
    "min_channel_size": "1100",
    "max_channel_size": "16777216"
}
