{
    "graph_diameter": 0,
    "avg_out_degree": 9.281498588657943,
    "max_out_degree": 1106,
    "num_nodes": 3897,
    "num_channels": 36170,
    "total_network_capacity": "82328851523",
    "avg_channel_size": 2276163.990129942,
    "min_channel_size": "1100",
    "max_channel_size": "16777216"
}
