{
    "graph_diameter": 0,
    "avg_out_degree": 9.301033591731267,
    "max_out_degree": 1115,
    "num_nodes": 3870,
    "num_channels": 35995,
    "total_network_capacity": "81891858390",
    "avg_channel_size": 2275089.82886512,
    "min_channel_size": "1100",
    "max_channel_size": "16777216"
}
