{
    "graph_diameter": 0,
    "avg_out_degree": 9.23981313262393,
    "max_out_degree": 1111,
    "num_nodes": 3853,
    "num_channels": 35601,
    "total_network_capacity": "80640170126",
    "avg_channel_size": 2265109.6914693406,
    "min_channel_size": "1100",
    "max_channel_size": "16777216"
}
