{
    "graph_diameter": 0,
    "avg_out_degree": 9.308049535603715,
    "max_out_degree": 1115,
    "num_nodes": 3876,
    "num_channels": 36078,
    "total_network_capacity": "82128674348",
    "avg_channel_size": 2276419.822273962,
    "min_channel_size": "1100",
    "max_channel_size": "16777216"
}
