{
    "graph_diameter": 0,
    "avg_out_degree": 9.236958214378406,
    "max_out_degree": 1110,
    "num_nodes": 3853,
    "num_channels": 35590,
    "total_network_capacity": "80598189722",
    "avg_channel_size": 2264630.2254003934,
    "min_channel_size": "1100",
    "max_channel_size": "16777216"
}
