{
    "graph_diameter": 0,
    "avg_out_degree": 9.247214304223892,
    "max_out_degree": 1112,
    "num_nodes": 3859,
    "num_channels": 35685,
    "total_network_capacity": "80841191041",
    "avg_channel_size": 2265410.9861566485,
    "min_channel_size": "1100",
    "max_channel_size": "16777216"
}
