{
    "graph_diameter": 0,
    "avg_out_degree": 9.3015503875969,
    "max_out_degree": 1115,
    "num_nodes": 3870,
    "num_channels": 35997,
    "total_network_capacity": "81930545265",
    "avg_channel_size": 2276038.149429119,
    "min_channel_size": "1100",
    "max_channel_size": "16777216"
}
