{
    "graph_diameter": 0,
    "avg_out_degree": 9.139676113360323,
    "max_out_degree": 1106,
    "num_nodes": 3952,
    "num_channels": 36120,
    "total_network_capacity": "82317750513",
    "avg_channel_size": 2279007.4892857145,
    "min_channel_size": "1100",
    "max_channel_size": "16777216"
}
