{
    "graph_diameter": 0,
    "avg_out_degree": 9.299717005402623,
    "max_out_degree": 1106,
    "num_nodes": 3887,
    "num_channels": 36148,
    "total_network_capacity": "82326816580",
    "avg_channel_size": 2277492.9893770055,
    "min_channel_size": "1100",
    "max_channel_size": "16777216"
}
