{
    "graph_diameter": 0,
    "avg_out_degree": 9.251941998964266,
    "max_out_degree": 1112,
    "num_nodes": 3862,
    "num_channels": 35731,
    "total_network_capacity": "81018360775",
    "avg_channel_size": 2267452.9337270157,
    "min_channel_size": "1100",
    "max_channel_size": "16777216"
}
