{
    "graph_diameter": 0,
    "avg_out_degree": 9.25207039337474,
    "max_out_degree": 1113,
    "num_nodes": 3864,
    "num_channels": 35750,
    "total_network_capacity": "81048620649",
    "avg_channel_size": 2267094.283888112,
    "min_channel_size": "1100",
    "max_channel_size": "16777216"
}
