{
    "graph_diameter": 0,
    "avg_out_degree": 9.281573498964804,
    "max_out_degree": 1113,
    "num_nodes": 3864,
    "num_channels": 35864,
    "total_network_capacity": "81386242915",
    "avg_channel_size": 2269301.8881050637,
    "min_channel_size": "1100",
    "max_channel_size": "16777216"
}
