{
    "graph_diameter": 0,
    "avg_out_degree": 9.318616059901885,
    "max_out_degree": 1116,
    "num_nodes": 3873,
    "num_channels": 36091,
    "total_network_capacity": "82178956201",
    "avg_channel_size": 2276993.0509268236,
    "min_channel_size": "1100",
    "max_channel_size": "16777216"
}
