{
    "graph_diameter": 0,
    "avg_out_degree": 9.291073738680465,
    "max_out_degree": 1114,
    "num_nodes": 3865,
    "num_channels": 35910,
    "total_network_capacity": "81572590897",
    "avg_channel_size": 2271584.2633528267,
    "min_channel_size": "1100",
    "max_channel_size": "16777216"
}
