{
    "graph_diameter": 0,
    "avg_out_degree": 9.29095607235142,
    "max_out_degree": 1115,
    "num_nodes": 3870,
    "num_channels": 35956,
    "total_network_capacity": "81754422722",
    "avg_channel_size": 2273735.1964067193,
    "min_channel_size": "1100",
    "max_channel_size": "16777216"
}
