{
    "graph_diameter": 0,
    "avg_out_degree": 8.583378746594006,
    "max_out_degree": 1020,
    "num_nodes": 3670,
    "num_channels": 31501,
    "total_network_capacity": "73985070019",
    "avg_channel_size": 2348657.82098981,
    "min_channel_size": "1100",
    "max_channel_size": "16777216"
}
