{
    "graph_diameter": 0,
    "avg_out_degree": 8.590574775265596,
    "max_out_degree": 1019,
    "num_nodes": 3671,
    "num_channels": 31536,
    "total_network_capacity": "74035869760",
    "avg_channel_size": 2347662.029426687,
    "min_channel_size": "1100",
    "max_channel_size": "16777216"
}
