{
    "graph_diameter": 0,
    "avg_out_degree": 8.583424209378407,
    "max_out_degree": 1020,
    "num_nodes": 3668,
    "num_channels": 31484,
    "total_network_capacity": "73944177841",
    "avg_channel_size": 2348627.170658112,
    "min_channel_size": "1100",
    "max_channel_size": "16777216"
}
