{
    "graph_diameter": 0,
    "avg_out_degree": 8.581357318070319,
    "max_out_degree": 1020,
    "num_nodes": 3669,
    "num_channels": 31485,
    "total_network_capacity": "73941919912",
    "avg_channel_size": 2348480.861108464,
    "min_channel_size": "1100",
    "max_channel_size": "16777216"
}
