{
    "graph_diameter": 0,
    "avg_out_degree": 8.57904761904762,
    "max_out_degree": 1008,
    "num_nodes": 3675,
    "num_channels": 31528,
    "total_network_capacity": "74003709856",
    "avg_channel_size": 2347237.6889114436,
    "min_channel_size": "1100",
    "max_channel_size": "16777216"
}
