{
    "graph_diameter": 0,
    "avg_out_degree": 8.576419213973798,
    "max_out_degree": 1020,
    "num_nodes": 3664,
    "num_channels": 31424,
    "total_network_capacity": "73857988638",
    "avg_channel_size": 2350368.7830320774,
    "min_channel_size": "1100",
    "max_channel_size": "16777216"
}
