{
    "graph_diameter": 0,
    "avg_out_degree": 8.63070652173913,
    "max_out_degree": 1007,
    "num_nodes": 3680,
    "num_channels": 31761,
    "total_network_capacity": "74771300880",
    "avg_channel_size": 2354185.979030887,
    "min_channel_size": "1100",
    "max_channel_size": "16777216"
}
