{
    "graph_diameter": 0,
    "avg_out_degree": 8.59041394335512,
    "max_out_degree": 1019,
    "num_nodes": 3672,
    "num_channels": 31544,
    "total_network_capacity": "74046877630",
    "avg_channel_size": 2347415.5982120214,
    "min_channel_size": "1100",
    "max_channel_size": "16777216"
}
