{
    "graph_diameter": 0,
    "avg_out_degree": 8.648641304347827,
    "max_out_degree": 1007,
    "num_nodes": 3680,
    "num_channels": 31827,
    "total_network_capacity": "75044919896",
    "avg_channel_size": 2357901.1498413295,
    "min_channel_size": "1100",
    "max_channel_size": "16777216"
}
