{
    "graph_diameter": 0,
    "avg_out_degree": 8.592693565976008,
    "max_out_degree": 1020,
    "num_nodes": 3668,
    "num_channels": 31518,
    "total_network_capacity": "73998620998",
    "avg_channel_size": 2347820.959388286,
    "min_channel_size": "1100",
    "max_channel_size": "16777216"
}
