{
    "graph_diameter": 0,
    "avg_out_degree": 8.639500135832654,
    "max_out_degree": 1007,
    "num_nodes": 3681,
    "num_channels": 31802,
    "total_network_capacity": "74954277750",
    "avg_channel_size": 2356904.5264448775,
    "min_channel_size": "1100",
    "max_channel_size": "16777216"
}
