{
    "graph_diameter": 0,
    "avg_out_degree": 8.578660860097985,
    "max_out_degree": 1006,
    "num_nodes": 3674,
    "num_channels": 31518,
    "total_network_capacity": "73998697471",
    "avg_channel_size": 2347823.385716099,
    "min_channel_size": "1100",
    "max_channel_size": "16777216"
}
