{
    "graph_diameter": 0,
    "avg_out_degree": 8.574537540805222,
    "max_out_degree": 1006,
    "num_nodes": 3676,
    "num_channels": 31520,
    "total_network_capacity": "73999322922",
    "avg_channel_size": 2347694.255139594,
    "min_channel_size": "1100",
    "max_channel_size": "16777216"
}
