{
    "graph_diameter": 0,
    "avg_out_degree": 8.583923705722071,
    "max_out_degree": 1019,
    "num_nodes": 3670,
    "num_channels": 31503,
    "total_network_capacity": "73993596383",
    "avg_channel_size": 2348779.366504777,
    "min_channel_size": "1100",
    "max_channel_size": "16777216"
}
