{
    "graph_diameter": 0,
    "avg_out_degree": 8.59351145038168,
    "max_out_degree": 1019,
    "num_nodes": 3668,
    "num_channels": 31521,
    "total_network_capacity": "74024064691",
    "avg_channel_size": 2348404.704514451,
    "min_channel_size": "1100",
    "max_channel_size": "16777216"
}
