{
    "graph_diameter": 0,
    "avg_out_degree": 8.583651226158038,
    "max_out_degree": 1020,
    "num_nodes": 3670,
    "num_channels": 31502,
    "total_network_capacity": "73985170019",
    "avg_channel_size": 2348586.439559393,
    "min_channel_size": "1100",
    "max_channel_size": "16777216"
}
