{
    "graph_diameter": 0,
    "avg_out_degree": 8.646195652173914,
    "max_out_degree": 1006,
    "num_nodes": 3680,
    "num_channels": 31818,
    "total_network_capacity": "75046029457",
    "avg_channel_size": 2358602.9749512854,
    "min_channel_size": "1100",
    "max_channel_size": "16777216"
}
