{
    "graph_diameter": 0,
    "avg_out_degree": 8.641304347826088,
    "max_out_degree": 1007,
    "num_nodes": 3680,
    "num_channels": 31800,
    "total_network_capacity": "74949177750",
    "avg_channel_size": 2356892.382075472,
    "min_channel_size": "1100",
    "max_channel_size": "16777216"
}
