{
    "graph_diameter": 0,
    "avg_out_degree": 8.640935036694755,
    "max_out_degree": 1007,
    "num_nodes": 3679,
    "num_channels": 31790,
    "total_network_capacity": "74987310245",
    "avg_channel_size": 2358833.2886127713,
    "min_channel_size": "1100",
    "max_channel_size": "16777216"
}
