{
    "graph_diameter": 0,
    "avg_out_degree": 8.634411524870888,
    "max_out_degree": 1007,
    "num_nodes": 3679,
    "num_channels": 31766,
    "total_network_capacity": "74790111171",
    "avg_channel_size": 2354407.5795189827,
    "min_channel_size": "1100",
    "max_channel_size": "16777216"
}
