{
    "graph_diameter": 0,
    "avg_out_degree": 8.644915715062535,
    "max_out_degree": 1007,
    "num_nodes": 3678,
    "num_channels": 31796,
    "total_network_capacity": "75013053269",
    "avg_channel_size": 2359197.8006353,
    "min_channel_size": "1100",
    "max_channel_size": "16777216"
}
