{
    "graph_diameter": 0,
    "avg_out_degree": 8.588667937891582,
    "max_out_degree": 1019,
    "num_nodes": 3671,
    "num_channels": 31529,
    "total_network_capacity": "74030278290",
    "avg_channel_size": 2348005.9085286562,
    "min_channel_size": "1100",
    "max_channel_size": "16777216"
}
