{
    "graph_diameter": 0,
    "avg_out_degree": 8.64538043478261,
    "max_out_degree": 1006,
    "num_nodes": 3680,
    "num_channels": 31815,
    "total_network_capacity": "75045546979",
    "avg_channel_size": 2358810.214647179,
    "min_channel_size": "1100",
    "max_channel_size": "16777216"
}
