{
    "graph_diameter": 0,
    "avg_out_degree": 8.642022288665398,
    "max_out_degree": 1007,
    "num_nodes": 3679,
    "num_channels": 31794,
    "total_network_capacity": "74994310245",
    "avg_channel_size": 2358756.6913568596,
    "min_channel_size": "1100",
    "max_channel_size": "16777216"
}
