{
    "graph_diameter": 0,
    "avg_out_degree": 8.57508857999455,
    "max_out_degree": 1020,
    "num_nodes": 3669,
    "num_channels": 31462,
    "total_network_capacity": "73907424145",
    "avg_channel_size": 2349101.2696268517,
    "min_channel_size": "1100",
    "max_channel_size": "16777216"
}
