{
    "graph_diameter": 0,
    "avg_out_degree": 8.584468664850137,
    "max_out_degree": 1020,
    "num_nodes": 3670,
    "num_channels": 31505,
    "total_network_capacity": "73998870019",
    "avg_channel_size": 2348797.6517695603,
    "min_channel_size": "1100",
    "max_channel_size": "16777216"
}
