{
    "graph_diameter": 0,
    "avg_out_degree": 8.644468605599348,
    "max_out_degree": 1007,
    "num_nodes": 3679,
    "num_channels": 31803,
    "total_network_capacity": "75011001573",
    "avg_channel_size": 2358614.016696538,
    "min_channel_size": "1100",
    "max_channel_size": "16777216"
}
