{
    "graph_diameter": 0,
    "avg_out_degree": 8.582447533387844,
    "max_out_degree": 1020,
    "num_nodes": 3669,
    "num_channels": 31489,
    "total_network_capacity": "73966640117",
    "avg_channel_size": 2348967.5796944965,
    "min_channel_size": "1100",
    "max_channel_size": "16777216"
}
