{
    "graph_diameter": 0,
    "avg_out_degree": 8.632608695652173,
    "max_out_degree": 1007,
    "num_nodes": 3680,
    "num_channels": 31768,
    "total_network_capacity": "74791131171",
    "avg_channel_size": 2354291.462194661,
    "min_channel_size": "1100",
    "max_channel_size": "16777216"
}
