{
    "graph_diameter": 0,
    "avg_out_degree": 8.588075142934931,
    "max_out_degree": 1019,
    "num_nodes": 3673,
    "num_channels": 31544,
    "total_network_capacity": "74005014024",
    "avg_channel_size": 2346088.448643165,
    "min_channel_size": "1100",
    "max_channel_size": "16777216"
}
