{
    "graph_diameter": 0,
    "avg_out_degree": 8.645205107307797,
    "max_out_degree": 1006,
    "num_nodes": 3681,
    "num_channels": 31823,
    "total_network_capacity": "75027432174",
    "avg_channel_size": 2357647.9959149044,
    "min_channel_size": "1100",
    "max_channel_size": "16777216"
}
