{
    "graph_diameter": 0,
    "avg_out_degree": 8.577668577668577,
    "max_out_degree": 1020,
    "num_nodes": 3663,
    "num_channels": 31420,
    "total_network_capacity": "73853305079",
    "avg_channel_size": 2350518.9394971356,
    "min_channel_size": "1100",
    "max_channel_size": "16777216"
}
