{
    "graph_diameter": 0,
    "avg_out_degree": 8.592209207300463,
    "max_out_degree": 1019,
    "num_nodes": 3671,
    "num_channels": 31542,
    "total_network_capacity": "74004805511",
    "avg_channel_size": 2346230.597647581,
    "min_channel_size": "1100",
    "max_channel_size": "16777216"
}
