{
    "graph_diameter": 0,
    "avg_out_degree": 8.643031784841076,
    "max_out_degree": 1006,
    "num_nodes": 3681,
    "num_channels": 31815,
    "total_network_capacity": "75026341043",
    "avg_channel_size": 2358206.5391482003,
    "min_channel_size": "1100",
    "max_channel_size": "16777216"
}
