{
    "graph_diameter": 0,
    "avg_out_degree": 8.590624148269283,
    "max_out_degree": 1020,
    "num_nodes": 3669,
    "num_channels": 31519,
    "total_network_capacity": "74005212535",
    "avg_channel_size": 2347955.5993210445,
    "min_channel_size": "1100",
    "max_channel_size": "16777216"
}
