{
    "graph_diameter": 0,
    "avg_out_degree": 8.64256591465072,
    "max_out_degree": 1007,
    "num_nodes": 3679,
    "num_channels": 31796,
    "total_network_capacity": "75008260255",
    "avg_channel_size": 2359047.057963266,
    "min_channel_size": "1100",
    "max_channel_size": "16777216"
}
