{
    "graph_diameter": 0,
    "avg_out_degree": 8.59040087264794,
    "max_out_degree": 1020,
    "num_nodes": 3667,
    "num_channels": 31501,
    "total_network_capacity": "73978128630",
    "avg_channel_size": 2348437.4664296373,
    "min_channel_size": "1100",
    "max_channel_size": "16777216"
}
