{
    "graph_diameter": 0,
    "avg_out_degree": 8.641576086956523,
    "max_out_degree": 1007,
    "num_nodes": 3680,
    "num_channels": 31801,
    "total_network_capacity": "74954177750",
    "avg_channel_size": 2356975.496053583,
    "min_channel_size": "1100",
    "max_channel_size": "16777216"
}
