{
    "graph_diameter": 0,
    "avg_out_degree": 8.586535840828564,
    "max_out_degree": 1019,
    "num_nodes": 3669,
    "num_channels": 31504,
    "total_network_capacity": "73995716763",
    "avg_channel_size": 2348772.1166518535,
    "min_channel_size": "1100",
    "max_channel_size": "16777216"
}
