{
    "graph_diameter": 0,
    "avg_out_degree": 8.583696837513632,
    "max_out_degree": 1020,
    "num_nodes": 3668,
    "num_channels": 31485,
    "total_network_capacity": "73946718841",
    "avg_channel_size": 2348633.2806415753,
    "min_channel_size": "1100",
    "max_channel_size": "16777216"
}
