{
    "graph_diameter": 0,
    "avg_out_degree": 8.574931880108991,
    "max_out_degree": 1020,
    "num_nodes": 3670,
    "num_channels": 31470,
    "total_network_capacity": "73912762282",
    "avg_channel_size": 2348673.729965046,
    "min_channel_size": "1100",
    "max_channel_size": "16777216"
}
