{
    "graph_diameter": 0,
    "avg_out_degree": 8.58682634730539,
    "max_out_degree": 1014,
    "num_nodes": 3674,
    "num_channels": 31548,
    "total_network_capacity": "74058925605",
    "avg_channel_size": 2347499.8606884745,
    "min_channel_size": "1100",
    "max_channel_size": "16777216"
}
