{
    "graph_diameter": 0,
    "avg_out_degree": 8.588058887677208,
    "max_out_degree": 1019,
    "num_nodes": 3668,
    "num_channels": 31501,
    "total_network_capacity": "73993496059",
    "avg_channel_size": 2348925.305831561,
    "min_channel_size": "1100",
    "max_channel_size": "16777216"
}
