{
    "graph_diameter": 0,
    "avg_out_degree": 8.59198691741619,
    "max_out_degree": 1020,
    "num_nodes": 3669,
    "num_channels": 31524,
    "total_network_capacity": "74005825998",
    "avg_channel_size": 2347602.6518842787,
    "min_channel_size": "1100",
    "max_channel_size": "16777216"
}
