{
    "graph_diameter": 0,
    "avg_out_degree": 8.589855467684757,
    "max_out_degree": 1020,
    "num_nodes": 3667,
    "num_channels": 31499,
    "total_network_capacity": "73975128630",
    "avg_channel_size": 2348491.3371853074,
    "min_channel_size": "1100",
    "max_channel_size": "16777216"
}
