{
    "graph_diameter": 0,
    "avg_out_degree": 8.593077132733715,
    "max_out_degree": 1020,
    "num_nodes": 3669,
    "num_channels": 31528,
    "total_network_capacity": "74009062535",
    "avg_channel_size": 2347407.464317432,
    "min_channel_size": "1100",
    "max_channel_size": "16777216"
}
