{
    "graph_diameter": 0,
    "avg_out_degree": 8.57480957562568,
    "max_out_degree": 1006,
    "num_nodes": 3676,
    "num_channels": 31521,
    "total_network_capacity": "74016300137",
    "avg_channel_size": 2348158.3749563782,
    "min_channel_size": "1100",
    "max_channel_size": "16777216"
}
