{
    "graph_diameter": 0,
    "avg_out_degree": 8.570108695652173,
    "max_out_degree": 1006,
    "num_nodes": 3680,
    "num_channels": 31538,
    "total_network_capacity": "74061706204",
    "avg_channel_size": 2348332.3674297673,
    "min_channel_size": "1100",
    "max_channel_size": "16777216"
}
