{
    "graph_diameter": 0,
    "avg_out_degree": 8.585850340136055,
    "max_out_degree": 1014,
    "num_nodes": 3675,
    "num_channels": 31553,
    "total_network_capacity": "74071123677",
    "avg_channel_size": 2347514.4574842327,
    "min_channel_size": "1100",
    "max_channel_size": "16777216"
}
