{
    "graph_diameter": 0,
    "avg_out_degree": 8.57462482946794,
    "max_out_degree": 1022,
    "num_nodes": 3665,
    "num_channels": 31426,
    "total_network_capacity": "73886745323",
    "avg_channel_size": 2351134.2621714505,
    "min_channel_size": "1100",
    "max_channel_size": "16777216"
}
