{
    "graph_diameter": 0,
    "avg_out_degree": 8.568595490355882,
    "max_out_degree": 1007,
    "num_nodes": 3681,
    "num_channels": 31541,
    "total_network_capacity": "74098224543",
    "avg_channel_size": 2349266.812815066,
    "min_channel_size": "1100",
    "max_channel_size": "16777216"
}
