{
    "graph_diameter": 0,
    "avg_out_degree": 8.585173071681657,
    "max_out_degree": 1020,
    "num_nodes": 3669,
    "num_channels": 31499,
    "total_network_capacity": "73961870019",
    "avg_channel_size": 2348070.415537001,
    "min_channel_size": "1100",
    "max_channel_size": "16777216"
}
