{
    "graph_diameter": 0,
    "avg_out_degree": 8.573569482288828,
    "max_out_degree": 1020,
    "num_nodes": 3670,
    "num_channels": 31465,
    "total_network_capacity": "73908548546",
    "avg_channel_size": 2348913.0318131256,
    "min_channel_size": "1100",
    "max_channel_size": "16777216"
}
