{
    "graph_diameter": 0,
    "avg_out_degree": 8.592148309705562,
    "max_out_degree": 1020,
    "num_nodes": 3668,
    "num_channels": 31516,
    "total_network_capacity": "73993778623",
    "avg_channel_size": 2347816.3035600963,
    "min_channel_size": "1100",
    "max_channel_size": "16777216"
}
