{
    "graph_diameter": 0,
    "avg_out_degree": 8.571467391304347,
    "max_out_degree": 1006,
    "num_nodes": 3680,
    "num_channels": 31543,
    "total_network_capacity": "74058526651",
    "avg_channel_size": 2347859.3238119395,
    "min_channel_size": "1100",
    "max_channel_size": "16777216"
}
