{
    "graph_diameter": 0,
    "avg_out_degree": 8.569021739130434,
    "max_out_degree": 1006,
    "num_nodes": 3680,
    "num_channels": 31534,
    "total_network_capacity": "74029304749",
    "avg_channel_size": 2347602.7382824887,
    "min_channel_size": "1100",
    "max_channel_size": "16777216"
}
