{
    "graph_diameter": 0,
    "avg_out_degree": 8.575476839237057,
    "max_out_degree": 1020,
    "num_nodes": 3670,
    "num_channels": 31472,
    "total_network_capacity": "73915452282",
    "avg_channel_size": 2348609.947953737,
    "min_channel_size": "1100",
    "max_channel_size": "16777216"
}
