{
    "graph_diameter": 0,
    "avg_out_degree": 8.589436427988021,
    "max_out_degree": 1019,
    "num_nodes": 3673,
    "num_channels": 31549,
    "total_network_capacity": "74050147630",
    "avg_channel_size": 2347147.219563219,
    "min_channel_size": "1100",
    "max_channel_size": "16777216"
}
