{
    "graph_diameter": 0,
    "avg_out_degree": 8.568478260869565,
    "max_out_degree": 1006,
    "num_nodes": 3680,
    "num_channels": 31532,
    "total_network_capacity": "74028104749",
    "avg_channel_size": 2347713.584580743,
    "min_channel_size": "1100",
    "max_channel_size": "16777216"
}
