{
    "graph_diameter": 0,
    "avg_out_degree": 8.594108019639934,
    "max_out_degree": 1020,
    "num_nodes": 3666,
    "num_channels": 31506,
    "total_network_capacity": "73985928630",
    "avg_channel_size": 2348312.34145877,
    "min_channel_size": "1100",
    "max_channel_size": "16777216"
}
