{
    "graph_diameter": 0,
    "avg_out_degree": 8.589212748569873,
    "max_out_degree": 1019,
    "num_nodes": 3671,
    "num_channels": 31531,
    "total_network_capacity": "74032428290",
    "avg_channel_size": 2347925.162221306,
    "min_channel_size": "1100",
    "max_channel_size": "16777216"
}
