{
    "graph_diameter": 0,
    "avg_out_degree": 8.57205002718869,
    "max_out_degree": 1007,
    "num_nodes": 3678,
    "num_channels": 31528,
    "total_network_capacity": "74030706303",
    "avg_channel_size": 2348093.957846993,
    "min_channel_size": "1100",
    "max_channel_size": "16777216"
}
