{
    "graph_diameter": 0,
    "avg_out_degree": 8.576294277929156,
    "max_out_degree": 1020,
    "num_nodes": 3670,
    "num_channels": 31475,
    "total_network_capacity": "73922052282",
    "avg_channel_size": 2348595.7833836377,
    "min_channel_size": "1100",
    "max_channel_size": "16777216"
}
