{
    "graph_diameter": 0,
    "avg_out_degree": 8.620342670655425,
    "max_out_degree": 1007,
    "num_nodes": 3677,
    "num_channels": 31697,
    "total_network_capacity": "74546607792",
    "avg_channel_size": 2351850.578666751,
    "min_channel_size": "1100",
    "max_channel_size": "16777216"
}
