{
    "graph_diameter": 0,
    "avg_out_degree": 8.646739130434783,
    "max_out_degree": 1007,
    "num_nodes": 3680,
    "num_channels": 31820,
    "total_network_capacity": "75018345869",
    "avg_channel_size": 2357584.7224701447,
    "min_channel_size": "1100",
    "max_channel_size": "16777216"
}
