{
    "graph_diameter": 0,
    "avg_out_degree": 8.593349686563096,
    "max_out_degree": 1020,
    "num_nodes": 3669,
    "num_channels": 31529,
    "total_network_capacity": "74016112535",
    "avg_channel_size": 2347556.6156554283,
    "min_channel_size": "1100",
    "max_channel_size": "16777216"
}
