{
    "graph_diameter": 0,
    "avg_out_degree": 8.589980942009257,
    "max_out_degree": 1019,
    "num_nodes": 3673,
    "num_channels": 31551,
    "total_network_capacity": "74056068454",
    "avg_channel_size": 2347186.0940699186,
    "min_channel_size": "1100",
    "max_channel_size": "16777216"
}
