{
    "graph_diameter": 0,
    "avg_out_degree": 8.589869281045752,
    "max_out_degree": 1019,
    "num_nodes": 3672,
    "num_channels": 31542,
    "total_network_capacity": "74010130511",
    "avg_channel_size": 2346399.4201699323,
    "min_channel_size": "1100",
    "max_channel_size": "16777216"
}
