{
    "graph_diameter": 0,
    "avg_out_degree": 8.593835242771412,
    "max_out_degree": 1020,
    "num_nodes": 3666,
    "num_channels": 31505,
    "total_network_capacity": "73984428630",
    "avg_channel_size": 2348339.26773528,
    "min_channel_size": "1100",
    "max_channel_size": "16777216"
}
