{
    "graph_diameter": 0,
    "avg_out_degree": 8.586808394657945,
    "max_out_degree": 1019,
    "num_nodes": 3669,
    "num_channels": 31505,
    "total_network_capacity": "73996113344",
    "avg_channel_size": 2348710.152166323,
    "min_channel_size": "1100",
    "max_channel_size": "16777216"
}
