{
    "graph_diameter": 0,
    "avg_out_degree": 8.648817613481924,
    "max_out_degree": 1006,
    "num_nodes": 3679,
    "num_channels": 31819,
    "total_network_capacity": "75010715868",
    "avg_channel_size": 2357419.022219429,
    "min_channel_size": "1100",
    "max_channel_size": "16777216"
}
