{
    "graph_diameter": 0,
    "avg_out_degree": 7.874086956521739,
    "max_out_degree": 959,
    "num_nodes": 2875,
    "num_channels": 22638,
    "total_network_capacity": "62851867132",
    "avg_channel_size": 2776387.8051064583,
    "min_channel_size": "1100",
    "max_channel_size": "16777216"
}
