{
    "graph_diameter": 0,
    "avg_out_degree": 7.880222841225627,
    "max_out_degree": 959,
    "num_nodes": 2872,
    "num_channels": 22632,
    "total_network_capacity": "62849050492",
    "avg_channel_size": 2776999.403145988,
    "min_channel_size": "1100",
    "max_channel_size": "16777216"
}
