{
    "graph_diameter": 0,
    "avg_out_degree": 7.887769284225157,
    "max_out_degree": 970,
    "num_nodes": 2878,
    "num_channels": 22701,
    "total_network_capacity": "63033395168",
    "avg_channel_size": 2776679.2285802388,
    "min_channel_size": "1100",
    "max_channel_size": "16777216"
}
