{
    "graph_diameter": 0,
    "avg_out_degree": 7.870473537604457,
    "max_out_degree": 959,
    "num_nodes": 2872,
    "num_channels": 22604,
    "total_network_capacity": "62657231645",
    "avg_channel_size": 2771953.266899664,
    "min_channel_size": "1100",
    "max_channel_size": "16777216"
}
