{
    "graph_diameter": 0,
    "avg_out_degree": 7.899722414989591,
    "max_out_degree": 973,
    "num_nodes": 2882,
    "num_channels": 22767,
    "total_network_capacity": "63099631002",
    "avg_channel_size": 2771539.113717222,
    "min_channel_size": "1100",
    "max_channel_size": "16777216"
}
