{
    "graph_diameter": 0,
    "avg_out_degree": 7.8765217391304345,
    "max_out_degree": 959,
    "num_nodes": 2875,
    "num_channels": 22645,
    "total_network_capacity": "62895321321",
    "avg_channel_size": 2777448.5017001545,
    "min_channel_size": "1100",
    "max_channel_size": "16777216"
}
