{
    "graph_diameter": 0,
    "avg_out_degree": 7.919819507115585,
    "max_out_degree": 974,
    "num_nodes": 2881,
    "num_channels": 22817,
    "total_network_capacity": "63148870514",
    "avg_channel_size": 2767623.7241530437,
    "min_channel_size": "1100",
    "max_channel_size": "16777216"
}
