{
    "graph_diameter": 0,
    "avg_out_degree": 7.909847434119278,
    "max_out_degree": 973,
    "num_nodes": 2884,
    "num_channels": 22812,
    "total_network_capacity": "63124004748",
    "avg_channel_size": 2767140.309836928,
    "min_channel_size": "1100",
    "max_channel_size": "16777216"
}
