{
    "graph_diameter": 0,
    "avg_out_degree": 7.887186629526463,
    "max_out_degree": 958,
    "num_nodes": 2872,
    "num_channels": 22652,
    "total_network_capacity": "62977195550",
    "avg_channel_size": 2780204.6419742187,
    "min_channel_size": "1100",
    "max_channel_size": "16777216"
}
