{
    "graph_diameter": 0,
    "avg_out_degree": 7.883437717466945,
    "max_out_degree": 958,
    "num_nodes": 2874,
    "num_channels": 22657,
    "total_network_capacity": "62979795550",
    "avg_channel_size": 2779705.854702741,
    "min_channel_size": "1100",
    "max_channel_size": "16777216"
}
