{
    "graph_diameter": 0,
    "avg_out_degree": 7.8816979819067505,
    "max_out_degree": 958,
    "num_nodes": 2874,
    "num_channels": 22652,
    "total_network_capacity": "62964898613",
    "avg_channel_size": 2779661.77878333,
    "min_channel_size": "1100",
    "max_channel_size": "16777216"
}
