{
    "graph_diameter": 0,
    "avg_out_degree": 7.882864094542927,
    "max_out_degree": 969,
    "num_nodes": 2877,
    "num_channels": 22679,
    "total_network_capacity": "62883105286",
    "avg_channel_size": 2772745.9449711186,
    "min_channel_size": "1100",
    "max_channel_size": "16777216"
}
