{
    "graph_diameter": 0,
    "avg_out_degree": 7.912772585669782,
    "max_out_degree": 974,
    "num_nodes": 2889,
    "num_channels": 22860,
    "total_network_capacity": "63132776305",
    "avg_channel_size": 2761713.7491251095,
    "min_channel_size": "1100",
    "max_channel_size": "16777216"
}
