{
    "graph_diameter": 0,
    "avg_out_degree": 7.8272539573296624,
    "max_out_degree": 969,
    "num_nodes": 2906,
    "num_channels": 22746,
    "total_network_capacity": "63008447780",
    "avg_channel_size": 2770089.1488613384,
    "min_channel_size": "1100",
    "max_channel_size": "16777216"
}
