{
    "graph_diameter": 0,
    "avg_out_degree": 7.885644768856448,
    "max_out_degree": 969,
    "num_nodes": 2877,
    "num_channels": 22687,
    "total_network_capacity": "63005488004",
    "avg_channel_size": 2777162.604310839,
    "min_channel_size": "1100",
    "max_channel_size": "16777216"
}
