{
    "graph_diameter": 0,
    "avg_out_degree": 7.920166608816383,
    "max_out_degree": 974,
    "num_nodes": 2881,
    "num_channels": 22818,
    "total_network_capacity": "63156815611",
    "avg_channel_size": 2767850.6271802965,
    "min_channel_size": "1100",
    "max_channel_size": "16777216"
}
