{
    "graph_diameter": 0,
    "avg_out_degree": 7.886877828054299,
    "max_out_degree": 958,
    "num_nodes": 2873,
    "num_channels": 22659,
    "total_network_capacity": "62996590904",
    "avg_channel_size": 2780201.7257601838,
    "min_channel_size": "1100",
    "max_channel_size": "16777216"
}
