{
    "graph_diameter": 0,
    "avg_out_degree": 7.906380027739251,
    "max_out_degree": 973,
    "num_nodes": 2884,
    "num_channels": 22802,
    "total_network_capacity": "63126536748",
    "avg_channel_size": 2768464.90430664,
    "min_channel_size": "1100",
    "max_channel_size": "16777216"
}
