{
    "graph_diameter": 0,
    "avg_out_degree": 7.90003471017008,
    "max_out_degree": 974,
    "num_nodes": 2881,
    "num_channels": 22760,
    "total_network_capacity": "63101152646",
    "avg_channel_size": 2772458.376362039,
    "min_channel_size": "1100",
    "max_channel_size": "16777216"
}
