{
    "graph_diameter": 0,
    "avg_out_degree": 7.8888502952414035,
    "max_out_degree": 971,
    "num_nodes": 2879,
    "num_channels": 22712,
    "total_network_capacity": "63047478244",
    "avg_channel_size": 2775954.4841493485,
    "min_channel_size": "1100",
    "max_channel_size": "16777216"
}
