{
    "graph_diameter": 0,
    "avg_out_degree": 7.876869565217391,
    "max_out_degree": 959,
    "num_nodes": 2875,
    "num_channels": 22646,
    "total_network_capacity": "62941066444",
    "avg_channel_size": 2779345.8643469047,
    "min_channel_size": "1100",
    "max_channel_size": "16777216"
}
