{
    "graph_diameter": 0,
    "avg_out_degree": 7.878956521739131,
    "max_out_degree": 959,
    "num_nodes": 2875,
    "num_channels": 22652,
    "total_network_capacity": "62964336663",
    "avg_channel_size": 2779636.9708193536,
    "min_channel_size": "1100",
    "max_channel_size": "16777216"
}
