{
    "graph_diameter": 0,
    "avg_out_degree": 7.872044506258693,
    "max_out_degree": 959,
    "num_nodes": 2876,
    "num_channels": 22640,
    "total_network_capacity": "62852567132",
    "avg_channel_size": 2776173.459893993,
    "min_channel_size": "1100",
    "max_channel_size": "16777216"
}
