{
    "graph_diameter": 0,
    "avg_out_degree": 7.870396108408617,
    "max_out_degree": 958,
    "num_nodes": 2878,
    "num_channels": 22651,
    "total_network_capacity": "62964960306",
    "avg_channel_size": 2779787.2193722134,
    "min_channel_size": "1100",
    "max_channel_size": "16777216"
}
