{
    "graph_diameter": 0,
    "avg_out_degree": 7.883089770354906,
    "max_out_degree": 958,
    "num_nodes": 2874,
    "num_channels": 22656,
    "total_network_capacity": "62968384857",
    "avg_channel_size": 2779324.8965836866,
    "min_channel_size": "1100",
    "max_channel_size": "16777216"
}
