{
    "graph_diameter": 0,
    "avg_out_degree": 7.9112036073534515,
    "max_out_degree": 974,
    "num_nodes": 2883,
    "num_channels": 22808,
    "total_network_capacity": "63131447986",
    "avg_channel_size": 2767951.946071554,
    "min_channel_size": "1100",
    "max_channel_size": "16777216"
}
