{
    "graph_diameter": 0,
    "avg_out_degree": 7.88915913829048,
    "max_out_degree": 970,
    "num_nodes": 2878,
    "num_channels": 22705,
    "total_network_capacity": "63033978306",
    "avg_channel_size": 2776215.7368861483,
    "min_channel_size": "1100",
    "max_channel_size": "16777216"
}
