{
    "graph_diameter": 0,
    "avg_out_degree": 7.874913134120917,
    "max_out_degree": 958,
    "num_nodes": 2878,
    "num_channels": 22664,
    "total_network_capacity": "62965905145",
    "avg_channel_size": 2778234.4310360043,
    "min_channel_size": "1100",
    "max_channel_size": "16777216"
}
