{
    "graph_diameter": 0,
    "avg_out_degree": 7.918197573656846,
    "max_out_degree": 974,
    "num_nodes": 2885,
    "num_channels": 22844,
    "total_network_capacity": "63169794947",
    "avg_channel_size": 2765268.5583523028,
    "min_channel_size": "1100",
    "max_channel_size": "16777216"
}
