{
    "graph_diameter": 0,
    "avg_out_degree": 7.911734164070612,
    "max_out_degree": 974,
    "num_nodes": 2889,
    "num_channels": 22857,
    "total_network_capacity": "63126982783",
    "avg_channel_size": 2761822.7581484886,
    "min_channel_size": "1100",
    "max_channel_size": "16777216"
}
