{
    "graph_diameter": 0,
    "avg_out_degree": 7.912244190079778,
    "max_out_degree": 974,
    "num_nodes": 2883,
    "num_channels": 22811,
    "total_network_capacity": "63132297986",
    "avg_channel_size": 2767625.1802200694,
    "min_channel_size": "1100",
    "max_channel_size": "16777216"
}
