{
    "graph_diameter": 0,
    "avg_out_degree": 7.876740947075209,
    "max_out_degree": 959,
    "num_nodes": 2872,
    "num_channels": 22622,
    "total_network_capacity": "62802436645",
    "avg_channel_size": 2776166.415215277,
    "min_channel_size": "1100",
    "max_channel_size": "16777216"
}
