{
    "graph_diameter": 0,
    "avg_out_degree": 7.814373297002724,
    "max_out_degree": 974,
    "num_nodes": 2936,
    "num_channels": 22943,
    "total_network_capacity": "63195260372",
    "avg_channel_size": 2754446.252538901,
    "min_channel_size": "1100",
    "max_channel_size": "16777216"
}
