{
    "graph_diameter": 0,
    "avg_out_degree": 7.878133704735376,
    "max_out_degree": 959,
    "num_nodes": 2872,
    "num_channels": 22626,
    "total_network_capacity": "62829486118",
    "avg_channel_size": 2776871.126933616,
    "min_channel_size": "1100",
    "max_channel_size": "16777216"
}
