{
    "graph_diameter": 0,
    "avg_out_degree": 7.879304347826087,
    "max_out_degree": 958,
    "num_nodes": 2875,
    "num_channels": 22653,
    "total_network_capacity": "62965504954",
    "avg_channel_size": 2779565.839138304,
    "min_channel_size": "1100",
    "max_channel_size": "16777216"
}
