{
    "graph_diameter": 0,
    "avg_out_degree": 7.851608439986164,
    "max_out_degree": 963,
    "num_nodes": 2891,
    "num_channels": 22699,
    "total_network_capacity": "62991806586",
    "avg_channel_size": 2775091.7038636063,
    "min_channel_size": "1100",
    "max_channel_size": "16777216"
}
