{
    "graph_diameter": 0,
    "avg_out_degree": 7.90499306518724,
    "max_out_degree": 973,
    "num_nodes": 2884,
    "num_channels": 22798,
    "total_network_capacity": "63125386748",
    "avg_channel_size": 2768900.1994911833,
    "min_channel_size": "1100",
    "max_channel_size": "16777216"
}
