{
    "graph_diameter": 0,
    "avg_out_degree": 7.906726768377254,
    "max_out_degree": 973,
    "num_nodes": 2884,
    "num_channels": 22803,
    "total_network_capacity": "63126836748",
    "avg_channel_size": 2768356.6525457175,
    "min_channel_size": "1100",
    "max_channel_size": "16777216"
}
