{
    "graph_diameter": 0,
    "avg_out_degree": 7.902878945542837,
    "max_out_degree": 973,
    "num_nodes": 2883,
    "num_channels": 22784,
    "total_network_capacity": "63095075767",
    "avg_channel_size": 2769271.2327510533,
    "min_channel_size": "1100",
    "max_channel_size": "16777216"
}
