{
    "graph_diameter": 0,
    "avg_out_degree": 7.832527624309392,
    "max_out_degree": 967,
    "num_nodes": 2896,
    "num_channels": 22683,
    "total_network_capacity": "63017965198",
    "avg_channel_size": 2778202.407000838,
    "min_channel_size": "1100",
    "max_channel_size": "16777216"
}
