{
    "graph_diameter": 0,
    "avg_out_degree": 7.909816163718349,
    "max_out_degree": 973,
    "num_nodes": 2883,
    "num_channels": 22804,
    "total_network_capacity": "63122697986",
    "avg_channel_size": 2768053.76188388,
    "min_channel_size": "1100",
    "max_channel_size": "16777216"
}
