{
    "graph_diameter": 0,
    "avg_out_degree": 7.824905400756794,
    "max_out_degree": 969,
    "num_nodes": 2907,
    "num_channels": 22747,
    "total_network_capacity": "63009143098",
    "avg_channel_size": 2769997.9381017275,
    "min_channel_size": "1100",
    "max_channel_size": "16777216"
}
