{
    "graph_diameter": 0,
    "avg_out_degree": 7.887652173913043,
    "max_out_degree": 958,
    "num_nodes": 2875,
    "num_channels": 22677,
    "total_network_capacity": "63018543098",
    "avg_channel_size": 2778962.9623847953,
    "min_channel_size": "1100",
    "max_channel_size": "16777216"
}
