{
    "graph_diameter": 0,
    "avg_out_degree": 7.905208333333333,
    "max_out_degree": 973,
    "num_nodes": 2880,
    "num_channels": 22767,
    "total_network_capacity": "63099839129",
    "avg_channel_size": 2771548.255325691,
    "min_channel_size": "1100",
    "max_channel_size": "16777216"
}
