{
    "graph_diameter": 0,
    "avg_out_degree": 7.897533865925668,
    "max_out_degree": 973,
    "num_nodes": 2879,
    "num_channels": 22737,
    "total_network_capacity": "63095493499",
    "avg_channel_size": 2775014.007960593,
    "min_channel_size": "1100",
    "max_channel_size": "16777216"
}
