{
    "graph_diameter": 0,
    "avg_out_degree": 7.904299583911234,
    "max_out_degree": 973,
    "num_nodes": 2884,
    "num_channels": 22796,
    "total_network_capacity": "63107115767",
    "avg_channel_size": 2768341.6286629234,
    "min_channel_size": "1100",
    "max_channel_size": "16777216"
}
