{
    "graph_diameter": 0,
    "avg_out_degree": 7.885217391304348,
    "max_out_degree": 958,
    "num_nodes": 2875,
    "num_channels": 22670,
    "total_network_capacity": "63004080347",
    "avg_channel_size": 2779183.076621085,
    "min_channel_size": "1100",
    "max_channel_size": "16777216"
}
