{
    "graph_diameter": 0,
    "avg_out_degree": 7.885873347251218,
    "max_out_degree": 958,
    "num_nodes": 2874,
    "num_channels": 22664,
    "total_network_capacity": "62987880347",
    "avg_channel_size": 2779204.0393134486,
    "min_channel_size": "1100",
    "max_channel_size": "16777216"
}
