{
    "graph_diameter": 0,
    "avg_out_degree": 7.840814917127072,
    "max_out_degree": 963,
    "num_nodes": 2896,
    "num_channels": 22707,
    "total_network_capacity": "63010594046",
    "avg_channel_size": 2774941.3857400804,
    "min_channel_size": "1100",
    "max_channel_size": "16777216"
}
