{
    "graph_diameter": 0,
    "avg_out_degree": 7.889700765483647,
    "max_out_degree": 958,
    "num_nodes": 2874,
    "num_channels": 22675,
    "total_network_capacity": "63015469229",
    "avg_channel_size": 2779072.512855568,
    "min_channel_size": "1100",
    "max_channel_size": "16777216"
}
