{
    "graph_diameter": 0,
    "avg_out_degree": 7.882209867963864,
    "max_out_degree": 969,
    "num_nodes": 2878,
    "num_channels": 22685,
    "total_network_capacity": "62890985047",
    "avg_channel_size": 2772359.9315406657,
    "min_channel_size": "1100",
    "max_channel_size": "16777216"
}
