{
    "graph_diameter": 0,
    "avg_out_degree": 7.905339805825243,
    "max_out_degree": 973,
    "num_nodes": 2884,
    "num_channels": 22799,
    "total_network_capacity": "63125636748",
    "avg_channel_size": 2768789.716566516,
    "min_channel_size": "1100",
    "max_channel_size": "16777216"
}
