{
    "graph_diameter": 0,
    "avg_out_degree": 7.897604998264492,
    "max_out_degree": 974,
    "num_nodes": 2881,
    "num_channels": 22753,
    "total_network_capacity": "63099052646",
    "avg_channel_size": 2773219.0324792336,
    "min_channel_size": "1100",
    "max_channel_size": "16777216"
}
