{
    "graph_diameter": 0,
    "avg_out_degree": 7.840124309392265,
    "max_out_degree": 963,
    "num_nodes": 2896,
    "num_channels": 22705,
    "total_network_capacity": "63006094046",
    "avg_channel_size": 2774987.6258973796,
    "min_channel_size": "1100",
    "max_channel_size": "16777216"
}
