{
    "graph_diameter": 0,
    "avg_out_degree": 7.909122441900798,
    "max_out_degree": 973,
    "num_nodes": 2883,
    "num_channels": 22802,
    "total_network_capacity": "63121836748",
    "avg_channel_size": 2768258.7820366635,
    "min_channel_size": "1100",
    "max_channel_size": "16777216"
}
