{
    "graph_diameter": 0,
    "avg_out_degree": 7.827598072952512,
    "max_out_degree": 969,
    "num_nodes": 2906,
    "num_channels": 22747,
    "total_network_capacity": "63010947780",
    "avg_channel_size": 2770077.275245087,
    "min_channel_size": "1100",
    "max_channel_size": "16777216"
}
