{
    "graph_diameter": 0,
    "avg_out_degree": 7.886529759832928,
    "max_out_degree": 958,
    "num_nodes": 2873,
    "num_channels": 22658,
    "total_network_capacity": "62994490904",
    "avg_channel_size": 2780231.7461382295,
    "min_channel_size": "1100",
    "max_channel_size": "16777216"
}
