{
    "graph_diameter": 0,
    "avg_out_degree": 7.879652173913043,
    "max_out_degree": 958,
    "num_nodes": 2875,
    "num_channels": 22654,
    "total_network_capacity": "62965846936",
    "avg_channel_size": 2779458.2385450695,
    "min_channel_size": "1100",
    "max_channel_size": "16777216"
}
