{
    "graph_diameter": 0,
    "avg_out_degree": 7.906629642485248,
    "max_out_degree": 973,
    "num_nodes": 2881,
    "num_channels": 22779,
    "total_network_capacity": "63094325767",
    "avg_channel_size": 2769846.1638790113,
    "min_channel_size": "1100",
    "max_channel_size": "16777216"
}
