{
    "graph_diameter": 0,
    "avg_out_degree": 7.882086956521739,
    "max_out_degree": 958,
    "num_nodes": 2875,
    "num_channels": 22661,
    "total_network_capacity": "62992676129",
    "avg_channel_size": 2779783.5986496625,
    "min_channel_size": "1100",
    "max_channel_size": "16777216"
}
