{
    "graph_diameter": 0,
    "avg_out_degree": 7.896910794862895,
    "max_out_degree": 974,
    "num_nodes": 2881,
    "num_channels": 22751,
    "total_network_capacity": "63113952646",
    "avg_channel_size": 2774117.7375060436,
    "min_channel_size": "1100",
    "max_channel_size": "16777216"
}
