{
    "graph_diameter": 0,
    "avg_out_degree": 7.826221610461115,
    "max_out_degree": 968,
    "num_nodes": 2906,
    "num_channels": 22743,
    "total_network_capacity": "63009067772",
    "avg_channel_size": 2770481.808556479,
    "min_channel_size": "1100",
    "max_channel_size": "16777216"
}
