{
    "graph_diameter": 0,
    "avg_out_degree": 7.8787352328005555,
    "max_out_degree": 969,
    "num_nodes": 2878,
    "num_channels": 22675,
    "total_network_capacity": "62868226852",
    "avg_channel_size": 2772578.912987872,
    "min_channel_size": "1100",
    "max_channel_size": "16777216"
}
