{
    "graph_diameter": 0,
    "avg_out_degree": 7.870125348189415,
    "max_out_degree": 959,
    "num_nodes": 2872,
    "num_channels": 22603,
    "total_network_capacity": "62656231645",
    "avg_channel_size": 2772031.66150511,
    "min_channel_size": "1100",
    "max_channel_size": "16777216"
}
