{
    "graph_diameter": 0,
    "avg_out_degree": 9.936299292214358,
    "max_out_degree": 1161,
    "num_nodes": 3956,
    "num_channels": 39308,
    "total_network_capacity": "107017330736",
    "avg_channel_size": 2722533.090872087,
    "min_channel_size": "1100",
    "max_channel_size": "16777216"
}
