{
    "graph_diameter": 0,
    "avg_out_degree": 9.955465587044534,
    "max_out_degree": 1163,
    "num_nodes": 3952,
    "num_channels": 39344,
    "total_network_capacity": "106665969868",
    "avg_channel_size": 2711111.474888166,
    "min_channel_size": "1100",
    "max_channel_size": "16777216"
}
