{
    "graph_diameter": 0,
    "avg_out_degree": 9.957995951417004,
    "max_out_degree": 1163,
    "num_nodes": 3952,
    "num_channels": 39354,
    "total_network_capacity": "106698652461",
    "avg_channel_size": 2711253.048254307,
    "min_channel_size": "1100",
    "max_channel_size": "16777216"
}
