{
    "graph_diameter": 0,
    "avg_out_degree": 9.946848899012908,
    "max_out_degree": 1161,
    "num_nodes": 3951,
    "num_channels": 39300,
    "total_network_capacity": "106738254669",
    "avg_channel_size": 2715986.1238931296,
    "min_channel_size": "1100",
    "max_channel_size": "16777216"
}
