{
    "graph_diameter": 0,
    "avg_out_degree": 9.946875790538831,
    "max_out_degree": 1161,
    "num_nodes": 3953,
    "num_channels": 39320,
    "total_network_capacity": "107041386844",
    "avg_channel_size": 2722314.0092573753,
    "min_channel_size": "1100",
    "max_channel_size": "16777216"
}
