{
    "graph_diameter": 0,
    "avg_out_degree": 9.959008097165992,
    "max_out_degree": 1163,
    "num_nodes": 3952,
    "num_channels": 39358,
    "total_network_capacity": "106707853024",
    "avg_channel_size": 2711211.2664261395,
    "min_channel_size": "1100",
    "max_channel_size": "16777216"
}
