{
    "graph_diameter": 0,
    "avg_out_degree": 9.952393010888832,
    "max_out_degree": 1160,
    "num_nodes": 3949,
    "num_channels": 39302,
    "total_network_capacity": "106840975783",
    "avg_channel_size": 2718461.5485980357,
    "min_channel_size": "1100",
    "max_channel_size": "16777216"
}
