{
    "graph_diameter": 0,
    "avg_out_degree": 9.946383409205868,
    "max_out_degree": 1163,
    "num_nodes": 3954,
    "num_channels": 39328,
    "total_network_capacity": "106911498005",
    "avg_channel_size": 2718457.53674227,
    "min_channel_size": "1100",
    "max_channel_size": "16777216"
}
