{
    "graph_diameter": 0,
    "avg_out_degree": 9.95039230574538,
    "max_out_degree": 1162,
    "num_nodes": 3951,
    "num_channels": 39314,
    "total_network_capacity": "106723368159",
    "avg_channel_size": 2714640.2848603553,
    "min_channel_size": "1100",
    "max_channel_size": "16777216"
}
