{
    "graph_diameter": 0,
    "avg_out_degree": 9.946848899012908,
    "max_out_degree": 1160,
    "num_nodes": 3951,
    "num_channels": 39300,
    "total_network_capacity": "106916605469",
    "avg_channel_size": 2720524.312188295,
    "min_channel_size": "1100",
    "max_channel_size": "16777216"
}
