{
    "graph_diameter": 0,
    "avg_out_degree": 9.94331983805668,
    "max_out_degree": 1160,
    "num_nodes": 3952,
    "num_channels": 39296,
    "total_network_capacity": "106934203434",
    "avg_channel_size": 2721249.06947272,
    "min_channel_size": "1100",
    "max_channel_size": "16777216"
}
