{
    "graph_diameter": 0,
    "avg_out_degree": 9.953453073614975,
    "max_out_degree": 1162,
    "num_nodes": 3953,
    "num_channels": 39346,
    "total_network_capacity": "107150366187",
    "avg_channel_size": 2723284.862171504,
    "min_channel_size": "1100",
    "max_channel_size": "16777216"
}
