{
    "graph_diameter": 0,
    "avg_out_degree": 9.947634707816848,
    "max_out_degree": 1161,
    "num_nodes": 3953,
    "num_channels": 39323,
    "total_network_capacity": "107041986844",
    "avg_channel_size": 2722121.578821555,
    "min_channel_size": "1100",
    "max_channel_size": "16777216"
}
