{
    "graph_diameter": 0,
    "avg_out_degree": 9.949633004302708,
    "max_out_degree": 1162,
    "num_nodes": 3951,
    "num_channels": 39311,
    "total_network_capacity": "106702645185",
    "avg_channel_size": 2714320.2967362823,
    "min_channel_size": "1100",
    "max_channel_size": "16777216"
}
