{
    "graph_diameter": 0,
    "avg_out_degree": 9.954464963318998,
    "max_out_degree": 1162,
    "num_nodes": 3953,
    "num_channels": 39350,
    "total_network_capacity": "107148389173",
    "avg_channel_size": 2722957.7934688693,
    "min_channel_size": "1100",
    "max_channel_size": "16777216"
}
