{
    "graph_diameter": 0,
    "avg_out_degree": 9.95039230574538,
    "max_out_degree": 1162,
    "num_nodes": 3951,
    "num_channels": 39314,
    "total_network_capacity": "106717947021",
    "avg_channel_size": 2714502.3915399094,
    "min_channel_size": "1100",
    "max_channel_size": "16777216"
}
