{
    "graph_diameter": 0,
    "avg_out_degree": 9.953959018466987,
    "max_out_degree": 1162,
    "num_nodes": 3953,
    "num_channels": 39348,
    "total_network_capacity": "107150866187",
    "avg_channel_size": 2723159.148800447,
    "min_channel_size": "1100",
    "max_channel_size": "16777216"
}
