{
    "graph_diameter": 0,
    "avg_out_degree": 9.948873702860036,
    "max_out_degree": 1161,
    "num_nodes": 3951,
    "num_channels": 39308,
    "total_network_capacity": "106938157941",
    "avg_channel_size": 2720518.925943828,
    "min_channel_size": "1100",
    "max_channel_size": "16777216"
}
