{
    "graph_diameter": 0,
    "avg_out_degree": 9.93653603034134,
    "max_out_degree": 1161,
    "num_nodes": 3955,
    "num_channels": 39299,
    "total_network_capacity": "106913476796",
    "avg_channel_size": 2720513.9264612333,
    "min_channel_size": "1100",
    "max_channel_size": "16777216"
}
