{
    "graph_diameter": 0,
    "avg_out_degree": 9.942560728744938,
    "max_out_degree": 1160,
    "num_nodes": 3952,
    "num_channels": 39293,
    "total_network_capacity": "106900323894",
    "avg_channel_size": 2720594.607029242,
    "min_channel_size": "1100",
    "max_channel_size": "16777216"
}
