{
    "graph_diameter": 0,
    "avg_out_degree": 9.945371775417298,
    "max_out_degree": 1163,
    "num_nodes": 3954,
    "num_channels": 39324,
    "total_network_capacity": "106914096227",
    "avg_channel_size": 2718800.1278354186,
    "min_channel_size": "1100",
    "max_channel_size": "16777216"
}
