{
    "graph_diameter": 0,
    "avg_out_degree": 9.955212550607287,
    "max_out_degree": 1162,
    "num_nodes": 3952,
    "num_channels": 39343,
    "total_network_capacity": "107120529270",
    "avg_channel_size": 2722734.1399994916,
    "min_channel_size": "1100",
    "max_channel_size": "16777216"
}
