{
    "graph_diameter": 0,
    "avg_out_degree": 9.944585020242915,
    "max_out_degree": 1160,
    "num_nodes": 3952,
    "num_channels": 39301,
    "total_network_capacity": "106982032600",
    "avg_channel_size": 2722119.8595455587,
    "min_channel_size": "1100",
    "max_channel_size": "16777216"
}
