{
    "graph_diameter": 0,
    "avg_out_degree": 9.934782608695652,
    "max_out_degree": 1162,
    "num_nodes": 3956,
    "num_channels": 39302,
    "total_network_capacity": "106933804491",
    "avg_channel_size": 2720823.4820365375,
    "min_channel_size": "1100",
    "max_channel_size": "16777216"
}
