{
    "graph_diameter": 0,
    "avg_out_degree": 9.948127530364372,
    "max_out_degree": 1160,
    "num_nodes": 3952,
    "num_channels": 39315,
    "total_network_capacity": "106919448219",
    "avg_channel_size": 2719558.647310187,
    "min_channel_size": "1100",
    "max_channel_size": "16777216"
}
