{
    "graph_diameter": 0,
    "avg_out_degree": 9.944824095165782,
    "max_out_degree": 1160,
    "num_nodes": 3951,
    "num_channels": 39292,
    "total_network_capacity": "106757357975",
    "avg_channel_size": 2717025.2971342765,
    "min_channel_size": "1100",
    "max_channel_size": "16777216"
}
