{
    "graph_diameter": 0,
    "avg_out_degree": 9.950682852807283,
    "max_out_degree": 1163,
    "num_nodes": 3954,
    "num_channels": 39345,
    "total_network_capacity": "106953099140",
    "avg_channel_size": 2718340.300927691,
    "min_channel_size": "1100",
    "max_channel_size": "16777216"
}
