{
    "graph_diameter": 0,
    "avg_out_degree": 9.93655207280081,
    "max_out_degree": 1161,
    "num_nodes": 3956,
    "num_channels": 39309,
    "total_network_capacity": "107006860726",
    "avg_channel_size": 2722197.4796102676,
    "min_channel_size": "1100",
    "max_channel_size": "16777216"
}
