{
    "graph_diameter": 0,
    "avg_out_degree": 9.936299292214358,
    "max_out_degree": 1160,
    "num_nodes": 3956,
    "num_channels": 39308,
    "total_network_capacity": "107005860726",
    "avg_channel_size": 2722241.2925104303,
    "min_channel_size": "1100",
    "max_channel_size": "16777216"
}
