{
    "graph_diameter": 0,
    "avg_out_degree": 9.920394238059135,
    "max_out_degree": 1162,
    "num_nodes": 3957,
    "num_channels": 39255,
    "total_network_capacity": "106848576782",
    "avg_channel_size": 2721909.9931728444,
    "min_channel_size": "1100",
    "max_channel_size": "16777216"
}
