{
    "graph_diameter": 0,
    "avg_out_degree": 9.949126803340926,
    "max_out_degree": 1161,
    "num_nodes": 3951,
    "num_channels": 39309,
    "total_network_capacity": "106938257941",
    "avg_channel_size": 2720452.261339642,
    "min_channel_size": "1100",
    "max_channel_size": "16777216"
}
