{
    "graph_diameter": 0,
    "avg_out_degree": 9.948672566371682,
    "max_out_degree": 1163,
    "num_nodes": 3955,
    "num_channels": 39347,
    "total_network_capacity": "106948319140",
    "avg_channel_size": 2718080.6450301167,
    "min_channel_size": "1100",
    "max_channel_size": "16777216"
}
