{
    "graph_diameter": 0,
    "avg_out_degree": 9.942575259296737,
    "max_out_degree": 1160,
    "num_nodes": 3953,
    "num_channels": 39303,
    "total_network_capacity": "106998532610",
    "avg_channel_size": 2722401.1553825405,
    "min_channel_size": "1100",
    "max_channel_size": "16777216"
}
