{
    "graph_diameter": 0,
    "avg_out_degree": 9.942083965604452,
    "max_out_degree": 1161,
    "num_nodes": 3954,
    "num_channels": 39311,
    "total_network_capacity": "106929042579",
    "avg_channel_size": 2720079.432703315,
    "min_channel_size": "1100",
    "max_channel_size": "16777216"
}
