{
    "graph_diameter": 0,
    "avg_out_degree": 9.956719817767654,
    "max_out_degree": 1161,
    "num_nodes": 3951,
    "num_channels": 39339,
    "total_network_capacity": "107084800592",
    "avg_channel_size": 2722102.762957879,
    "min_channel_size": "1100",
    "max_channel_size": "16777216"
}
