{
    "graph_diameter": 0,
    "avg_out_degree": 9.945344129554655,
    "max_out_degree": 1160,
    "num_nodes": 3952,
    "num_channels": 39304,
    "total_network_capacity": "106847490151",
    "avg_channel_size": 2718488.961708732,
    "min_channel_size": "1100",
    "max_channel_size": "16777216"
}
