{
    "graph_diameter": 0,
    "avg_out_degree": 9.921405104877433,
    "max_out_degree": 1162,
    "num_nodes": 3957,
    "num_channels": 39259,
    "total_network_capacity": "106849756782",
    "avg_channel_size": 2721662.721465142,
    "min_channel_size": "1100",
    "max_channel_size": "16777216"
}
