{
    "graph_diameter": 0,
    "avg_out_degree": 9.942857142857143,
    "max_out_degree": 1163,
    "num_nodes": 3955,
    "num_channels": 39324,
    "total_network_capacity": "106913016227",
    "avg_channel_size": 2718772.6636913843,
    "min_channel_size": "1100",
    "max_channel_size": "16777216"
}
