{
    "graph_diameter": 0,
    "avg_out_degree": 9.946595798532018,
    "max_out_degree": 1160,
    "num_nodes": 3951,
    "num_channels": 39299,
    "total_network_capacity": "106791631547",
    "avg_channel_size": 2717413.459553678,
    "min_channel_size": "1100",
    "max_channel_size": "16777216"
}
