{
    "graph_diameter": 0,
    "avg_out_degree": 9.950379746835443,
    "max_out_degree": 1160,
    "num_nodes": 3950,
    "num_channels": 39304,
    "total_network_capacity": "106857825783",
    "avg_channel_size": 2718751.928124364,
    "min_channel_size": "1100",
    "max_channel_size": "16777216"
}
