{
    "graph_diameter": 0,
    "avg_out_degree": 9.949367088607595,
    "max_out_degree": 1160,
    "num_nodes": 3950,
    "num_channels": 39300,
    "total_network_capacity": "106858451673",
    "avg_channel_size": 2719044.5718320613,
    "min_channel_size": "1100",
    "max_channel_size": "16777216"
}
