{
    "graph_diameter": 0,
    "avg_out_degree": 9.943825910931174,
    "max_out_degree": 1160,
    "num_nodes": 3952,
    "num_channels": 39298,
    "total_network_capacity": "106916992497",
    "avg_channel_size": 2720672.6168507305,
    "min_channel_size": "1100",
    "max_channel_size": "16777216"
}
