{
    "graph_diameter": 0,
    "avg_out_degree": 9.944331983805668,
    "max_out_degree": 1160,
    "num_nodes": 3952,
    "num_channels": 39300,
    "total_network_capacity": "106964653434",
    "avg_channel_size": 2721746.9067175575,
    "min_channel_size": "1100",
    "max_channel_size": "16777216"
}
