{
    "graph_diameter": 0,
    "avg_out_degree": 9.950657894736842,
    "max_out_degree": 1161,
    "num_nodes": 3952,
    "num_channels": 39325,
    "total_network_capacity": "107053166844",
    "avg_channel_size": 2722267.4340495868,
    "min_channel_size": "1100",
    "max_channel_size": "16777216"
}
