{
    "graph_diameter": 0,
    "avg_out_degree": 9.954717935745004,
    "max_out_degree": 1162,
    "num_nodes": 3953,
    "num_channels": 39351,
    "total_network_capacity": "107151191187",
    "avg_channel_size": 2722959.802470077,
    "min_channel_size": "1100",
    "max_channel_size": "16777216"
}
