{
    "graph_diameter": 0,
    "avg_out_degree": 9.927957532861477,
    "max_out_degree": 1162,
    "num_nodes": 3956,
    "num_channels": 39275,
    "total_network_capacity": "106882292841",
    "avg_channel_size": 2721382.3766008914,
    "min_channel_size": "1100",
    "max_channel_size": "16777216"
}
