{
    "graph_diameter": 0,
    "avg_out_degree": 9.958755060728745,
    "max_out_degree": 1163,
    "num_nodes": 3952,
    "num_channels": 39357,
    "total_network_capacity": "106707752461",
    "avg_channel_size": 2711277.5989277638,
    "min_channel_size": "1100",
    "max_channel_size": "16777216"
}
