{
    "graph_diameter": 0,
    "avg_out_degree": 9.93427704752275,
    "max_out_degree": 1161,
    "num_nodes": 3956,
    "num_channels": 39300,
    "total_network_capacity": "106915576796",
    "avg_channel_size": 2720498.137302799,
    "min_channel_size": "1100",
    "max_channel_size": "16777216"
}
