{
    "graph_diameter": 0,
    "avg_out_degree": 9.938305941845766,
    "max_out_degree": 1160,
    "num_nodes": 3955,
    "num_channels": 39306,
    "total_network_capacity": "106989637524",
    "avg_channel_size": 2721967.066707373,
    "min_channel_size": "1100",
    "max_channel_size": "16777216"
}
