{
    "graph_diameter": 0,
    "avg_out_degree": 9.941578148710168,
    "max_out_degree": 1161,
    "num_nodes": 3954,
    "num_channels": 39309,
    "total_network_capacity": "107025975546",
    "avg_channel_size": 2722683.750438831,
    "min_channel_size": "1100",
    "max_channel_size": "16777216"
}
