{
    "graph_diameter": 0,
    "avg_out_degree": 9.94916540212443,
    "max_out_degree": 1163,
    "num_nodes": 3954,
    "num_channels": 39339,
    "total_network_capacity": "106979103065",
    "avg_channel_size": 2719415.924782023,
    "min_channel_size": "1100",
    "max_channel_size": "16777216"
}
