{
    "graph_diameter": 0,
    "avg_out_degree": 9.949113924050632,
    "max_out_degree": 1160,
    "num_nodes": 3950,
    "num_channels": 39299,
    "total_network_capacity": "106858351673",
    "avg_channel_size": 2719111.2158833556,
    "min_channel_size": "1100",
    "max_channel_size": "16777216"
}
