{
    "graph_diameter": 0,
    "avg_out_degree": 9.955982797875032,
    "max_out_degree": 1161,
    "num_nodes": 3953,
    "num_channels": 39356,
    "total_network_capacity": "107125132606",
    "avg_channel_size": 2721951.7381339567,
    "min_channel_size": "1100",
    "max_channel_size": "16777216"
}
