{
    "graph_diameter": 0,
    "avg_out_degree": 9.950886075949366,
    "max_out_degree": 1160,
    "num_nodes": 3950,
    "num_channels": 39306,
    "total_network_capacity": "106910484469",
    "avg_channel_size": 2719953.3015061314,
    "min_channel_size": "1100",
    "max_channel_size": "16777216"
}
