{
    "graph_diameter": 0,
    "avg_out_degree": 9.949418310571573,
    "max_out_degree": 1163,
    "num_nodes": 3954,
    "num_channels": 39340,
    "total_network_capacity": "106952625850",
    "avg_channel_size": 2718673.763345196,
    "min_channel_size": "1100",
    "max_channel_size": "16777216"
}
