{
    "graph_diameter": 0,
    "avg_out_degree": 9.956983805668017,
    "max_out_degree": 1163,
    "num_nodes": 3952,
    "num_channels": 39350,
    "total_network_capacity": "106696351898",
    "avg_channel_size": 2711470.188005083,
    "min_channel_size": "1100",
    "max_channel_size": "16777216"
}
