{
    "graph_diameter": 0,
    "avg_out_degree": 9.925954005559767,
    "max_out_degree": 1162,
    "num_nodes": 3957,
    "num_channels": 39277,
    "total_network_capacity": "106882692841",
    "avg_channel_size": 2721253.98683708,
    "min_channel_size": "1100",
    "max_channel_size": "16777216"
}
