{
    "graph_diameter": 0,
    "avg_out_degree": 9.956235770301037,
    "max_out_degree": 1161,
    "num_nodes": 3953,
    "num_channels": 39357,
    "total_network_capacity": "107125232606",
    "avg_channel_size": 2721885.118428742,
    "min_channel_size": "1100",
    "max_channel_size": "16777216"
}
