{
    "graph_diameter": 0,
    "avg_out_degree": 9.95596051632498,
    "max_out_degree": 1161,
    "num_nodes": 3951,
    "num_channels": 39336,
    "total_network_capacity": "107081776854",
    "avg_channel_size": 2722233.4974069553,
    "min_channel_size": "1100",
    "max_channel_size": "16777216"
}
