{
    "graph_diameter": 0,
    "avg_out_degree": 9.942336874051593,
    "max_out_degree": 1161,
    "num_nodes": 3954,
    "num_channels": 39312,
    "total_network_capacity": "107033343189",
    "avg_channel_size": 2722663.3900335776,
    "min_channel_size": "1100",
    "max_channel_size": "16777216"
}
