{
    "graph_diameter": 0,
    "avg_out_degree": 9.920626895854399,
    "max_out_degree": 1162,
    "num_nodes": 3956,
    "num_channels": 39246,
    "total_network_capacity": "106849751847",
    "avg_channel_size": 2722564.13002599,
    "min_channel_size": "1100",
    "max_channel_size": "16777216"
}
