{
    "graph_diameter": 0,
    "avg_out_degree": 9.958248987854251,
    "max_out_degree": 1163,
    "num_nodes": 3952,
    "num_channels": 39355,
    "total_network_capacity": "106769140866",
    "avg_channel_size": 2712975.2475161985,
    "min_channel_size": "1100",
    "max_channel_size": "16777216"
}
