{
    "graph_diameter": 0,
    "avg_out_degree": 9.948166877370417,
    "max_out_degree": 1163,
    "num_nodes": 3955,
    "num_channels": 39345,
    "total_network_capacity": "106948119140",
    "avg_channel_size": 2718213.7283009277,
    "min_channel_size": "1100",
    "max_channel_size": "16777216"
}
