{
    "graph_diameter": 0,
    "avg_out_degree": 9.94457099468489,
    "max_out_degree": 1161,
    "num_nodes": 3951,
    "num_channels": 39291,
    "total_network_capacity": "106703714321",
    "avg_channel_size": 2715729.1573388306,
    "min_channel_size": "1100",
    "max_channel_size": "16777216"
}
