{
    "graph_diameter": 0,
    "avg_out_degree": 9.952947128762965,
    "max_out_degree": 1162,
    "num_nodes": 3953,
    "num_channels": 39344,
    "total_network_capacity": "107134726187",
    "avg_channel_size": 2723025.777424766,
    "min_channel_size": "1100",
    "max_channel_size": "16777216"
}
