{
    "graph_diameter": 0,
    "avg_out_degree": 9.960020242914979,
    "max_out_degree": 1163,
    "num_nodes": 3952,
    "num_channels": 39362,
    "total_network_capacity": "106771707495",
    "avg_channel_size": 2712557.9872719883,
    "min_channel_size": "1100",
    "max_channel_size": "16777216"
}
