{
    "graph_diameter": 0,
    "avg_out_degree": 9.95849152113389,
    "max_out_degree": 1161,
    "num_nodes": 3951,
    "num_channels": 39346,
    "total_network_capacity": "107107405705",
    "avg_channel_size": 2722192.9981446653,
    "min_channel_size": "1100",
    "max_channel_size": "16777216"
}
