{
    "graph_diameter": 0,
    "avg_out_degree": 9.949379903821818,
    "max_out_degree": 1160,
    "num_nodes": 3951,
    "num_channels": 39310,
    "total_network_capacity": "106931557931",
    "avg_channel_size": 2720212.6158992625,
    "min_channel_size": "1100",
    "max_channel_size": "16777216"
}
