{
    "graph_diameter": 0,
    "avg_out_degree": 9.948620602379144,
    "max_out_degree": 1160,
    "num_nodes": 3951,
    "num_channels": 39307,
    "total_network_capacity": "106914741767",
    "avg_channel_size": 2719992.4127254686,
    "min_channel_size": "1100",
    "max_channel_size": "16777216"
}
