{
    "graph_diameter": 0,
    "avg_out_degree": 9.92871587462083,
    "max_out_degree": 1162,
    "num_nodes": 3956,
    "num_channels": 39278,
    "total_network_capacity": "106891292841",
    "avg_channel_size": 2721403.657034472,
    "min_channel_size": "1100",
    "max_channel_size": "16777216"
}
