{
    "graph_diameter": 0,
    "avg_out_degree": 9.945610928408803,
    "max_out_degree": 1161,
    "num_nodes": 3953,
    "num_channels": 39315,
    "total_network_capacity": "107042908101",
    "avg_channel_size": 2722698.9215566576,
    "min_channel_size": "1100",
    "max_channel_size": "16777216"
}
