{
    "graph_diameter": 0,
    "avg_out_degree": 9.945624683864441,
    "max_out_degree": 1163,
    "num_nodes": 3954,
    "num_channels": 39325,
    "total_network_capacity": "106908198005",
    "avg_channel_size": 2718581.004577241,
    "min_channel_size": "1100",
    "max_channel_size": "16777216"
}
