{
    "graph_diameter": 0,
    "avg_out_degree": 9.95673076923077,
    "max_out_degree": 1163,
    "num_nodes": 3952,
    "num_channels": 39349,
    "total_network_capacity": "106694351898",
    "avg_channel_size": 2711488.269028438,
    "min_channel_size": "1100",
    "max_channel_size": "16777216"
}
