{
    "graph_diameter": 0,
    "avg_out_degree": 9.944838056680162,
    "max_out_degree": 1160,
    "num_nodes": 3952,
    "num_channels": 39302,
    "total_network_capacity": "106998032610",
    "avg_channel_size": 2722457.7021525623,
    "min_channel_size": "1100",
    "max_channel_size": "16777216"
}
