{
    "graph_diameter": 0,
    "avg_out_degree": 9.946622818112825,
    "max_out_degree": 1161,
    "num_nodes": 3953,
    "num_channels": 39319,
    "total_network_capacity": "107048265905",
    "avg_channel_size": 2722558.2009969736,
    "min_channel_size": "1100",
    "max_channel_size": "16777216"
}
