{
    "graph_diameter": 0,
    "avg_out_degree": 8.066999287241625,
    "max_out_degree": 964,
    "num_nodes": 2806,
    "num_channels": 22636,
    "total_network_capacity": "61170870783",
    "avg_channel_size": 2702371.0365347234,
    "min_channel_size": "1100",
    "max_channel_size": "16777216"
}
