{
    "graph_diameter": 0,
    "avg_out_degree": 8.063124108416547,
    "max_out_degree": 964,
    "num_nodes": 2804,
    "num_channels": 22609,
    "total_network_capacity": "61029421384",
    "avg_channel_size": 2699341.916228051,
    "min_channel_size": "1100",
    "max_channel_size": "16777216"
}
