{
    "graph_diameter": 0,
    "avg_out_degree": 8.06661916636979,
    "max_out_degree": 964,
    "num_nodes": 2807,
    "num_channels": 22643,
    "total_network_capacity": "61183467249",
    "avg_channel_size": 2702091.915779711,
    "min_channel_size": "1100",
    "max_channel_size": "16777216"
}
