{
    "graph_diameter": 0,
    "avg_out_degree": 8.066262914143213,
    "max_out_degree": 964,
    "num_nodes": 2807,
    "num_channels": 22642,
    "total_network_capacity": "61181467249",
    "avg_channel_size": 2702122.9241674766,
    "min_channel_size": "1100",
    "max_channel_size": "16777216"
}
