{
    "graph_diameter": 0,
    "avg_out_degree": 8.064194008559202,
    "max_out_degree": 964,
    "num_nodes": 2804,
    "num_channels": 22612,
    "total_network_capacity": "61033820784",
    "avg_channel_size": 2699178.347072351,
    "min_channel_size": "1100",
    "max_channel_size": "16777216"
}
