{
    "graph_diameter": 0,
    "avg_out_degree": 8.078787878787878,
    "max_out_degree": 964,
    "num_nodes": 2805,
    "num_channels": 22661,
    "total_network_capacity": "61281531886",
    "avg_channel_size": 2704273.063236397,
    "min_channel_size": "1100",
    "max_channel_size": "16777216"
}
