{
    "graph_diameter": 0,
    "avg_out_degree": 8.048502139800286,
    "max_out_degree": 964,
    "num_nodes": 2804,
    "num_channels": 22568,
    "total_network_capacity": "60742738153",
    "avg_channel_size": 2691542.8107497343,
    "min_channel_size": "1100",
    "max_channel_size": "16777216"
}
