{
    "graph_diameter": 0,
    "avg_out_degree": 8.067331670822943,
    "max_out_degree": 964,
    "num_nodes": 2807,
    "num_channels": 22645,
    "total_network_capacity": "61203157249",
    "avg_channel_size": 2702722.7754029585,
    "min_channel_size": "1100",
    "max_channel_size": "16777216"
}
