{
    "graph_diameter": 0,
    "avg_out_degree": 8.064596716630978,
    "max_out_degree": 964,
    "num_nodes": 2802,
    "num_channels": 22597,
    "total_network_capacity": "61017292550",
    "avg_channel_size": 2700238.640084967,
    "min_channel_size": "1100",
    "max_channel_size": "16777216"
}
