{
    "graph_diameter": 0,
    "avg_out_degree": 8.520433436532509,
    "max_out_degree": 992,
    "num_nodes": 3230,
    "num_channels": 27521,
    "total_network_capacity": "69646193454",
    "avg_channel_size": 2530656.3516587336,
    "min_channel_size": "1100",
    "max_channel_size": "16777216"
}
