{
    "graph_diameter": 0,
    "avg_out_degree": 8.49502796768179,
    "max_out_degree": 992,
    "num_nodes": 3218,
    "num_channels": 27337,
    "total_network_capacity": "69548818696",
    "avg_channel_size": 2544127.6912609283,
    "min_channel_size": "1100",
    "max_channel_size": "16777216"
}
