{
    "graph_diameter": 0,
    "avg_out_degree": 8.493639466335711,
    "max_out_degree": 993,
    "num_nodes": 3223,
    "num_channels": 27375,
    "total_network_capacity": "69512677031",
    "avg_channel_size": 2539275.8732785387,
    "min_channel_size": "1100",
    "max_channel_size": "16777216"
}
