{
    "graph_diameter": 0,
    "avg_out_degree": 8.521819870009285,
    "max_out_degree": 993,
    "num_nodes": 3231,
    "num_channels": 27534,
    "total_network_capacity": "69698260793",
    "avg_channel_size": 2531352.5384252197,
    "min_channel_size": "1100",
    "max_channel_size": "16777216"
}
