{
    "graph_diameter": 0,
    "avg_out_degree": 8.466978193146417,
    "max_out_degree": 989,
    "num_nodes": 3210,
    "num_channels": 27179,
    "total_network_capacity": "69524211817",
    "avg_channel_size": 2558012.134993929,
    "min_channel_size": "1100",
    "max_channel_size": "16777216"
}
