{
    "graph_diameter": 0,
    "avg_out_degree": 8.546493666975595,
    "max_out_degree": 996,
    "num_nodes": 3237,
    "num_channels": 27665,
    "total_network_capacity": "69711716968",
    "avg_channel_size": 2519852.4116392555,
    "min_channel_size": "1100",
    "max_channel_size": "16777216"
}
