{
    "graph_diameter": 0,
    "avg_out_degree": 8.492231199502797,
    "max_out_degree": 992,
    "num_nodes": 3218,
    "num_channels": 27328,
    "total_network_capacity": "69525639696",
    "avg_channel_size": 2544117.3776346603,
    "min_channel_size": "1100",
    "max_channel_size": "16777216"
}
