{
    "graph_diameter": 0,
    "avg_out_degree": 8.522115682029074,
    "max_out_degree": 993,
    "num_nodes": 3233,
    "num_channels": 27552,
    "total_network_capacity": "69689447950",
    "avg_channel_size": 2529378.918045877,
    "min_channel_size": "1100",
    "max_channel_size": "16777216"
}
