{
    "graph_diameter": 0,
    "avg_out_degree": 8.479426433915211,
    "max_out_degree": 991,
    "num_nodes": 3208,
    "num_channels": 27202,
    "total_network_capacity": "69586342383",
    "avg_channel_size": 2558133.3131019776,
    "min_channel_size": "1100",
    "max_channel_size": "16777216"
}
