{
    "graph_diameter": 0,
    "avg_out_degree": 8.54525795489651,
    "max_out_degree": 996,
    "num_nodes": 3237,
    "num_channels": 27661,
    "total_network_capacity": "69707123272",
    "avg_channel_size": 2520050.731065399,
    "min_channel_size": "1100",
    "max_channel_size": "16777216"
}
