{
    "graph_diameter": 0,
    "avg_out_degree": 8.488480697384807,
    "max_out_degree": 990,
    "num_nodes": 3212,
    "num_channels": 27265,
    "total_network_capacity": "69517278764",
    "avg_channel_size": 2549689.2999816616,
    "min_channel_size": "1100",
    "max_channel_size": "16777216"
}
