{
    "graph_diameter": 0,
    "avg_out_degree": 8.490519117189928,
    "max_out_degree": 991,
    "num_nodes": 3217,
    "num_channels": 27314,
    "total_network_capacity": "69520389360",
    "avg_channel_size": 2545229.1630665595,
    "min_channel_size": "1100",
    "max_channel_size": "16777216"
}
