{
    "graph_diameter": 0,
    "avg_out_degree": 8.48461299347218,
    "max_out_degree": 991,
    "num_nodes": 3217,
    "num_channels": 27295,
    "total_network_capacity": "69500466087",
    "avg_channel_size": 2546270.9685656712,
    "min_channel_size": "1100",
    "max_channel_size": "16777216"
}
