{
    "graph_diameter": 0,
    "avg_out_degree": 8.492216687422166,
    "max_out_degree": 990,
    "num_nodes": 3212,
    "num_channels": 27277,
    "total_network_capacity": "69517678764",
    "avg_channel_size": 2548582.2767899698,
    "min_channel_size": "1100",
    "max_channel_size": "16777216"
}
