{
    "graph_diameter": 0,
    "avg_out_degree": 8.53708281829419,
    "max_out_degree": 993,
    "num_nodes": 3236,
    "num_channels": 27626,
    "total_network_capacity": "69694773546",
    "avg_channel_size": 2522796.407225078,
    "min_channel_size": "1100",
    "max_channel_size": "16777216"
}
