{
    "graph_diameter": 0,
    "avg_out_degree": 8.519195046439629,
    "max_out_degree": 992,
    "num_nodes": 3230,
    "num_channels": 27517,
    "total_network_capacity": "69641551649",
    "avg_channel_size": 2530855.5310898717,
    "min_channel_size": "1100",
    "max_channel_size": "16777216"
}
