{
    "graph_diameter": 0,
    "avg_out_degree": 8.509761388286334,
    "max_out_degree": 993,
    "num_nodes": 3227,
    "num_channels": 27461,
    "total_network_capacity": "69579875552",
    "avg_channel_size": 2533770.6402534503,
    "min_channel_size": "1100",
    "max_channel_size": "16777216"
}
