{
    "graph_diameter": 0,
    "avg_out_degree": 8.50155376009944,
    "max_out_degree": 993,
    "num_nodes": 3218,
    "num_channels": 27358,
    "total_network_capacity": "69495264095",
    "avg_channel_size": 2540217.27081658,
    "min_channel_size": "1100",
    "max_channel_size": "16777216"
}
