{
    "graph_diameter": 0,
    "avg_out_degree": 8.501085944771951,
    "max_out_degree": 993,
    "num_nodes": 3223,
    "num_channels": 27399,
    "total_network_capacity": "69535607345",
    "avg_channel_size": 2537888.512171977,
    "min_channel_size": "1100",
    "max_channel_size": "16777216"
}
