{
    "graph_diameter": 0,
    "avg_out_degree": 8.520123839009289,
    "max_out_degree": 992,
    "num_nodes": 3230,
    "num_channels": 27520,
    "total_network_capacity": "69652929113",
    "avg_channel_size": 2530993.063699128,
    "min_channel_size": "1100",
    "max_channel_size": "16777216"
}
