{
    "graph_diameter": 0,
    "avg_out_degree": 8.503255813953489,
    "max_out_degree": 992,
    "num_nodes": 3225,
    "num_channels": 27423,
    "total_network_capacity": "69554069691",
    "avg_channel_size": 2536340.651679247,
    "min_channel_size": "1100",
    "max_channel_size": "16777216"
}
