{
    "graph_diameter": 0,
    "avg_out_degree": 8.485074626865671,
    "max_out_degree": 992,
    "num_nodes": 3216,
    "num_channels": 27288,
    "total_network_capacity": "69525741946",
    "avg_channel_size": 2547850.40845793,
    "min_channel_size": "1100",
    "max_channel_size": "16777216"
}
