{
    "graph_diameter": 0,
    "avg_out_degree": 8.49844623990056,
    "max_out_degree": 993,
    "num_nodes": 3218,
    "num_channels": 27348,
    "total_network_capacity": "69539501759",
    "avg_channel_size": 2542763.703342109,
    "min_channel_size": "1100",
    "max_channel_size": "16777216"
}
