{
    "graph_diameter": 0,
    "avg_out_degree": 8.483660130718954,
    "max_out_degree": 990,
    "num_nodes": 3213,
    "num_channels": 27258,
    "total_network_capacity": "69530112973",
    "avg_channel_size": 2550814.9157311614,
    "min_channel_size": "1100",
    "max_channel_size": "16777216"
}
