{
    "graph_diameter": 0,
    "avg_out_degree": 8.46791277258567,
    "max_out_degree": 989,
    "num_nodes": 3210,
    "num_channels": 27182,
    "total_network_capacity": "69525476846",
    "avg_channel_size": 2557776.353689942,
    "min_channel_size": "1100",
    "max_channel_size": "16777216"
}
