{
    "graph_diameter": 0,
    "avg_out_degree": 8.497364341085271,
    "max_out_degree": 993,
    "num_nodes": 3225,
    "num_channels": 27404,
    "total_network_capacity": "69544216132",
    "avg_channel_size": 2537739.604875201,
    "min_channel_size": "1100",
    "max_channel_size": "16777216"
}
