{
    "graph_diameter": 0,
    "avg_out_degree": 8.500465404902265,
    "max_out_degree": 993,
    "num_nodes": 3223,
    "num_channels": 27397,
    "total_network_capacity": "69532457345",
    "avg_channel_size": 2537958.8037011353,
    "min_channel_size": "1100",
    "max_channel_size": "16777216"
}
