{
    "graph_diameter": 0,
    "avg_out_degree": 8.544836116264687,
    "max_out_degree": 993,
    "num_nodes": 3234,
    "num_channels": 27634,
    "total_network_capacity": "69680262887",
    "avg_channel_size": 2521540.959940653,
    "min_channel_size": "1100",
    "max_channel_size": "16777216"
}
