{
    "graph_diameter": 0,
    "avg_out_degree": 8.500310752019889,
    "max_out_degree": 993,
    "num_nodes": 3218,
    "num_channels": 27354,
    "total_network_capacity": "69504381298",
    "avg_channel_size": 2540922.033267529,
    "min_channel_size": "1100",
    "max_channel_size": "16777216"
}
