{
    "graph_diameter": 0,
    "avg_out_degree": 8.467746961670302,
    "max_out_degree": 991,
    "num_nodes": 3209,
    "num_channels": 27173,
    "total_network_capacity": "69522464840",
    "avg_channel_size": 2558512.672137784,
    "min_channel_size": "1100",
    "max_channel_size": "16777216"
}
