{
    "graph_diameter": 0,
    "avg_out_degree": 8.523381851966553,
    "max_out_degree": 992,
    "num_nodes": 3229,
    "num_channels": 27522,
    "total_network_capacity": "69676353288",
    "avg_channel_size": 2531660.245912361,
    "min_channel_size": "1100",
    "max_channel_size": "16777216"
}
