{
    "graph_diameter": 0,
    "avg_out_degree": 8.466376089663761,
    "max_out_degree": 990,
    "num_nodes": 3212,
    "num_channels": 27194,
    "total_network_capacity": "69543167971",
    "avg_channel_size": 2557298.226483783,
    "min_channel_size": "1100",
    "max_channel_size": "16777216"
}
