{
    "graph_diameter": 0,
    "avg_out_degree": 8.503107520198881,
    "max_out_degree": 993,
    "num_nodes": 3218,
    "num_channels": 27363,
    "total_network_capacity": "69540436179",
    "avg_channel_size": 2541403.9461681833,
    "min_channel_size": "1100",
    "max_channel_size": "16777216"
}
