{
    "graph_diameter": 0,
    "avg_out_degree": 8.51456009913259,
    "max_out_degree": 992,
    "num_nodes": 3228,
    "num_channels": 27485,
    "total_network_capacity": "69601752327",
    "avg_channel_size": 2532354.095943242,
    "min_channel_size": "1100",
    "max_channel_size": "16777216"
}
