{
    "graph_diameter": 0,
    "avg_out_degree": 8.514250309789343,
    "max_out_degree": 992,
    "num_nodes": 3228,
    "num_channels": 27484,
    "total_network_capacity": "69596752327",
    "avg_channel_size": 2532264.3111264734,
    "min_channel_size": "1100",
    "max_channel_size": "16777216"
}
