{
    "graph_diameter": 0,
    "avg_out_degree": 8.544949026876738,
    "max_out_degree": 995,
    "num_nodes": 3237,
    "num_channels": 27660,
    "total_network_capacity": "69707023272",
    "avg_channel_size": 2520138.2238611714,
    "min_channel_size": "1100",
    "max_channel_size": "16777216"
}
