{
    "graph_diameter": 0,
    "avg_out_degree": 8.517038413878563,
    "max_out_degree": 994,
    "num_nodes": 3228,
    "num_channels": 27493,
    "total_network_capacity": "69600111283",
    "avg_channel_size": 2531557.534026843,
    "min_channel_size": "1100",
    "max_channel_size": "16777216"
}
