{
    "graph_diameter": 0,
    "avg_out_degree": 8.521497061552738,
    "max_out_degree": 993,
    "num_nodes": 3233,
    "num_channels": 27550,
    "total_network_capacity": "69688833399",
    "avg_channel_size": 2529540.2322686026,
    "min_channel_size": "1100",
    "max_channel_size": "16777216"
}
