{
    "graph_diameter": 0,
    "avg_out_degree": 8.472619788425638,
    "max_out_degree": 990,
    "num_nodes": 3214,
    "num_channels": 27231,
    "total_network_capacity": "69537325509",
    "avg_channel_size": 2553608.9570342624,
    "min_channel_size": "1100",
    "max_channel_size": "16777216"
}
