{
    "graph_diameter": 0,
    "avg_out_degree": 8.522452771755962,
    "max_out_degree": 992,
    "num_nodes": 3229,
    "num_channels": 27519,
    "total_network_capacity": "69648738710",
    "avg_channel_size": 2530932.763181802,
    "min_channel_size": "1100",
    "max_channel_size": "16777216"
}
