{
    "graph_diameter": 0,
    "avg_out_degree": 8.487873134328359,
    "max_out_degree": 992,
    "num_nodes": 3216,
    "num_channels": 27297,
    "total_network_capacity": "69517556949",
    "avg_channel_size": 2546710.515770964,
    "min_channel_size": "1100",
    "max_channel_size": "16777216"
}
