{
    "graph_diameter": 0,
    "avg_out_degree": 8.46357409713574,
    "max_out_degree": 990,
    "num_nodes": 3212,
    "num_channels": 27185,
    "total_network_capacity": "69518339263",
    "avg_channel_size": 2557231.53441236,
    "min_channel_size": "1100",
    "max_channel_size": "16777216"
}
