{
    "graph_diameter": 0,
    "avg_out_degree": 8.49255583126551,
    "max_out_degree": 993,
    "num_nodes": 3224,
    "num_channels": 27380,
    "total_network_capacity": "69513206654",
    "avg_channel_size": 2538831.5067202337,
    "min_channel_size": "1100",
    "max_channel_size": "16777216"
}
