{
    "graph_diameter": 0,
    "avg_out_degree": 8.495795702273435,
    "max_out_degree": 992,
    "num_nodes": 3211,
    "num_channels": 27280,
    "total_network_capacity": "69520273767",
    "avg_channel_size": 2548397.1322214077,
    "min_channel_size": "1100",
    "max_channel_size": "16777216"
}
