{
    "graph_diameter": 0,
    "avg_out_degree": 8.519950510361893,
    "max_out_degree": 993,
    "num_nodes": 3233,
    "num_channels": 27545,
    "total_network_capacity": "69689703399",
    "avg_channel_size": 2530030.981993102,
    "min_channel_size": "1100",
    "max_channel_size": "16777216"
}
