{
    "graph_diameter": 0,
    "avg_out_degree": 8.496277915632755,
    "max_out_degree": 993,
    "num_nodes": 3224,
    "num_channels": 27392,
    "total_network_capacity": "69529707345",
    "avg_channel_size": 2538321.675854264,
    "min_channel_size": "1100",
    "max_channel_size": "16777216"
}
