{
    "graph_diameter": 0,
    "avg_out_degree": 8.508679479231246,
    "max_out_degree": 992,
    "num_nodes": 3226,
    "num_channels": 27449,
    "total_network_capacity": "69568897691",
    "avg_channel_size": 2534478.403256949,
    "min_channel_size": "1100",
    "max_channel_size": "16777216"
}
