{
    "graph_diameter": 0,
    "avg_out_degree": 8.520272361497987,
    "max_out_degree": 993,
    "num_nodes": 3231,
    "num_channels": 27529,
    "total_network_capacity": "69691635827",
    "avg_channel_size": 2531571.6454284573,
    "min_channel_size": "1100",
    "max_channel_size": "16777216"
}
