{
    "graph_diameter": 0,
    "avg_out_degree": 8.519206939281288,
    "max_out_degree": 992,
    "num_nodes": 3228,
    "num_channels": 27500,
    "total_network_capacity": "69625191520",
    "avg_channel_size": 2531825.146181818,
    "min_channel_size": "1100",
    "max_channel_size": "16777216"
}
