{
    "graph_diameter": 0,
    "avg_out_degree": 8.534136546184738,
    "max_out_degree": 993,
    "num_nodes": 3237,
    "num_channels": 27625,
    "total_network_capacity": "69691803546",
    "avg_channel_size": 2522780.2188597284,
    "min_channel_size": "1100",
    "max_channel_size": "16777216"
}
