{
    "graph_diameter": 0,
    "avg_out_degree": 8.513940520446097,
    "max_out_degree": 993,
    "num_nodes": 3228,
    "num_channels": 27483,
    "total_network_capacity": "69614461988",
    "avg_channel_size": 2533000.8364443476,
    "min_channel_size": "1100",
    "max_channel_size": "16777216"
}
