{
    "graph_diameter": 0,
    "avg_out_degree": 8.537391841779975,
    "max_out_degree": 993,
    "num_nodes": 3236,
    "num_channels": 27627,
    "total_network_capacity": "69695773546",
    "avg_channel_size": 2522741.287363811,
    "min_channel_size": "1100",
    "max_channel_size": "16777216"
}
