{
    "graph_diameter": 0,
    "avg_out_degree": 8.524001238773614,
    "max_out_degree": 992,
    "num_nodes": 3229,
    "num_channels": 27524,
    "total_network_capacity": "69676288288",
    "avg_channel_size": 2531473.9241389334,
    "min_channel_size": "1100",
    "max_channel_size": "16777216"
}
