{
    "graph_diameter": 0,
    "avg_out_degree": 8.546353522867738,
    "max_out_degree": 995,
    "num_nodes": 3236,
    "num_channels": 27656,
    "total_network_capacity": "69704223272",
    "avg_channel_size": 2520401.4778709863,
    "min_channel_size": "1100",
    "max_channel_size": "16777216"
}
