{
    "graph_diameter": 0,
    "avg_out_degree": 8.487251243781095,
    "max_out_degree": 992,
    "num_nodes": 3216,
    "num_channels": 27295,
    "total_network_capacity": "69524740267",
    "avg_channel_size": 2547160.295548635,
    "min_channel_size": "1100",
    "max_channel_size": "16777216"
}
