{
    "graph_diameter": 0,
    "avg_out_degree": 8.524310932177144,
    "max_out_degree": 992,
    "num_nodes": 3229,
    "num_channels": 27525,
    "total_network_capacity": "69676308288",
    "avg_channel_size": 2531382.680762943,
    "min_channel_size": "1100",
    "max_channel_size": "16777216"
}
