{
    "graph_diameter": 0,
    "avg_out_degree": 8.486788933789244,
    "max_out_degree": 991,
    "num_nodes": 3217,
    "num_channels": 27302,
    "total_network_capacity": "69503435927",
    "avg_channel_size": 2545726.903779943,
    "min_channel_size": "1100",
    "max_channel_size": "16777216"
}
