{
    "graph_diameter": 0,
    "avg_out_degree": 8.504029758214507,
    "max_out_degree": 992,
    "num_nodes": 3226,
    "num_channels": 27434,
    "total_network_capacity": "69556282691",
    "avg_channel_size": 2535404.341000219,
    "min_channel_size": "1100",
    "max_channel_size": "16777216"
}
