{
    "graph_diameter": 0,
    "avg_out_degree": 8.504350528278433,
    "max_out_degree": 993,
    "num_nodes": 3218,
    "num_channels": 27367,
    "total_network_capacity": "69526020297",
    "avg_channel_size": 2540505.729418643,
    "min_channel_size": "1100",
    "max_channel_size": "16777216"
}
