{
    "graph_diameter": 0,
    "avg_out_degree": 8.490829965806652,
    "max_out_degree": 992,
    "num_nodes": 3217,
    "num_channels": 27315,
    "total_network_capacity": "69520702150",
    "avg_channel_size": 2545147.433644518,
    "min_channel_size": "1100",
    "max_channel_size": "16777216"
}
