{
    "graph_diameter": 0,
    "avg_out_degree": 8.477407291991275,
    "max_out_degree": 991,
    "num_nodes": 3209,
    "num_channels": 27204,
    "total_network_capacity": "69588011541",
    "avg_channel_size": 2558006.5998015,
    "min_channel_size": "1100",
    "max_channel_size": "16777216"
}
