{
    "graph_diameter": 0,
    "avg_out_degree": 8.466064757160648,
    "max_out_degree": 990,
    "num_nodes": 3212,
    "num_channels": 27193,
    "total_network_capacity": "69541902940",
    "avg_channel_size": 2557345.748538227,
    "min_channel_size": "1100",
    "max_channel_size": "16777216"
}
