{
    "graph_diameter": 0,
    "avg_out_degree": 8.513320941759604,
    "max_out_degree": 992,
    "num_nodes": 3228,
    "num_channels": 27481,
    "total_network_capacity": "69612266644",
    "avg_channel_size": 2533105.2961682617,
    "min_channel_size": "1100",
    "max_channel_size": "16777216"
}
