{
    "graph_diameter": 0,
    "avg_out_degree": 8.547898640296662,
    "max_out_degree": 996,
    "num_nodes": 3236,
    "num_channels": 27661,
    "total_network_capacity": "69701416968",
    "avg_channel_size": 2519844.436860562,
    "min_channel_size": "1100",
    "max_channel_size": "16777216"
}
