{
    "graph_diameter": 0,
    "avg_out_degree": 8.545763760049475,
    "max_out_degree": 993,
    "num_nodes": 3234,
    "num_channels": 27637,
    "total_network_capacity": "69688282887",
    "avg_channel_size": 2521557.4370228318,
    "min_channel_size": "1100",
    "max_channel_size": "16777216"
}
