{
    "graph_diameter": 0,
    "avg_out_degree": 8.50497203231821,
    "max_out_degree": 993,
    "num_nodes": 3218,
    "num_channels": 27369,
    "total_network_capacity": "69532301051",
    "avg_channel_size": 2540549.565238043,
    "min_channel_size": "1100",
    "max_channel_size": "16777216"
}
