{
    "graph_diameter": 0,
    "avg_out_degree": 8.534941249226964,
    "max_out_degree": 993,
    "num_nodes": 3234,
    "num_channels": 27602,
    "total_network_capacity": "69696963546",
    "avg_channel_size": 2525069.326353163,
    "min_channel_size": "1100",
    "max_channel_size": "16777216"
}
