{
    "graph_diameter": 0,
    "avg_out_degree": 8.462449361171705,
    "max_out_degree": 989,
    "num_nodes": 3209,
    "num_channels": 27156,
    "total_network_capacity": "69504118624",
    "avg_channel_size": 2559438.7473854767,
    "min_channel_size": "1100",
    "max_channel_size": "16777216"
}
