{
    "graph_diameter": 0,
    "avg_out_degree": 8.517187983895942,
    "max_out_degree": 992,
    "num_nodes": 3229,
    "num_channels": 27502,
    "total_network_capacity": "69625551520",
    "avg_channel_size": 2531654.1167915063,
    "min_channel_size": "1100",
    "max_channel_size": "16777216"
}
