{
    "graph_diameter": 0,
    "avg_out_degree": 8.479153702551338,
    "max_out_degree": 990,
    "num_nodes": 3214,
    "num_channels": 27252,
    "total_network_capacity": "69534372973",
    "avg_channel_size": 2551532.8406355497,
    "min_channel_size": "1100",
    "max_channel_size": "16777216"
}
