{
    "graph_diameter": 0,
    "avg_out_degree": 8.472291407222913,
    "max_out_degree": 990,
    "num_nodes": 3212,
    "num_channels": 27213,
    "total_network_capacity": "69527545680",
    "avg_channel_size": 2554938.657259398,
    "min_channel_size": "1100",
    "max_channel_size": "16777216"
}
