{
    "graph_diameter": 0,
    "avg_out_degree": 8.546184738955823,
    "max_out_degree": 996,
    "num_nodes": 3237,
    "num_channels": 27664,
    "total_network_capacity": "69711540297",
    "avg_channel_size": 2519937.1131072873,
    "min_channel_size": "1100",
    "max_channel_size": "16777216"
}
