{
    "graph_diameter": 0,
    "avg_out_degree": 8.471668742216687,
    "max_out_degree": 990,
    "num_nodes": 3212,
    "num_channels": 27211,
    "total_network_capacity": "69524991680",
    "avg_channel_size": 2555032.5853515123,
    "min_channel_size": "1100",
    "max_channel_size": "16777216"
}
