{
    "graph_diameter": 0,
    "avg_out_degree": 8.499223361292326,
    "max_out_degree": 993,
    "num_nodes": 3219,
    "num_channels": 27359,
    "total_network_capacity": "69496464095",
    "avg_channel_size": 2540168.284476772,
    "min_channel_size": "1100",
    "max_channel_size": "16777216"
}
