{
    "graph_diameter": 0,
    "avg_out_degree": 8.551020408163266,
    "max_out_degree": 995,
    "num_nodes": 3234,
    "num_channels": 27654,
    "total_network_capacity": "69706848854",
    "avg_channel_size": 2520678.7030447675,
    "min_channel_size": "1100",
    "max_channel_size": "16777216"
}
