{
    "graph_diameter": 0,
    "avg_out_degree": 8.492713178294574,
    "max_out_degree": 993,
    "num_nodes": 3225,
    "num_channels": 27389,
    "total_network_capacity": "69526226654",
    "avg_channel_size": 2538472.6223666435,
    "min_channel_size": "1100",
    "max_channel_size": "16777216"
}
