{
    "graph_diameter": 0,
    "avg_out_degree": 8.493316754740441,
    "max_out_degree": 992,
    "num_nodes": 3217,
    "num_channels": 27323,
    "total_network_capacity": "69520302150",
    "avg_channel_size": 2544387.5910405153,
    "min_channel_size": "1100",
    "max_channel_size": "16777216"
}
