{
    "graph_diameter": 0,
    "avg_out_degree": 8.474323062558357,
    "max_out_degree": 990,
    "num_nodes": 3213,
    "num_channels": 27228,
    "total_network_capacity": "69534649343",
    "avg_channel_size": 2553792.0281695314,
    "min_channel_size": "1100",
    "max_channel_size": "16777216"
}
