{
    "graph_diameter": 0,
    "avg_out_degree": 8.512391573729865,
    "max_out_degree": 992,
    "num_nodes": 3228,
    "num_channels": 27478,
    "total_network_capacity": "69595339429",
    "avg_channel_size": 2532765.82826261,
    "min_channel_size": "1100",
    "max_channel_size": "16777216"
}
