{
    "graph_diameter": 0,
    "avg_out_degree": 8.477095668432533,
    "max_out_degree": 991,
    "num_nodes": 3209,
    "num_channels": 27203,
    "total_network_capacity": "69587011541",
    "avg_channel_size": 2558063.873138992,
    "min_channel_size": "1100",
    "max_channel_size": "16777216"
}
