{
    "graph_diameter": 0,
    "avg_out_degree": 8.545285935085008,
    "max_out_degree": 993,
    "num_nodes": 3235,
    "num_channels": 27644,
    "total_network_capacity": "69698173618",
    "avg_channel_size": 2521276.718926349,
    "min_channel_size": "1100",
    "max_channel_size": "16777216"
}
