{
    "graph_diameter": 0,
    "avg_out_degree": 8.4673100871731,
    "max_out_degree": 991,
    "num_nodes": 3212,
    "num_channels": 27197,
    "total_network_capacity": "69539134978",
    "avg_channel_size": 2556867.852263117,
    "min_channel_size": "1100",
    "max_channel_size": "16777216"
}
