{
    "graph_diameter": 0,
    "avg_out_degree": 8.493627603357165,
    "max_out_degree": 992,
    "num_nodes": 3217,
    "num_channels": 27324,
    "total_network_capacity": "69520402150",
    "avg_channel_size": 2544298.1316791098,
    "min_channel_size": "1100",
    "max_channel_size": "16777216"
}
