{
    "graph_diameter": 0,
    "avg_out_degree": 8.499069478908188,
    "max_out_degree": 993,
    "num_nodes": 3224,
    "num_channels": 27401,
    "total_network_capacity": "69543966404",
    "avg_channel_size": 2538008.3356081895,
    "min_channel_size": "1100",
    "max_channel_size": "16777216"
}
