{
    "graph_diameter": 0,
    "avg_out_degree": 8.515179677819082,
    "max_out_degree": 993,
    "num_nodes": 3228,
    "num_channels": 27487,
    "total_network_capacity": "69622461988",
    "avg_channel_size": 2532923.2723833085,
    "min_channel_size": "1100",
    "max_channel_size": "16777216"
}
