{
    "graph_diameter": 0,
    "avg_out_degree": 8.4678927680798,
    "max_out_degree": 989,
    "num_nodes": 3208,
    "num_channels": 27165,
    "total_network_capacity": "69514379189",
    "avg_channel_size": 2558968.4958218294,
    "min_channel_size": "1100",
    "max_channel_size": "16777216"
}
