{
    "graph_diameter": 0,
    "avg_out_degree": 8.505889646621203,
    "max_out_degree": 992,
    "num_nodes": 3226,
    "num_channels": 27440,
    "total_network_capacity": "69560482691",
    "avg_channel_size": 2535003.013520408,
    "min_channel_size": "1100",
    "max_channel_size": "16777216"
}
