{
    "graph_diameter": 0,
    "avg_out_degree": 8.526592455163884,
    "max_out_degree": 993,
    "num_nodes": 3234,
    "num_channels": 27575,
    "total_network_capacity": "69682655878",
    "avg_channel_size": 2527022.87862194,
    "min_channel_size": "1100",
    "max_channel_size": "16777216"
}
