{
    "graph_diameter": 0,
    "avg_out_degree": 7.96041948579161,
    "max_out_degree": 972,
    "num_nodes": 2956,
    "num_channels": 23531,
    "total_network_capacity": "64790657732",
    "avg_channel_size": 2753417.097955888,
    "min_channel_size": "1100",
    "max_channel_size": "16777216"
}
