{
    "graph_diameter": 0,
    "avg_out_degree": 7.959100204498977,
    "max_out_degree": 977,
    "num_nodes": 2934,
    "num_channels": 23352,
    "total_network_capacity": "64410422998",
    "avg_channel_size": 2758240.1078280234,
    "min_channel_size": "1100",
    "max_channel_size": "16777216"
}
