{
    "graph_diameter": 0,
    "avg_out_degree": 7.9092145528731725,
    "max_out_degree": 976,
    "num_nodes": 2941,
    "num_channels": 23261,
    "total_network_capacity": "64171829856",
    "avg_channel_size": 2758773.477322557,
    "min_channel_size": "1100",
    "max_channel_size": "16777216"
}
