{
    "graph_diameter": 0,
    "avg_out_degree": 7.953637901861252,
    "max_out_degree": 972,
    "num_nodes": 2955,
    "num_channels": 23503,
    "total_network_capacity": "64784497732",
    "avg_channel_size": 2756435.2521805726,
    "min_channel_size": "1100",
    "max_channel_size": "16777216"
}
