{
    "graph_diameter": 0,
    "avg_out_degree": 7.609114249037227,
    "max_out_degree": 976,
    "num_nodes": 3116,
    "num_channels": 23710,
    "total_network_capacity": "64630479758",
    "avg_channel_size": 2725874.3044285113,
    "min_channel_size": "1050",
    "max_channel_size": "16777216"
}
