{
    "graph_diameter": 0,
    "avg_out_degree": 7.9568614130434785,
    "max_out_degree": 969,
    "num_nodes": 2944,
    "num_channels": 23425,
    "total_network_capacity": "64543861388",
    "avg_channel_size": 2755340.9343863395,
    "min_channel_size": "1100",
    "max_channel_size": "16777216"
}
