{
    "graph_diameter": 0,
    "avg_out_degree": 7.959565069656813,
    "max_out_degree": 970,
    "num_nodes": 2943,
    "num_channels": 23425,
    "total_network_capacity": "64575735935",
    "avg_channel_size": 2756701.6407684097,
    "min_channel_size": "1100",
    "max_channel_size": "16777216"
}
