{
    "graph_diameter": 0,
    "avg_out_degree": 7.970337538356631,
    "max_out_degree": 977,
    "num_nodes": 2933,
    "num_channels": 23377,
    "total_network_capacity": "64493980975",
    "avg_channel_size": 2758864.737776447,
    "min_channel_size": "1100",
    "max_channel_size": "16777216"
}
