{
    "graph_diameter": 0,
    "avg_out_degree": 7.958079783637593,
    "max_out_degree": 972,
    "num_nodes": 2958,
    "num_channels": 23540,
    "total_network_capacity": "64807035146",
    "avg_channel_size": 2753060.1166525064,
    "min_channel_size": "1100",
    "max_channel_size": "16777216"
}
