{
    "graph_diameter": 0,
    "avg_out_degree": 7.910544217687074,
    "max_out_degree": 976,
    "num_nodes": 2940,
    "num_channels": 23257,
    "total_network_capacity": "64206035520",
    "avg_channel_size": 2760718.730704734,
    "min_channel_size": "1100",
    "max_channel_size": "16777216"
}
