{
    "graph_diameter": 0,
    "avg_out_degree": 7.95189701897019,
    "max_out_degree": 973,
    "num_nodes": 2952,
    "num_channels": 23474,
    "total_network_capacity": "64683604967",
    "avg_channel_size": 2755542.5137173044,
    "min_channel_size": "1100",
    "max_channel_size": "16777216"
}
