{
    "graph_diameter": 0,
    "avg_out_degree": 7.969707283866576,
    "max_out_degree": 977,
    "num_nodes": 2938,
    "num_channels": 23415,
    "total_network_capacity": "64525398805",
    "avg_channel_size": 2755729.182361734,
    "min_channel_size": "1100",
    "max_channel_size": "16777216"
}
