{
    "graph_diameter": 0,
    "avg_out_degree": 7.913605442176871,
    "max_out_degree": 976,
    "num_nodes": 2940,
    "num_channels": 23266,
    "total_network_capacity": "64196549620",
    "avg_channel_size": 2759243.0851886873,
    "min_channel_size": "1100",
    "max_channel_size": "16777216"
}
