{
    "graph_diameter": 0,
    "avg_out_degree": 7.576076555023923,
    "max_out_degree": 976,
    "num_nodes": 3135,
    "num_channels": 23751,
    "total_network_capacity": "64634732113",
    "avg_channel_size": 2721347.8216917184,
    "min_channel_size": "1050",
    "max_channel_size": "16777216"
}
