{
    "graph_diameter": 0,
    "avg_out_degree": 7.9526244035446485,
    "max_out_degree": 977,
    "num_nodes": 2934,
    "num_channels": 23333,
    "total_network_capacity": "64348222428",
    "avg_channel_size": 2757820.3586336947,
    "min_channel_size": "1100",
    "max_channel_size": "16777216"
}
