{
    "graph_diameter": 0,
    "avg_out_degree": 7.949898442789438,
    "max_out_degree": 972,
    "num_nodes": 2954,
    "num_channels": 23484,
    "total_network_capacity": "64745907067",
    "avg_channel_size": 2757022.1030063024,
    "min_channel_size": "1100",
    "max_channel_size": "16777216"
}
