{
    "graph_diameter": 0,
    "avg_out_degree": 7.957963089542037,
    "max_out_degree": 976,
    "num_nodes": 2926,
    "num_channels": 23285,
    "total_network_capacity": "64246817226",
    "avg_channel_size": 2759150.4069572687,
    "min_channel_size": "1100",
    "max_channel_size": "16777216"
}
