{
    "graph_diameter": 0,
    "avg_out_degree": 7.966973101804562,
    "max_out_degree": 972,
    "num_nodes": 2937,
    "num_channels": 23399,
    "total_network_capacity": "64524909809",
    "avg_channel_size": 2757592.6240010257,
    "min_channel_size": "1100",
    "max_channel_size": "16777216"
}
