{
    "graph_diameter": 0,
    "avg_out_degree": 7.9581222559945966,
    "max_out_degree": 972,
    "num_nodes": 2961,
    "num_channels": 23564,
    "total_network_capacity": "64819828830",
    "avg_channel_size": 2750799.0506705143,
    "min_channel_size": "1100",
    "max_channel_size": "16777216"
}
