{
    "graph_diameter": 0,
    "avg_out_degree": 7.971749489448604,
    "max_out_degree": 977,
    "num_nodes": 2938,
    "num_channels": 23421,
    "total_network_capacity": "64551600547",
    "avg_channel_size": 2756141.9472695445,
    "min_channel_size": "1100",
    "max_channel_size": "16777216"
}
