{
    "graph_diameter": 0,
    "avg_out_degree": 7.9528333898880215,
    "max_out_degree": 969,
    "num_nodes": 2947,
    "num_channels": 23437,
    "total_network_capacity": "64563237992",
    "avg_channel_size": 2754756.922473013,
    "min_channel_size": "1100",
    "max_channel_size": "16777216"
}
