{
    "graph_diameter": 0,
    "avg_out_degree": 7.957880434782608,
    "max_out_degree": 969,
    "num_nodes": 2944,
    "num_channels": 23428,
    "total_network_capacity": "64558000350",
    "avg_channel_size": 2755591.614734506,
    "min_channel_size": "1100",
    "max_channel_size": "16777216"
}
