{
    "graph_diameter": 0,
    "avg_out_degree": 7.957055214723926,
    "max_out_degree": 977,
    "num_nodes": 2934,
    "num_channels": 23346,
    "total_network_capacity": "64401642998",
    "avg_channel_size": 2758572.903195408,
    "min_channel_size": "1100",
    "max_channel_size": "16777216"
}
