{
    "graph_diameter": 0,
    "avg_out_degree": 7.96014859844647,
    "max_out_degree": 972,
    "num_nodes": 2961,
    "num_channels": 23570,
    "total_network_capacity": "64829938830",
    "avg_channel_size": 2750527.739923632,
    "min_channel_size": "1100",
    "max_channel_size": "16777216"
}
