{
    "graph_diameter": 0,
    "avg_out_degree": 7.961421319796954,
    "max_out_degree": 972,
    "num_nodes": 2955,
    "num_channels": 23526,
    "total_network_capacity": "64789857732",
    "avg_channel_size": 2753968.2790104565,
    "min_channel_size": "1100",
    "max_channel_size": "16777216"
}
