{
    "graph_diameter": 0,
    "avg_out_degree": 7.959781867757328,
    "max_out_degree": 977,
    "num_nodes": 2934,
    "num_channels": 23354,
    "total_network_capacity": "64412420656",
    "avg_channel_size": 2758089.434615055,
    "min_channel_size": "1100",
    "max_channel_size": "16777216"
}
