{
    "graph_diameter": 0,
    "avg_out_degree": 7.961224489795918,
    "max_out_degree": 974,
    "num_nodes": 2940,
    "num_channels": 23406,
    "total_network_capacity": "64496223053",
    "avg_channel_size": 2755542.299111339,
    "min_channel_size": "1100",
    "max_channel_size": "16777216"
}
