{
    "graph_diameter": 0,
    "avg_out_degree": 7.964589717398706,
    "max_out_degree": 972,
    "num_nodes": 2937,
    "num_channels": 23392,
    "total_network_capacity": "64501626633",
    "avg_channel_size": 2757422.4791809167,
    "min_channel_size": "1100",
    "max_channel_size": "16777216"
}
