{
    "graph_diameter": 0,
    "avg_out_degree": 7.9622448979591836,
    "max_out_degree": 974,
    "num_nodes": 2940,
    "num_channels": 23409,
    "total_network_capacity": "64513458345",
    "avg_channel_size": 2755925.4280404975,
    "min_channel_size": "1100",
    "max_channel_size": "16777216"
}
