{
    "graph_diameter": 0,
    "avg_out_degree": 7.957080094626563,
    "max_out_degree": 972,
    "num_nodes": 2959,
    "num_channels": 23545,
    "total_network_capacity": "64797059497",
    "avg_channel_size": 2752051.7943087704,
    "min_channel_size": "1100",
    "max_channel_size": "16777216"
}
