{
    "graph_diameter": 0,
    "avg_out_degree": 7.957396046353102,
    "max_out_degree": 977,
    "num_nodes": 2934,
    "num_channels": 23347,
    "total_network_capacity": "64402042998",
    "avg_channel_size": 2758471.880669893,
    "min_channel_size": "1100",
    "max_channel_size": "16777216"
}
