{
    "graph_diameter": 0,
    "avg_out_degree": 7.953898305084746,
    "max_out_degree": 973,
    "num_nodes": 2950,
    "num_channels": 23464,
    "total_network_capacity": "64593683762",
    "avg_channel_size": 2752884.579014661,
    "min_channel_size": "1100",
    "max_channel_size": "16777216"
}
