{
    "graph_diameter": 0,
    "avg_out_degree": 7.970668485675307,
    "max_out_degree": 977,
    "num_nodes": 2932,
    "num_channels": 23370,
    "total_network_capacity": "64472402114",
    "avg_channel_size": 2758767.741292255,
    "min_channel_size": "1100",
    "max_channel_size": "16777216"
}
