{
    "graph_diameter": 0,
    "avg_out_degree": 7.9635558583106265,
    "max_out_degree": 977,
    "num_nodes": 2936,
    "num_channels": 23381,
    "total_network_capacity": "64497880975",
    "avg_channel_size": 2758559.5558359353,
    "min_channel_size": "1100",
    "max_channel_size": "16777216"
}
