{
    "graph_diameter": 0,
    "avg_out_degree": 7.953299492385787,
    "max_out_degree": 972,
    "num_nodes": 2955,
    "num_channels": 23502,
    "total_network_capacity": "64784097732",
    "avg_channel_size": 2756535.5174878733,
    "min_channel_size": "1100",
    "max_channel_size": "16777216"
}
