{
    "graph_diameter": 0,
    "avg_out_degree": 7.969366916269571,
    "max_out_degree": 977,
    "num_nodes": 2938,
    "num_channels": 23414,
    "total_network_capacity": "64525098805",
    "avg_channel_size": 2755834.06530281,
    "min_channel_size": "1100",
    "max_channel_size": "16777216"
}
