{
    "graph_diameter": 0,
    "avg_out_degree": 7.976855003403676,
    "max_out_degree": 976,
    "num_nodes": 2938,
    "num_channels": 23436,
    "total_network_capacity": "64596435360",
    "avg_channel_size": 2756290.977982591,
    "min_channel_size": "1100",
    "max_channel_size": "16777216"
}
