{
    "graph_diameter": 0,
    "avg_out_degree": 7.954312990112513,
    "max_out_degree": 977,
    "num_nodes": 2933,
    "num_channels": 23330,
    "total_network_capacity": "64306856004",
    "avg_channel_size": 2756401.886155165,
    "min_channel_size": "1100",
    "max_channel_size": "16777216"
}
