{
    "graph_diameter": 0,
    "avg_out_degree": 7.959080148799459,
    "max_out_degree": 972,
    "num_nodes": 2957,
    "num_channels": 23535,
    "total_network_capacity": "64795782732",
    "avg_channel_size": 2753166.888973869,
    "min_channel_size": "1100",
    "max_channel_size": "16777216"
}
