{
    "graph_diameter": 0,
    "avg_out_degree": 7.963945578231293,
    "max_out_degree": 970,
    "num_nodes": 2940,
    "num_channels": 23414,
    "total_network_capacity": "64580675356",
    "avg_channel_size": 2758207.7114546853,
    "min_channel_size": "1100",
    "max_channel_size": "16777216"
}
