{
    "graph_diameter": 0,
    "avg_out_degree": 7.967950903511762,
    "max_out_degree": 977,
    "num_nodes": 2933,
    "num_channels": 23370,
    "total_network_capacity": "64472618900",
    "avg_channel_size": 2758777.01754386,
    "min_channel_size": "1100",
    "max_channel_size": "16777216"
}
