{
    "graph_diameter": 0,
    "avg_out_degree": 7.969005449591281,
    "max_out_degree": 977,
    "num_nodes": 2936,
    "num_channels": 23397,
    "total_network_capacity": "64522963107",
    "avg_channel_size": 2757745.1428388255,
    "min_channel_size": "1100",
    "max_channel_size": "16777216"
}
