{
    "graph_diameter": 0,
    "avg_out_degree": 7.963933310649881,
    "max_out_degree": 972,
    "num_nodes": 2939,
    "num_channels": 23406,
    "total_network_capacity": "64528833457",
    "avg_channel_size": 2756935.5488763563,
    "min_channel_size": "1100",
    "max_channel_size": "16777216"
}
