{
    "graph_diameter": 0,
    "avg_out_degree": 7.960910944935418,
    "max_out_degree": 970,
    "num_nodes": 2942,
    "num_channels": 23421,
    "total_network_capacity": "64572715935",
    "avg_channel_size": 2757043.505187652,
    "min_channel_size": "1100",
    "max_channel_size": "16777216"
}
