{
    "graph_diameter": 0,
    "avg_out_degree": 7.9549305320230435,
    "max_out_degree": 972,
    "num_nodes": 2951,
    "num_channels": 23475,
    "total_network_capacity": "64700534005",
    "avg_channel_size": 2756146.283493078,
    "min_channel_size": "1100",
    "max_channel_size": "16777216"
}
