{
    "graph_diameter": 0,
    "avg_out_degree": 7.962572303504594,
    "max_out_degree": 972,
    "num_nodes": 2939,
    "num_channels": 23402,
    "total_network_capacity": "64526537794",
    "avg_channel_size": 2757308.682762157,
    "min_channel_size": "1100",
    "max_channel_size": "16777216"
}
