{
    "graph_diameter": 0,
    "avg_out_degree": 7.959863945578231,
    "max_out_degree": 972,
    "num_nodes": 2940,
    "num_channels": 23402,
    "total_network_capacity": "64527776636",
    "avg_channel_size": 2757361.6202034014,
    "min_channel_size": "1100",
    "max_channel_size": "16777216"
}
