{
    "graph_diameter": 0,
    "avg_out_degree": 7.950221616092738,
    "max_out_degree": 976,
    "num_nodes": 2933,
    "num_channels": 23318,
    "total_network_capacity": "64289926345",
    "avg_channel_size": 2757094.3625096492,
    "min_channel_size": "1100",
    "max_channel_size": "16777216"
}
