{
    "graph_diameter": 0,
    "avg_out_degree": 7.9618788291354665,
    "max_out_degree": 972,
    "num_nodes": 2938,
    "num_channels": 23392,
    "total_network_capacity": "64501615329",
    "avg_channel_size": 2757421.9959387826,
    "min_channel_size": "1100",
    "max_channel_size": "16777216"
}
