{
    "graph_diameter": 0,
    "avg_out_degree": 7.957040572792363,
    "max_out_degree": 977,
    "num_nodes": 2933,
    "num_channels": 23338,
    "total_network_capacity": "64343991392",
    "avg_channel_size": 2757048.221441426,
    "min_channel_size": "1100",
    "max_channel_size": "16777216"
}
