{
    "graph_diameter": 0,
    "avg_out_degree": 7.958946288060212,
    "max_out_degree": 976,
    "num_nodes": 2923,
    "num_channels": 23264,
    "total_network_capacity": "64217589968",
    "avg_channel_size": 2760384.713204952,
    "min_channel_size": "1100",
    "max_channel_size": "16777216"
}
