{
    "graph_diameter": 0,
    "avg_out_degree": 7.959473150962513,
    "max_out_degree": 972,
    "num_nodes": 2961,
    "num_channels": 23568,
    "total_network_capacity": "64827438830",
    "avg_channel_size": 2750655.0759504414,
    "min_channel_size": "1100",
    "max_channel_size": "16777216"
}
