{
    "graph_diameter": 0,
    "avg_out_degree": 7.953252032520325,
    "max_out_degree": 973,
    "num_nodes": 2952,
    "num_channels": 23478,
    "total_network_capacity": "64696581491",
    "avg_channel_size": 2755625.755643581,
    "min_channel_size": "1100",
    "max_channel_size": "16777216"
}
