{
    "graph_diameter": 0,
    "avg_out_degree": 7.749342105263158,
    "max_out_degree": 976,
    "num_nodes": 3040,
    "num_channels": 23558,
    "total_network_capacity": "64586816432",
    "avg_channel_size": 2741608.643857713,
    "min_channel_size": "1050",
    "max_channel_size": "16777216"
}
