{
    "graph_diameter": 0,
    "avg_out_degree": 7.966632618318012,
    "max_out_degree": 972,
    "num_nodes": 2937,
    "num_channels": 23398,
    "total_network_capacity": "64508909809",
    "avg_channel_size": 2757026.660782973,
    "min_channel_size": "1100",
    "max_channel_size": "16777216"
}
