{
    "graph_diameter": 0,
    "avg_out_degree": 7.953496266123557,
    "max_out_degree": 969,
    "num_nodes": 2946,
    "num_channels": 23431,
    "total_network_capacity": "64561708486",
    "avg_channel_size": 2755397.0588536556,
    "min_channel_size": "1100",
    "max_channel_size": "16777216"
}
