{
    "graph_diameter": 0,
    "avg_out_degree": 7.958632478632478,
    "max_out_degree": 976,
    "num_nodes": 2925,
    "num_channels": 23279,
    "total_network_capacity": "64237278726",
    "avg_channel_size": 2759451.8117616735,
    "min_channel_size": "1100",
    "max_channel_size": "16777216"
}
