{
    "graph_diameter": 0,
    "avg_out_degree": 7.956358677122401,
    "max_out_degree": 977,
    "num_nodes": 2933,
    "num_channels": 23336,
    "total_network_capacity": "64339056004",
    "avg_channel_size": 2757073.0203976687,
    "min_channel_size": "1100",
    "max_channel_size": "16777216"
}
