{
    "graph_diameter": 0,
    "avg_out_degree": 7.959183673469388,
    "max_out_degree": 971,
    "num_nodes": 2940,
    "num_channels": 23400,
    "total_network_capacity": "64527602039",
    "avg_channel_size": 2757589.830726496,
    "min_channel_size": "1100",
    "max_channel_size": "16777216"
}
