{
    "graph_diameter": 0,
    "avg_out_degree": 7.956624872924432,
    "max_out_degree": 972,
    "num_nodes": 2951,
    "num_channels": 23480,
    "total_network_capacity": "64743695782",
    "avg_channel_size": 2757397.6057069846,
    "min_channel_size": "1100",
    "max_channel_size": "16777216"
}
