{
    "graph_diameter": 0,
    "avg_out_degree": 7.954069571090848,
    "max_out_degree": 972,
    "num_nodes": 2961,
    "num_channels": 23552,
    "total_network_capacity": "64805077032",
    "avg_channel_size": 2751574.2625679346,
    "min_channel_size": "1100",
    "max_channel_size": "16777216"
}
