{
    "graph_diameter": 0,
    "avg_out_degree": 7.961904761904762,
    "max_out_degree": 974,
    "num_nodes": 2940,
    "num_channels": 23408,
    "total_network_capacity": "64504458345",
    "avg_channel_size": 2755658.6784432675,
    "min_channel_size": "1100",
    "max_channel_size": "16777216"
}
