{
    "graph_diameter": 0,
    "avg_out_degree": 7.577671451355662,
    "max_out_degree": 976,
    "num_nodes": 3135,
    "num_channels": 23756,
    "total_network_capacity": "64638433213",
    "avg_channel_size": 2720930.84749116,
    "min_channel_size": "1050",
    "max_channel_size": "16777216"
}
