{
    "graph_diameter": 0,
    "avg_out_degree": 7.9580939506590065,
    "max_out_degree": 972,
    "num_nodes": 2959,
    "num_channels": 23548,
    "total_network_capacity": "64798884497",
    "avg_channel_size": 2751778.6859605913,
    "min_channel_size": "1100",
    "max_channel_size": "16777216"
}
