{
    "graph_diameter": 0,
    "avg_out_degree": 7.956032719836401,
    "max_out_degree": 977,
    "num_nodes": 2934,
    "num_channels": 23343,
    "total_network_capacity": "64393045682",
    "avg_channel_size": 2758559.1261620186,
    "min_channel_size": "1100",
    "max_channel_size": "16777216"
}
