{
    "graph_diameter": 0,
    "avg_out_degree": 7.960432871153196,
    "max_out_degree": 972,
    "num_nodes": 2957,
    "num_channels": 23539,
    "total_network_capacity": "64808253188",
    "avg_channel_size": 2753228.8197459537,
    "min_channel_size": "1100",
    "max_channel_size": "16777216"
}
