{
    "graph_diameter": 0,
    "avg_out_degree": 7.9522357723577235,
    "max_out_degree": 973,
    "num_nodes": 2952,
    "num_channels": 23475,
    "total_network_capacity": "64683800656",
    "avg_channel_size": 2755433.4677742277,
    "min_channel_size": "1100",
    "max_channel_size": "16777216"
}
