{
    "graph_diameter": 0,
    "avg_out_degree": 7.957741717376606,
    "max_out_degree": 972,
    "num_nodes": 2958,
    "num_channels": 23539,
    "total_network_capacity": "64807005146",
    "avg_channel_size": 2753175.7995666764,
    "min_channel_size": "1100",
    "max_channel_size": "16777216"
}
