{
    "graph_diameter": 0,
    "avg_out_degree": 7.9758339006126615,
    "max_out_degree": 976,
    "num_nodes": 2938,
    "num_channels": 23433,
    "total_network_capacity": "64589579437",
    "avg_channel_size": 2756351.275423548,
    "min_channel_size": "1100",
    "max_channel_size": "16777216"
}
