{
    "graph_diameter": 0,
    "avg_out_degree": 7.962110960757781,
    "max_out_degree": 972,
    "num_nodes": 2956,
    "num_channels": 23536,
    "total_network_capacity": "64797450528",
    "avg_channel_size": 2753120.7736233855,
    "min_channel_size": "1100",
    "max_channel_size": "16777216"
}
