{
    "graph_diameter": 0,
    "avg_out_degree": 7.954560868090878,
    "max_out_degree": 972,
    "num_nodes": 2949,
    "num_channels": 23458,
    "total_network_capacity": "64588321976",
    "avg_channel_size": 2753360.131980561,
    "min_channel_size": "1100",
    "max_channel_size": "16777216"
}
