{
    "graph_diameter": 0,
    "avg_out_degree": 7.955578162088844,
    "max_out_degree": 972,
    "num_nodes": 2949,
    "num_channels": 23461,
    "total_network_capacity": "64590933669",
    "avg_channel_size": 2753119.375516815,
    "min_channel_size": "1100",
    "max_channel_size": "16777216"
}
