{
    "graph_diameter": 0,
    "avg_out_degree": 7.9679618268575325,
    "max_out_degree": 977,
    "num_nodes": 2934,
    "num_channels": 23378,
    "total_network_capacity": "64494380975",
    "avg_channel_size": 2758763.8367268373,
    "min_channel_size": "1100",
    "max_channel_size": "16777216"
}
