{
    "graph_diameter": 0,
    "avg_out_degree": 7.956209373930893,
    "max_out_degree": 976,
    "num_nodes": 2923,
    "num_channels": 23256,
    "total_network_capacity": "64205035520",
    "avg_channel_size": 2760794.441004472,
    "min_channel_size": "1100",
    "max_channel_size": "16777216"
}
