{
    "graph_diameter": 0,
    "avg_out_degree": 7.9683350357507665,
    "max_out_degree": 977,
    "num_nodes": 2937,
    "num_channels": 23403,
    "total_network_capacity": "64515609922",
    "avg_channel_size": 2756723.9209503056,
    "min_channel_size": "1100",
    "max_channel_size": "16777216"
}
