{
    "graph_diameter": 0,
    "avg_out_degree": 7.951541850220265,
    "max_out_degree": 973,
    "num_nodes": 2951,
    "num_channels": 23465,
    "total_network_capacity": "64600608561",
    "avg_channel_size": 2753062.372086086,
    "min_channel_size": "1100",
    "max_channel_size": "16777216"
}
