{
    "graph_diameter": 0,
    "avg_out_degree": 7.9642614023144995,
    "max_out_degree": 977,
    "num_nodes": 2938,
    "num_channels": 23399,
    "total_network_capacity": "64538543144",
    "avg_channel_size": 2758175.2700542756,
    "min_channel_size": "1100",
    "max_channel_size": "16777216"
}
