{
    "graph_diameter": 0,
    "avg_out_degree": 7.987504221546775,
    "max_out_degree": 967,
    "num_nodes": 2961,
    "num_channels": 23651,
    "total_network_capacity": "65123993564",
    "avg_channel_size": 2753540.804363452,
    "min_channel_size": "1100",
    "max_channel_size": "16777216"
}
