{
    "graph_diameter": 0,
    "avg_out_degree": 8.006416751097602,
    "max_out_degree": 975,
    "num_nodes": 2961,
    "num_channels": 23707,
    "total_network_capacity": "65048337220",
    "avg_channel_size": 2743845.160501118,
    "min_channel_size": "1100",
    "max_channel_size": "16777216"
}
