{
    "graph_diameter": 0,
    "avg_out_degree": 8.007096992227103,
    "max_out_degree": 970,
    "num_nodes": 2959,
    "num_channels": 23693,
    "total_network_capacity": "65092103477",
    "avg_channel_size": 2747313.699278268,
    "min_channel_size": "1100",
    "max_channel_size": "16777216"
}
