{
    "graph_diameter": 0,
    "avg_out_degree": 7.984812689841377,
    "max_out_degree": 974,
    "num_nodes": 2963,
    "num_channels": 23659,
    "total_network_capacity": "65022947539",
    "avg_channel_size": 2748338.7944968087,
    "min_channel_size": "1100",
    "max_channel_size": "16777216"
}
