{
    "graph_diameter": 0,
    "avg_out_degree": 8.00777027027027,
    "max_out_degree": 969,
    "num_nodes": 2960,
    "num_channels": 23703,
    "total_network_capacity": "65155320756",
    "avg_channel_size": 2748821.7000379697,
    "min_channel_size": "1100",
    "max_channel_size": "16777216"
}
