{
    "graph_diameter": 0,
    "avg_out_degree": 7.963851351351352,
    "max_out_degree": 973,
    "num_nodes": 2960,
    "num_channels": 23573,
    "total_network_capacity": "64827371467",
    "avg_channel_size": 2750068.784923429,
    "min_channel_size": "1100",
    "max_channel_size": "16777216"
}
