{
    "graph_diameter": 0,
    "avg_out_degree": 7.998312521093486,
    "max_out_degree": 974,
    "num_nodes": 2963,
    "num_channels": 23699,
    "total_network_capacity": "65041604817",
    "avg_channel_size": 2744487.3124182457,
    "min_channel_size": "1100",
    "max_channel_size": "16777216"
}
