{
    "graph_diameter": 0,
    "avg_out_degree": 8.013175675675676,
    "max_out_degree": 974,
    "num_nodes": 2960,
    "num_channels": 23719,
    "total_network_capacity": "65119490848",
    "avg_channel_size": 2745456.842531304,
    "min_channel_size": "1100",
    "max_channel_size": "16777216"
}
