{
    "graph_diameter": 0,
    "avg_out_degree": 7.9972972972972975,
    "max_out_degree": 971,
    "num_nodes": 2960,
    "num_channels": 23672,
    "total_network_capacity": "65135527362",
    "avg_channel_size": 2751585.305931058,
    "min_channel_size": "1100",
    "max_channel_size": "16777216"
}
