{
    "graph_diameter": 0,
    "avg_out_degree": 8.005405405405405,
    "max_out_degree": 970,
    "num_nodes": 2960,
    "num_channels": 23696,
    "total_network_capacity": "65116691390",
    "avg_channel_size": 2748003.519159352,
    "min_channel_size": "1100",
    "max_channel_size": "16777216"
}
