{
    "graph_diameter": 0,
    "avg_out_degree": 8.006756756756756,
    "max_out_degree": 975,
    "num_nodes": 2960,
    "num_channels": 23700,
    "total_network_capacity": "65051868161",
    "avg_channel_size": 2744804.5637552743,
    "min_channel_size": "1100",
    "max_channel_size": "16777216"
}
