{
    "graph_diameter": 0,
    "avg_out_degree": 7.9672407970280315,
    "max_out_degree": 972,
    "num_nodes": 2961,
    "num_channels": 23591,
    "total_network_capacity": "64849487867",
    "avg_channel_size": 2748907.9677419355,
    "min_channel_size": "1100",
    "max_channel_size": "16777216"
}
