{
    "graph_diameter": 0,
    "avg_out_degree": 8.009456264775414,
    "max_out_degree": 971,
    "num_nodes": 2961,
    "num_channels": 23716,
    "total_network_capacity": "65259921954",
    "avg_channel_size": 2751725.4998313375,
    "min_channel_size": "1100",
    "max_channel_size": "16777216"
}
