{
    "graph_diameter": 0,
    "avg_out_degree": 7.984126984126984,
    "max_out_degree": 973,
    "num_nodes": 2961,
    "num_channels": 23641,
    "total_network_capacity": "64950508881",
    "avg_channel_size": 2747367.238314792,
    "min_channel_size": "1100",
    "max_channel_size": "16777216"
}
