{
    "graph_diameter": 0,
    "avg_out_degree": 8.010810810810812,
    "max_out_degree": 972,
    "num_nodes": 2960,
    "num_channels": 23712,
    "total_network_capacity": "65244608781",
    "avg_channel_size": 2751543.8925860324,
    "min_channel_size": "1100",
    "max_channel_size": "16777216"
}
