{
    "graph_diameter": 0,
    "avg_out_degree": 8.008108108108107,
    "max_out_degree": 975,
    "num_nodes": 2960,
    "num_channels": 23704,
    "total_network_capacity": "65046233260",
    "avg_channel_size": 2744103.6643604455,
    "min_channel_size": "1100",
    "max_channel_size": "16777216"
}
