{
    "graph_diameter": 0,
    "avg_out_degree": 7.981081081081081,
    "max_out_degree": 973,
    "num_nodes": 2960,
    "num_channels": 23624,
    "total_network_capacity": "64927466491",
    "avg_channel_size": 2748368.882958009,
    "min_channel_size": "1100",
    "max_channel_size": "16777216"
}
