{
    "graph_diameter": 0,
    "avg_out_degree": 7.981762917933131,
    "max_out_degree": 973,
    "num_nodes": 2961,
    "num_channels": 23634,
    "total_network_capacity": "64951895894",
    "avg_channel_size": 2748239.6502496405,
    "min_channel_size": "1100",
    "max_channel_size": "16777216"
}
