{
    "graph_diameter": 0,
    "avg_out_degree": 8.005407232173031,
    "max_out_degree": 971,
    "num_nodes": 2959,
    "num_channels": 23688,
    "total_network_capacity": "65153882118",
    "avg_channel_size": 2750501.6091691996,
    "min_channel_size": "1100",
    "max_channel_size": "16777216"
}
