{
    "graph_diameter": 0,
    "avg_out_degree": 8.00472972972973,
    "max_out_degree": 969,
    "num_nodes": 2960,
    "num_channels": 23694,
    "total_network_capacity": "65177310762",
    "avg_channel_size": 2750793.9040263356,
    "min_channel_size": "1100",
    "max_channel_size": "16777216"
}
