{
    "graph_diameter": 0,
    "avg_out_degree": 7.968581081081081,
    "max_out_degree": 972,
    "num_nodes": 2960,
    "num_channels": 23587,
    "total_network_capacity": "64875896149",
    "avg_channel_size": 2750493.752872345,
    "min_channel_size": "1100",
    "max_channel_size": "16777216"
}
