{
    "graph_diameter": 0,
    "avg_out_degree": 8.012837837837838,
    "max_out_degree": 973,
    "num_nodes": 2960,
    "num_channels": 23718,
    "total_network_capacity": "65143657245",
    "avg_channel_size": 2746591.5020237793,
    "min_channel_size": "1100",
    "max_channel_size": "16777216"
}
