{
    "graph_diameter": 0,
    "avg_out_degree": 8.00405131667792,
    "max_out_degree": 975,
    "num_nodes": 2962,
    "num_channels": 23708,
    "total_network_capacity": "65051083375",
    "avg_channel_size": 2743845.2579298127,
    "min_channel_size": "1100",
    "max_channel_size": "16777216"
}
