{
    "graph_diameter": 0,
    "avg_out_degree": 7.982444294395679,
    "max_out_degree": 973,
    "num_nodes": 2962,
    "num_channels": 23644,
    "total_network_capacity": "64950659620",
    "avg_channel_size": 2747025.021992895,
    "min_channel_size": "1100",
    "max_channel_size": "16777216"
}
