{
    "graph_diameter": 0,
    "avg_out_degree": 8.011148648648648,
    "max_out_degree": 971,
    "num_nodes": 2960,
    "num_channels": 23713,
    "total_network_capacity": "65256982635",
    "avg_channel_size": 2751949.674651035,
    "min_channel_size": "1100",
    "max_channel_size": "16777216"
}
