{
    "graph_diameter": 0,
    "avg_out_degree": 8.006083136194661,
    "max_out_degree": 971,
    "num_nodes": 2959,
    "num_channels": 23690,
    "total_network_capacity": "65153966718",
    "avg_channel_size": 2750272.972477839,
    "min_channel_size": "1100",
    "max_channel_size": "16777216"
}
