{
    "graph_diameter": 0,
    "avg_out_degree": 7.965214454576157,
    "max_out_degree": 972,
    "num_nodes": 2961,
    "num_channels": 23585,
    "total_network_capacity": "64842654237",
    "avg_channel_size": 2749317.5423786305,
    "min_channel_size": "1100",
    "max_channel_size": "16777216"
}
