{
    "graph_diameter": 0,
    "avg_out_degree": 8.009103169251517,
    "max_out_degree": 969,
    "num_nodes": 2966,
    "num_channels": 23755,
    "total_network_capacity": "65310955617",
    "avg_channel_size": 2749356.1615238898,
    "min_channel_size": "1100",
    "max_channel_size": "16777216"
}
