{
    "graph_diameter": 0,
    "avg_out_degree": 8.005743243243243,
    "max_out_degree": 970,
    "num_nodes": 2960,
    "num_channels": 23697,
    "total_network_capacity": "65116761390",
    "avg_channel_size": 2747890.5089251804,
    "min_channel_size": "1100",
    "max_channel_size": "16777216"
}
