{
    "graph_diameter": 0,
    "avg_out_degree": 8.005403579871665,
    "max_out_degree": 975,
    "num_nodes": 2961,
    "num_channels": 23704,
    "total_network_capacity": "65042787220",
    "avg_channel_size": 2743958.2863651705,
    "min_channel_size": "1100",
    "max_channel_size": "16777216"
}
