{
    "graph_diameter": 0,
    "avg_out_degree": 8.011824324324325,
    "max_out_degree": 973,
    "num_nodes": 2960,
    "num_channels": 23715,
    "total_network_capacity": "65126046728",
    "avg_channel_size": 2746196.3621336706,
    "min_channel_size": "1100",
    "max_channel_size": "16777216"
}
