{
    "graph_diameter": 0,
    "avg_out_degree": 8.00946585530764,
    "max_out_degree": 970,
    "num_nodes": 2958,
    "num_channels": 23692,
    "total_network_capacity": "65085683612",
    "avg_channel_size": 2747158.686982948,
    "min_channel_size": "1100",
    "max_channel_size": "16777216"
}
