{
    "graph_diameter": 0,
    "avg_out_degree": 8.009780775716695,
    "max_out_degree": 967,
    "num_nodes": 2965,
    "num_channels": 23749,
    "total_network_capacity": "65261308965",
    "avg_channel_size": 2747960.2915912247,
    "min_channel_size": "1100",
    "max_channel_size": "16777216"
}
