{
    "graph_diameter": 0,
    "avg_out_degree": 7.987170830519919,
    "max_out_degree": 974,
    "num_nodes": 2962,
    "num_channels": 23658,
    "total_network_capacity": "65022047539",
    "avg_channel_size": 2748416.9219291573,
    "min_channel_size": "1100",
    "max_channel_size": "16777216"
}
