{
    "graph_diameter": 0,
    "avg_out_degree": 8.012837837837838,
    "max_out_degree": 974,
    "num_nodes": 2960,
    "num_channels": 23718,
    "total_network_capacity": "65119420849",
    "avg_channel_size": 2745569.645374821,
    "min_channel_size": "1100",
    "max_channel_size": "16777216"
}
