{
    "graph_diameter": 0,
    "avg_out_degree": 8.013513513513514,
    "max_out_degree": 974,
    "num_nodes": 2960,
    "num_channels": 23720,
    "total_network_capacity": "65119540848",
    "avg_channel_size": 2745343.2060708264,
    "min_channel_size": "1100",
    "max_channel_size": "16777216"
}
