{
    "graph_diameter": 0,
    "avg_out_degree": 8.00876897133221,
    "max_out_degree": 967,
    "num_nodes": 2965,
    "num_channels": 23746,
    "total_network_capacity": "65255548965",
    "avg_channel_size": 2748064.893666302,
    "min_channel_size": "1100",
    "max_channel_size": "16777216"
}
