{
    "graph_diameter": 0,
    "avg_out_degree": 7.964189189189189,
    "max_out_degree": 973,
    "num_nodes": 2960,
    "num_channels": 23574,
    "total_network_capacity": "64827471467",
    "avg_channel_size": 2749956.3700263,
    "min_channel_size": "1100",
    "max_channel_size": "16777216"
}
