{
    "graph_diameter": 0,
    "avg_out_degree": 8.002704530087897,
    "max_out_degree": 974,
    "num_nodes": 2958,
    "num_channels": 23672,
    "total_network_capacity": "65040774676",
    "avg_channel_size": 2747582.573335586,
    "min_channel_size": "1100",
    "max_channel_size": "16777216"
}
