{
    "graph_diameter": 0,
    "avg_out_degree": 7.964527027027027,
    "max_out_degree": 973,
    "num_nodes": 2960,
    "num_channels": 23575,
    "total_network_capacity": "64827771467",
    "avg_channel_size": 2749852.4482290563,
    "min_channel_size": "1100",
    "max_channel_size": "16777216"
}
