{
    "graph_diameter": 0,
    "avg_out_degree": 8.005067567567568,
    "max_out_degree": 969,
    "num_nodes": 2960,
    "num_channels": 23695,
    "total_network_capacity": "65178310762",
    "avg_channel_size": 2750720.015277485,
    "min_channel_size": "1100",
    "max_channel_size": "16777216"
}
