{
    "graph_diameter": 0,
    "avg_out_degree": 8.008110848259546,
    "max_out_degree": 971,
    "num_nodes": 2959,
    "num_channels": 23696,
    "total_network_capacity": "65169432118",
    "avg_channel_size": 2750229.241981769,
    "min_channel_size": "1100",
    "max_channel_size": "16777216"
}
