{
    "graph_diameter": 0,
    "avg_out_degree": 7.994929006085193,
    "max_out_degree": 967,
    "num_nodes": 2958,
    "num_channels": 23649,
    "total_network_capacity": "65078006035",
    "avg_channel_size": 2751829.0851621632,
    "min_channel_size": "1100",
    "max_channel_size": "16777216"
}
