{
    "graph_diameter": 0,
    "avg_out_degree": 8.008445945945946,
    "max_out_degree": 969,
    "num_nodes": 2960,
    "num_channels": 23705,
    "total_network_capacity": "65186957971",
    "avg_channel_size": 2749924.4029107783,
    "min_channel_size": "1100",
    "max_channel_size": "16777216"
}
