{
    "graph_diameter": 0,
    "avg_out_degree": 8.011486486486486,
    "max_out_degree": 971,
    "num_nodes": 2960,
    "num_channels": 23714,
    "total_network_capacity": "65257032635",
    "avg_channel_size": 2751835.7356413933,
    "min_channel_size": "1100",
    "max_channel_size": "16777216"
}
