{
    "graph_diameter": 0,
    "avg_out_degree": 7.966554054054054,
    "max_out_degree": 972,
    "num_nodes": 2960,
    "num_channels": 23581,
    "total_network_capacity": "64839897715",
    "avg_channel_size": 2749667.0079725203,
    "min_channel_size": "1100",
    "max_channel_size": "16777216"
}
