{
    "graph_diameter": 0,
    "avg_out_degree": 7.995608108108108,
    "max_out_degree": 972,
    "num_nodes": 2960,
    "num_channels": 23667,
    "total_network_capacity": "65165266501",
    "avg_channel_size": 2753423.1842227574,
    "min_channel_size": "1100",
    "max_channel_size": "16777216"
}
