{
    "graph_diameter": 0,
    "avg_out_degree": 8.008786752281177,
    "max_out_degree": 975,
    "num_nodes": 2959,
    "num_channels": 23698,
    "total_network_capacity": "65061124676",
    "avg_channel_size": 2745426.8155962527,
    "min_channel_size": "1100",
    "max_channel_size": "16777216"
}
