{
    "graph_diameter": 0,
    "avg_out_degree": 7.997972972972973,
    "max_out_degree": 971,
    "num_nodes": 2960,
    "num_channels": 23674,
    "total_network_capacity": "65136284669",
    "avg_channel_size": 2751384.8385993075,
    "min_channel_size": "1100",
    "max_channel_size": "16777216"
}
