{
    "graph_diameter": 0,
    "avg_out_degree": 7.966216216216216,
    "max_out_degree": 972,
    "num_nodes": 2960,
    "num_channels": 23580,
    "total_network_capacity": "64834897714",
    "avg_channel_size": 2749571.5739609837,
    "min_channel_size": "1100",
    "max_channel_size": "16777216"
}
