{
    "graph_diameter": 0,
    "avg_out_degree": 8.004054054054054,
    "max_out_degree": 970,
    "num_nodes": 2960,
    "num_channels": 23692,
    "total_network_capacity": "65090264443",
    "avg_channel_size": 2747352.0362569643,
    "min_channel_size": "1100",
    "max_channel_size": "16777216"
}
