{
    "graph_diameter": 0,
    "avg_out_degree": 7.982112723590955,
    "max_out_degree": 974,
    "num_nodes": 2963,
    "num_channels": 23651,
    "total_network_capacity": "65011158620",
    "avg_channel_size": 2748769.972517018,
    "min_channel_size": "1100",
    "max_channel_size": "16777216"
}
