{
    "graph_diameter": 0,
    "avg_out_degree": 8.005743243243243,
    "max_out_degree": 975,
    "num_nodes": 2960,
    "num_channels": 23697,
    "total_network_capacity": "65031190946",
    "avg_channel_size": 2744279.4845761065,
    "min_channel_size": "1100",
    "max_channel_size": "16777216"
}
