{
    "graph_diameter": 0,
    "avg_out_degree": 8.00135043889264,
    "max_out_degree": 975,
    "num_nodes": 2962,
    "num_channels": 23700,
    "total_network_capacity": "65046043577",
    "avg_channel_size": 2744558.8007173,
    "min_channel_size": "1100",
    "max_channel_size": "16777216"
}
