{
    "graph_diameter": 0,
    "avg_out_degree": 8.010472972972973,
    "max_out_degree": 971,
    "num_nodes": 2960,
    "num_channels": 23711,
    "total_network_capacity": "65246520243",
    "avg_channel_size": 2751740.552612711,
    "min_channel_size": "1100",
    "max_channel_size": "16777216"
}
