{
    "graph_diameter": 0,
    "avg_out_degree": 7.994254815816154,
    "max_out_degree": 968,
    "num_nodes": 2959,
    "num_channels": 23655,
    "total_network_capacity": "65120822877",
    "avg_channel_size": 2752941.148890298,
    "min_channel_size": "1100",
    "max_channel_size": "16777216"
}
