{
    "graph_diameter": 0,
    "avg_out_degree": 7.965889902060115,
    "max_out_degree": 972,
    "num_nodes": 2961,
    "num_channels": 23587,
    "total_network_capacity": "64843908237",
    "avg_channel_size": 2749137.5858311784,
    "min_channel_size": "1100",
    "max_channel_size": "16777216"
}
