{
    "graph_diameter": 0,
    "avg_out_degree": 7.977702702702703,
    "max_out_degree": 972,
    "num_nodes": 2960,
    "num_channels": 23614,
    "total_network_capacity": "64888116491",
    "avg_channel_size": 2747866.37126281,
    "min_channel_size": "1100",
    "max_channel_size": "16777216"
}
