{
    "graph_diameter": 0,
    "avg_out_degree": 7.996959459459459,
    "max_out_degree": 972,
    "num_nodes": 2960,
    "num_channels": 23671,
    "total_network_capacity": "65167516501",
    "avg_channel_size": 2753052.9551349753,
    "min_channel_size": "1100",
    "max_channel_size": "16777216"
}
