{
    "graph_diameter": 0,
    "avg_out_degree": 8.007094594594594,
    "max_out_degree": 975,
    "num_nodes": 2960,
    "num_channels": 23701,
    "total_network_capacity": "65053868161",
    "avg_channel_size": 2744773.138728324,
    "min_channel_size": "1100",
    "max_channel_size": "16777216"
}
