{
    "graph_diameter": 0,
    "avg_out_degree": 7.9935789117945255,
    "max_out_degree": 967,
    "num_nodes": 2959,
    "num_channels": 23653,
    "total_network_capacity": "65069773579",
    "avg_channel_size": 2751015.6673149285,
    "min_channel_size": "1100",
    "max_channel_size": "16777216"
}
