{
    "graph_diameter": 0,
    "avg_out_degree": 7.991554054054054,
    "max_out_degree": 974,
    "num_nodes": 2960,
    "num_channels": 23655,
    "total_network_capacity": "65016080439",
    "avg_channel_size": 2748513.229296132,
    "min_channel_size": "1100",
    "max_channel_size": "16777216"
}
