{
    "graph_diameter": 0,
    "avg_out_degree": 7.991216216216216,
    "max_out_degree": 974,
    "num_nodes": 2960,
    "num_channels": 23654,
    "total_network_capacity": "65015980439",
    "avg_channel_size": 2748625.198232857,
    "min_channel_size": "1100",
    "max_channel_size": "16777216"
}
