{
    "graph_diameter": 0,
    "avg_out_degree": 7.9844647078689635,
    "max_out_degree": 973,
    "num_nodes": 2961,
    "num_channels": 23642,
    "total_network_capacity": "64950554543",
    "avg_channel_size": 2747252.962651214,
    "min_channel_size": "1100",
    "max_channel_size": "16777216"
}
