{
    "graph_diameter": 0,
    "avg_out_degree": 8.002028397565923,
    "max_out_degree": 974,
    "num_nodes": 2958,
    "num_channels": 23670,
    "total_network_capacity": "65024474676",
    "avg_channel_size": 2747126.0953105194,
    "min_channel_size": "1100",
    "max_channel_size": "16777216"
}
