{
    "graph_diameter": 0,
    "avg_out_degree": 7.9692567567567565,
    "max_out_degree": 972,
    "num_nodes": 2960,
    "num_channels": 23589,
    "total_network_capacity": "64876304149",
    "avg_channel_size": 2750277.847683242,
    "min_channel_size": "1100",
    "max_channel_size": "16777216"
}
