{
    "graph_diameter": 0,
    "avg_out_degree": 7.964864864864865,
    "max_out_degree": 973,
    "num_nodes": 2960,
    "num_channels": 23576,
    "total_network_capacity": "64831771467",
    "avg_channel_size": 2749905.474507974,
    "min_channel_size": "1100",
    "max_channel_size": "16777216"
}
