{
    "graph_diameter": 0,
    "avg_out_degree": 8.010455311973018,
    "max_out_degree": 967,
    "num_nodes": 2965,
    "num_channels": 23751,
    "total_network_capacity": "65263558965",
    "avg_channel_size": 2747823.627005179,
    "min_channel_size": "1100",
    "max_channel_size": "16777216"
}
