{
    "graph_diameter": 0,
    "avg_out_degree": 8.000337952010815,
    "max_out_degree": 971,
    "num_nodes": 2959,
    "num_channels": 23673,
    "total_network_capacity": "65127984318",
    "avg_channel_size": 2751150.4379673046,
    "min_channel_size": "1100",
    "max_channel_size": "16777216"
}
