{
    "graph_diameter": 0,
    "avg_out_degree": 7.972635135135135,
    "max_out_degree": 973,
    "num_nodes": 2960,
    "num_channels": 23599,
    "total_network_capacity": "64881968630",
    "avg_channel_size": 2749352.456883766,
    "min_channel_size": "1100",
    "max_channel_size": "16777216"
}
