{
    "graph_diameter": 0,
    "avg_out_degree": 8.00980060831362,
    "max_out_degree": 970,
    "num_nodes": 2959,
    "num_channels": 23701,
    "total_network_capacity": "65100667185",
    "avg_channel_size": 2746747.697776465,
    "min_channel_size": "1100",
    "max_channel_size": "16777216"
}
