{
    "graph_diameter": 0,
    "avg_out_degree": 8.650380021715527,
    "max_out_degree": 1031,
    "num_nodes": 3684,
    "num_channels": 31868,
    "total_network_capacity": "75173081485",
    "avg_channel_size": 2358889.2144157146,
    "min_channel_size": "1100",
    "max_channel_size": "16777216"
}
