{
    "graph_diameter": 0,
    "avg_out_degree": 8.654619565217391,
    "max_out_degree": 1008,
    "num_nodes": 3680,
    "num_channels": 31849,
    "total_network_capacity": "75058115102",
    "avg_channel_size": 2356686.7123614554,
    "min_channel_size": "1100",
    "max_channel_size": "16777216"
}
