{
    "graph_diameter": 0,
    "avg_out_degree": 8.625339120998373,
    "max_out_degree": 1029,
    "num_nodes": 3686,
    "num_channels": 31793,
    "total_network_capacity": "75237742758",
    "avg_channel_size": 2366487.678356871,
    "min_channel_size": "1100",
    "max_channel_size": "16777216"
}
