{
    "graph_diameter": 0,
    "avg_out_degree": 8.60271002710027,
    "max_out_degree": 1030,
    "num_nodes": 3690,
    "num_channels": 31744,
    "total_network_capacity": "75073638291",
    "avg_channel_size": 2364970.964308216,
    "min_channel_size": "1100",
    "max_channel_size": "16777216"
}
