{
    "graph_diameter": 0,
    "avg_out_degree": 8.64179104477612,
    "max_out_degree": 1029,
    "num_nodes": 3685,
    "num_channels": 31845,
    "total_network_capacity": "75150353385",
    "avg_channel_size": 2359879.208195949,
    "min_channel_size": "1100",
    "max_channel_size": "16777216"
}
