{
    "graph_diameter": 0,
    "avg_out_degree": 8.584706835990273,
    "max_out_degree": 1033,
    "num_nodes": 3701,
    "num_channels": 31772,
    "total_network_capacity": "75056184071",
    "avg_channel_size": 2362337.4062381973,
    "min_channel_size": "1100",
    "max_channel_size": "16777216"
}
