{
    "graph_diameter": 0,
    "avg_out_degree": 8.641248303934871,
    "max_out_degree": 1030,
    "num_nodes": 3685,
    "num_channels": 31843,
    "total_network_capacity": "75172460798",
    "avg_channel_size": 2360721.690732657,
    "min_channel_size": "1100",
    "max_channel_size": "16777216"
}
