{
    "graph_diameter": 0,
    "avg_out_degree": 8.652717391304348,
    "max_out_degree": 1008,
    "num_nodes": 3680,
    "num_channels": 31842,
    "total_network_capacity": "75051740082",
    "avg_channel_size": 2357004.5877143396,
    "min_channel_size": "1100",
    "max_channel_size": "16777216"
}
