{
    "graph_diameter": 0,
    "avg_out_degree": 8.622728505560076,
    "max_out_degree": 1029,
    "num_nodes": 3687,
    "num_channels": 31792,
    "total_network_capacity": "75232320338",
    "avg_channel_size": 2366391.5556743834,
    "min_channel_size": "1100",
    "max_channel_size": "16777216"
}
