{
    "graph_diameter": 0,
    "avg_out_degree": 8.633378561736771,
    "max_out_degree": 1032,
    "num_nodes": 3685,
    "num_channels": 31814,
    "total_network_capacity": "75165753490",
    "avg_channel_size": 2362662.773936003,
    "min_channel_size": "1100",
    "max_channel_size": "16777216"
}
