{
    "graph_diameter": 0,
    "avg_out_degree": 8.623373101952277,
    "max_out_degree": 1030,
    "num_nodes": 3688,
    "num_channels": 31803,
    "total_network_capacity": "75186310871",
    "avg_channel_size": 2364126.3676697165,
    "min_channel_size": "1100",
    "max_channel_size": "16777216"
}
