{
    "graph_diameter": 0,
    "avg_out_degree": 8.602439024390243,
    "max_out_degree": 1030,
    "num_nodes": 3690,
    "num_channels": 31743,
    "total_network_capacity": "75073275154",
    "avg_channel_size": 2365034.028100684,
    "min_channel_size": "1100",
    "max_channel_size": "16777216"
}
