{
    "graph_diameter": 0,
    "avg_out_degree": 8.633107191316146,
    "max_out_degree": 1031,
    "num_nodes": 3685,
    "num_channels": 31813,
    "total_network_capacity": "75164756966",
    "avg_channel_size": 2362705.71671958,
    "min_channel_size": "1100",
    "max_channel_size": "16777216"
}
