{
    "graph_diameter": 0,
    "avg_out_degree": 8.617344173441735,
    "max_out_degree": 1030,
    "num_nodes": 3690,
    "num_channels": 31798,
    "total_network_capacity": "75247351888",
    "avg_channel_size": 2366417.75860117,
    "min_channel_size": "1100",
    "max_channel_size": "16777216"
}
