{
    "graph_diameter": 0,
    "avg_out_degree": 8.60092115957735,
    "max_out_degree": 1030,
    "num_nodes": 3691,
    "num_channels": 31746,
    "total_network_capacity": "75066570903",
    "avg_channel_size": 2364599.348043848,
    "min_channel_size": "1100",
    "max_channel_size": "16777216"
}
