{
    "graph_diameter": 0,
    "avg_out_degree": 8.653992395437262,
    "max_out_degree": 1031,
    "num_nodes": 3682,
    "num_channels": 31864,
    "total_network_capacity": "75166976446",
    "avg_channel_size": 2358993.7373211146,
    "min_channel_size": "1100",
    "max_channel_size": "16777216"
}
