{
    "graph_diameter": 0,
    "avg_out_degree": 8.657251493753394,
    "max_out_degree": 1031,
    "num_nodes": 3682,
    "num_channels": 31876,
    "total_network_capacity": "75191308288",
    "avg_channel_size": 2358869.001380349,
    "min_channel_size": "1100",
    "max_channel_size": "16777216"
}
