{
    "graph_diameter": 0,
    "avg_out_degree": 8.659880564603691,
    "max_out_degree": 1025,
    "num_nodes": 3684,
    "num_channels": 31903,
    "total_network_capacity": "75101056281",
    "avg_channel_size": 2354043.703758267,
    "min_channel_size": "1100",
    "max_channel_size": "16777216"
}
