{
    "graph_diameter": 0,
    "avg_out_degree": 8.65878194671017,
    "max_out_degree": 1031,
    "num_nodes": 3678,
    "num_channels": 31847,
    "total_network_capacity": "75124736631",
    "avg_channel_size": 2358926.6377052786,
    "min_channel_size": "1100",
    "max_channel_size": "16777216"
}
