{
    "graph_diameter": 0,
    "avg_out_degree": 8.653710247349823,
    "max_out_degree": 1007,
    "num_nodes": 3679,
    "num_channels": 31837,
    "total_network_capacity": "75046405516",
    "avg_channel_size": 2357207.1965323365,
    "min_channel_size": "1100",
    "max_channel_size": "16777216"
}
