{
    "graph_diameter": 0,
    "avg_out_degree": 8.65679347826087,
    "max_out_degree": 1008,
    "num_nodes": 3680,
    "num_channels": 31857,
    "total_network_capacity": "75075884777",
    "avg_channel_size": 2356652.69099413,
    "min_channel_size": "1100",
    "max_channel_size": "16777216"
}
