{
    "graph_diameter": 0,
    "avg_out_degree": 8.62327095199349,
    "max_out_degree": 1029,
    "num_nodes": 3687,
    "num_channels": 31794,
    "total_network_capacity": "75238720338",
    "avg_channel_size": 2366443.99377241,
    "min_channel_size": "1100",
    "max_channel_size": "16777216"
}
