{
    "graph_diameter": 0,
    "avg_out_degree": 8.644854737985337,
    "max_out_degree": 1029,
    "num_nodes": 3683,
    "num_channels": 31839,
    "total_network_capacity": "75041503968",
    "avg_channel_size": 2356905.1781777064,
    "min_channel_size": "1100",
    "max_channel_size": "16777216"
}
