{
    "graph_diameter": 0,
    "avg_out_degree": 8.654263986963606,
    "max_out_degree": 1009,
    "num_nodes": 3682,
    "num_channels": 31865,
    "total_network_capacity": "75077517866",
    "avg_channel_size": 2356112.2820021966,
    "min_channel_size": "1100",
    "max_channel_size": "16777216"
}
