{
    "graph_diameter": 0,
    "avg_out_degree": 8.623644251626898,
    "max_out_degree": 1030,
    "num_nodes": 3688,
    "num_channels": 31804,
    "total_network_capacity": "75186065736",
    "avg_channel_size": 2364044.325745189,
    "min_channel_size": "1100",
    "max_channel_size": "16777216"
}
