{
    "graph_diameter": 0,
    "avg_out_degree": 8.636536373507058,
    "max_out_degree": 1032,
    "num_nodes": 3684,
    "num_channels": 31817,
    "total_network_capacity": "75195904966",
    "avg_channel_size": 2363387.653329981,
    "min_channel_size": "1100",
    "max_channel_size": "16777216"
}
