{
    "graph_diameter": 0,
    "avg_out_degree": 8.658245042108122,
    "max_out_degree": 1009,
    "num_nodes": 3681,
    "num_channels": 31871,
    "total_network_capacity": "75082341435",
    "avg_channel_size": 2355820.0694989176,
    "min_channel_size": "1100",
    "max_channel_size": "16777216"
}
