{
    "graph_diameter": 0,
    "avg_out_degree": 8.653908794788274,
    "max_out_degree": 1031,
    "num_nodes": 3684,
    "num_channels": 31881,
    "total_network_capacity": "75199048985",
    "avg_channel_size": 2358741.852043537,
    "min_channel_size": "1100",
    "max_channel_size": "16777216"
}
