{
    "graph_diameter": 0,
    "avg_out_degree": 8.653072321914085,
    "max_out_degree": 1031,
    "num_nodes": 3678,
    "num_channels": 31826,
    "total_network_capacity": "75103777347",
    "avg_channel_size": 2359824.588292591,
    "min_channel_size": "1100",
    "max_channel_size": "16777216"
}
