{
    "graph_diameter": 0,
    "avg_out_degree": 8.656615050258083,
    "max_out_degree": 1009,
    "num_nodes": 3681,
    "num_channels": 31865,
    "total_network_capacity": "75077349425",
    "avg_channel_size": 2356106.995920289,
    "min_channel_size": "1100",
    "max_channel_size": "16777216"
}
