{
    "graph_diameter": 0,
    "avg_out_degree": 8.599404117009751,
    "max_out_degree": 1030,
    "num_nodes": 3692,
    "num_channels": 31749,
    "total_network_capacity": "75067954142",
    "avg_channel_size": 2364419.4822514094,
    "min_channel_size": "1100",
    "max_channel_size": "16777216"
}
