{
    "graph_diameter": 0,
    "avg_out_degree": 8.665580005433306,
    "max_out_degree": 1022,
    "num_nodes": 3681,
    "num_channels": 31898,
    "total_network_capacity": "75116876685",
    "avg_channel_size": 2354908.6677848143,
    "min_channel_size": "1100",
    "max_channel_size": "16777216"
}
