{
    "graph_diameter": 0,
    "avg_out_degree": 8.621203904555314,
    "max_out_degree": 1029,
    "num_nodes": 3688,
    "num_channels": 31795,
    "total_network_capacity": "75240406601",
    "avg_channel_size": 2366422.6010693507,
    "min_channel_size": "1100",
    "max_channel_size": "16777216"
}
