{
    "graph_diameter": 0,
    "avg_out_degree": 8.64115092290988,
    "max_out_degree": 1029,
    "num_nodes": 3684,
    "num_channels": 31834,
    "total_network_capacity": "75138160516",
    "avg_channel_size": 2360311.6327197338,
    "min_channel_size": "1100",
    "max_channel_size": "16777216"
}
