{
    "graph_diameter": 0,
    "avg_out_degree": 8.635006784260515,
    "max_out_degree": 1032,
    "num_nodes": 3685,
    "num_channels": 31820,
    "total_network_capacity": "75205854966",
    "avg_channel_size": 2363477.5287869265,
    "min_channel_size": "1100",
    "max_channel_size": "16777216"
}
