{
    "graph_diameter": 0,
    "avg_out_degree": 8.640705563093622,
    "max_out_degree": 1030,
    "num_nodes": 3685,
    "num_channels": 31841,
    "total_network_capacity": "75172530798",
    "avg_channel_size": 2360872.171037342,
    "min_channel_size": "1100",
    "max_channel_size": "16777216"
}
