{
    "graph_diameter": 0,
    "avg_out_degree": 8.650271739130435,
    "max_out_degree": 1007,
    "num_nodes": 3680,
    "num_channels": 31833,
    "total_network_capacity": "75045401852",
    "avg_channel_size": 2357471.864166117,
    "min_channel_size": "1100",
    "max_channel_size": "16777216"
}
