{
    "graph_diameter": 0,
    "avg_out_degree": 8.652645861601085,
    "max_out_degree": 1032,
    "num_nodes": 3685,
    "num_channels": 31885,
    "total_network_capacity": "75188072691",
    "avg_channel_size": 2358101.6995766032,
    "min_channel_size": "1100",
    "max_channel_size": "16777216"
}
