{
    "graph_diameter": 0,
    "avg_out_degree": 8.652917232021709,
    "max_out_degree": 1032,
    "num_nodes": 3685,
    "num_channels": 31886,
    "total_network_capacity": "75193072691",
    "avg_channel_size": 2358184.554067616,
    "min_channel_size": "1100",
    "max_channel_size": "16777216"
}
