{
    "graph_diameter": 0,
    "avg_out_degree": 8.585834009191673,
    "max_out_degree": 1030,
    "num_nodes": 3699,
    "num_channels": 31759,
    "total_network_capacity": "75079225880",
    "avg_channel_size": 2364029.9090021728,
    "min_channel_size": "1100",
    "max_channel_size": "16777216"
}
