{
    "graph_diameter": 0,
    "avg_out_degree": 8.664584464964694,
    "max_out_degree": 1024,
    "num_nodes": 3682,
    "num_channels": 31903,
    "total_network_capacity": "75125343406",
    "avg_channel_size": 2354804.9840453877,
    "min_channel_size": "1100",
    "max_channel_size": "16777216"
}
