{
    "graph_diameter": 0,
    "avg_out_degree": 8.594316644113666,
    "max_out_degree": 1030,
    "num_nodes": 3695,
    "num_channels": 31756,
    "total_network_capacity": "75074831103",
    "avg_channel_size": 2364114.847682328,
    "min_channel_size": "1100",
    "max_channel_size": "16777216"
}
