{
    "graph_diameter": 0,
    "avg_out_degree": 8.634265544393157,
    "max_out_degree": 1030,
    "num_nodes": 3683,
    "num_channels": 31800,
    "total_network_capacity": "75182789534",
    "avg_channel_size": 2364238.664591195,
    "min_channel_size": "1100",
    "max_channel_size": "16777216"
}
