{
    "graph_diameter": 0,
    "avg_out_degree": 8.651630434782609,
    "max_out_degree": 1007,
    "num_nodes": 3680,
    "num_channels": 31838,
    "total_network_capacity": "75041736375",
    "avg_channel_size": 2356986.5059048934,
    "min_channel_size": "1100",
    "max_channel_size": "16777216"
}
