{
    "graph_diameter": 0,
    "avg_out_degree": 8.58286023249527,
    "max_out_degree": 1030,
    "num_nodes": 3699,
    "num_channels": 31748,
    "total_network_capacity": "75047525880",
    "avg_channel_size": 2363850.5064885975,
    "min_channel_size": "1100",
    "max_channel_size": "16777216"
}
