{
    "graph_diameter": 0,
    "avg_out_degree": 8.622999728776783,
    "max_out_degree": 1030,
    "num_nodes": 3687,
    "num_channels": 31793,
    "total_network_capacity": "75181808878",
    "avg_channel_size": 2364728.3640423995,
    "min_channel_size": "1100",
    "max_channel_size": "16777216"
}
