{
    "graph_diameter": 0,
    "avg_out_degree": 8.643768666847679,
    "max_out_degree": 1028,
    "num_nodes": 3683,
    "num_channels": 31835,
    "total_network_capacity": "75046960405",
    "avg_channel_size": 2357372.71572169,
    "min_channel_size": "1100",
    "max_channel_size": "16777216"
}
