{
    "graph_diameter": 0,
    "avg_out_degree": 8.617615176151762,
    "max_out_degree": 1030,
    "num_nodes": 3690,
    "num_channels": 31799,
    "total_network_capacity": "75247429885",
    "avg_channel_size": 2366345.7934211767,
    "min_channel_size": "1100",
    "max_channel_size": "16777216"
}
