{
    "graph_diameter": 0,
    "avg_out_degree": 8.584864864864866,
    "max_out_degree": 1032,
    "num_nodes": 3700,
    "num_channels": 31764,
    "total_network_capacity": "75055087999",
    "avg_channel_size": 2362897.8717730762,
    "min_channel_size": "1100",
    "max_channel_size": "16777216"
}
