{
    "graph_diameter": 0,
    "avg_out_degree": 8.593353147797892,
    "max_out_degree": 1036,
    "num_nodes": 3701,
    "num_channels": 31804,
    "total_network_capacity": "75030503323",
    "avg_channel_size": 2359153.04122123,
    "min_channel_size": "1100",
    "max_channel_size": "16777216"
}
