{
    "graph_diameter": 0,
    "avg_out_degree": 8.620119305856832,
    "max_out_degree": 1029,
    "num_nodes": 3688,
    "num_channels": 31791,
    "total_network_capacity": "75229890338",
    "avg_channel_size": 2366389.5548425657,
    "min_channel_size": "1100",
    "max_channel_size": "16777216"
}
