{
    "graph_diameter": 0,
    "avg_out_degree": 8.650176678445229,
    "max_out_degree": 1030,
    "num_nodes": 3679,
    "num_channels": 31824,
    "total_network_capacity": "75076601975",
    "avg_channel_size": 2359118.9660319258,
    "min_channel_size": "1100",
    "max_channel_size": "16777216"
}
