{
    "graph_diameter": 0,
    "avg_out_degree": 8.622999728776783,
    "max_out_degree": 1029,
    "num_nodes": 3687,
    "num_channels": 31793,
    "total_network_capacity": "75237720338",
    "avg_channel_size": 2366486.973170195,
    "min_channel_size": "1100",
    "max_channel_size": "16777216"
}
