{
    "graph_diameter": 0,
    "avg_out_degree": 8.583243243243244,
    "max_out_degree": 1031,
    "num_nodes": 3700,
    "num_channels": 31758,
    "total_network_capacity": "75057623991",
    "avg_channel_size": 2363424.144813905,
    "min_channel_size": "1100",
    "max_channel_size": "16777216"
}
