{
    "graph_diameter": 0,
    "avg_out_degree": 8.6414223669924,
    "max_out_degree": 1029,
    "num_nodes": 3684,
    "num_channels": 31835,
    "total_network_capacity": "75138481683",
    "avg_channel_size": 2360247.5791738653,
    "min_channel_size": "1100",
    "max_channel_size": "16777216"
}
