{
    "graph_diameter": 0,
    "avg_out_degree": 8.602981029810298,
    "max_out_degree": 1030,
    "num_nodes": 3690,
    "num_channels": 31745,
    "total_network_capacity": "75073888291",
    "avg_channel_size": 2364904.3405575682,
    "min_channel_size": "1100",
    "max_channel_size": "16777216"
}
