{
    "graph_diameter": 0,
    "avg_out_degree": 8.649633052459908,
    "max_out_degree": 1030,
    "num_nodes": 3679,
    "num_channels": 31822,
    "total_network_capacity": "75075501975",
    "avg_channel_size": 2359232.6684369305,
    "min_channel_size": "1100",
    "max_channel_size": "16777216"
}
