{
    "graph_diameter": 0,
    "avg_out_degree": 8.623813398426906,
    "max_out_degree": 1030,
    "num_nodes": 3687,
    "num_channels": 31796,
    "total_network_capacity": "75185090130",
    "avg_channel_size": 2364608.4454019372,
    "min_channel_size": "1100",
    "max_channel_size": "16777216"
}
