{
    "graph_diameter": 0,
    "avg_out_degree": 8.65019011406844,
    "max_out_degree": 1027,
    "num_nodes": 3682,
    "num_channels": 31850,
    "total_network_capacity": "75084185276",
    "avg_channel_size": 2357431.248854003,
    "min_channel_size": "1100",
    "max_channel_size": "16777216"
}
