{
    "graph_diameter": 0,
    "avg_out_degree": 8.594433936773845,
    "max_out_degree": 1036,
    "num_nodes": 3701,
    "num_channels": 31808,
    "total_network_capacity": "75035673323",
    "avg_channel_size": 2359018.904772384,
    "min_channel_size": "1100",
    "max_channel_size": "16777216"
}
