{
    "graph_diameter": 0,
    "avg_out_degree": 8.625881714595767,
    "max_out_degree": 1030,
    "num_nodes": 3686,
    "num_channels": 31795,
    "total_network_capacity": "75216341779",
    "avg_channel_size": 2365665.7266551345,
    "min_channel_size": "1100",
    "max_channel_size": "16777216"
}
