{
    "graph_diameter": 0,
    "avg_out_degree": 8.651371164811295,
    "max_out_degree": 1027,
    "num_nodes": 3683,
    "num_channels": 31863,
    "total_network_capacity": "75087237246",
    "avg_channel_size": 2356565.208737407,
    "min_channel_size": "1100",
    "max_channel_size": "16777216"
}
