{
    "graph_diameter": 0,
    "avg_out_degree": 8.64945652173913,
    "max_out_degree": 1007,
    "num_nodes": 3680,
    "num_channels": 31830,
    "total_network_capacity": "75045341852",
    "avg_channel_size": 2357692.172541627,
    "min_channel_size": "1100",
    "max_channel_size": "16777216"
}
