{
    "graph_diameter": 0,
    "avg_out_degree": 8.589029991894083,
    "max_out_degree": 1036,
    "num_nodes": 3701,
    "num_channels": 31788,
    "total_network_capacity": "75076199395",
    "avg_channel_size": 2361778.0104127345,
    "min_channel_size": "1100",
    "max_channel_size": "16777216"
}
