{
    "graph_diameter": 0,
    "avg_out_degree": 8.649551752241239,
    "max_out_degree": 1024,
    "num_nodes": 3681,
    "num_channels": 31839,
    "total_network_capacity": "75072577976",
    "avg_channel_size": 2357881.15129244,
    "min_channel_size": "1100",
    "max_channel_size": "16777216"
}
