{
    "graph_diameter": 0,
    "avg_out_degree": 8.60389084031343,
    "max_out_degree": 1088,
    "num_nodes": 3701,
    "num_channels": 31843,
    "total_network_capacity": "74976534780",
    "avg_channel_size": 2354568.815124203,
    "min_channel_size": "1100",
    "max_channel_size": "16777216"
}
