{
    "graph_diameter": 0,
    "avg_out_degree": 8.594587280108254,
    "max_out_degree": 1030,
    "num_nodes": 3695,
    "num_channels": 31757,
    "total_network_capacity": "75079831104",
    "avg_channel_size": 2364197.8494190257,
    "min_channel_size": "1100",
    "max_channel_size": "16777216"
}
