{
    "graph_diameter": 0,
    "avg_out_degree": 8.64179104477612,
    "max_out_degree": 1030,
    "num_nodes": 3685,
    "num_channels": 31845,
    "total_network_capacity": "75173167360",
    "avg_channel_size": 2360595.6150102057,
    "min_channel_size": "1100",
    "max_channel_size": "16777216"
}
