{
    "graph_diameter": 0,
    "avg_out_degree": 8.65036674816626,
    "max_out_degree": 1025,
    "num_nodes": 3681,
    "num_channels": 31842,
    "total_network_capacity": "75078947603",
    "avg_channel_size": 2357859.041611708,
    "min_channel_size": "1100",
    "max_channel_size": "16777216"
}
