{
    "graph_diameter": 0,
    "avg_out_degree": 8.640434192672998,
    "max_out_degree": 1030,
    "num_nodes": 3685,
    "num_channels": 31840,
    "total_network_capacity": "75173067360",
    "avg_channel_size": 2360963.1708542714,
    "min_channel_size": "1100",
    "max_channel_size": "16777216"
}
