{
    "graph_diameter": 0,
    "avg_out_degree": 8.657701711491443,
    "max_out_degree": 1009,
    "num_nodes": 3681,
    "num_channels": 31869,
    "total_network_capacity": "75079279445",
    "avg_channel_size": 2355871.832972481,
    "min_channel_size": "1100",
    "max_channel_size": "16777216"
}
