{
    "graph_diameter": 0,
    "avg_out_degree": 8.59821669818968,
    "max_out_degree": 1036,
    "num_nodes": 3701,
    "num_channels": 31822,
    "total_network_capacity": "75091553135",
    "avg_channel_size": 2359737.072936962,
    "min_channel_size": "1100",
    "max_channel_size": "16777216"
}
