{
    "graph_diameter": 0,
    "avg_out_degree": 8.589570386382059,
    "max_out_degree": 1036,
    "num_nodes": 3701,
    "num_channels": 31790,
    "total_network_capacity": "75080532314",
    "avg_channel_size": 2361765.7223655237,
    "min_channel_size": "1100",
    "max_channel_size": "16777216"
}
