{
    "graph_diameter": 0,
    "avg_out_degree": 8.634192672998644,
    "max_out_degree": 1031,
    "num_nodes": 3685,
    "num_channels": 31817,
    "total_network_capacity": "75164803153",
    "avg_channel_size": 2362410.1314705973,
    "min_channel_size": "1100",
    "max_channel_size": "16777216"
}
