{
    "graph_diameter": 0,
    "avg_out_degree": 8.592432432432432,
    "max_out_degree": 1036,
    "num_nodes": 3700,
    "num_channels": 31792,
    "total_network_capacity": "75090884052",
    "avg_channel_size": 2361942.7545294412,
    "min_channel_size": "1100",
    "max_channel_size": "16777216"
}
