{
    "graph_diameter": 0,
    "avg_out_degree": 8.664312873438348,
    "max_out_degree": 1024,
    "num_nodes": 3682,
    "num_channels": 31902,
    "total_network_capacity": "75124973186",
    "avg_channel_size": 2354867.1928405743,
    "min_channel_size": "1100",
    "max_channel_size": "16777216"
}
