{
    "graph_diameter": 0,
    "avg_out_degree": 8.650828129242466,
    "max_out_degree": 1027,
    "num_nodes": 3683,
    "num_channels": 31861,
    "total_network_capacity": "75085185412",
    "avg_channel_size": 2356648.737076677,
    "min_channel_size": "1100",
    "max_channel_size": "16777216"
}
