{
    "graph_diameter": 0,
    "avg_out_degree": 8.65625,
    "max_out_degree": 1008,
    "num_nodes": 3680,
    "num_channels": 31855,
    "total_network_capacity": "75075744777",
    "avg_channel_size": 2356796.2573222416,
    "min_channel_size": "1100",
    "max_channel_size": "16777216"
}
