{
    "graph_diameter": 0,
    "avg_out_degree": 8.590749256153638,
    "max_out_degree": 1030,
    "num_nodes": 3697,
    "num_channels": 31760,
    "total_network_capacity": "75077936390",
    "avg_channel_size": 2363914.8737405543,
    "min_channel_size": "1100",
    "max_channel_size": "16777216"
}
