{
    "graph_diameter": 0,
    "avg_out_degree": 8.640976933514247,
    "max_out_degree": 1030,
    "num_nodes": 3685,
    "num_channels": 31842,
    "total_network_capacity": "75175467360",
    "avg_channel_size": 2360890.2506123986,
    "min_channel_size": "1100",
    "max_channel_size": "16777216"
}
