{
    "graph_diameter": 0,
    "avg_out_degree": 8.582432432432432,
    "max_out_degree": 1031,
    "num_nodes": 3700,
    "num_channels": 31755,
    "total_network_capacity": "75049692155",
    "avg_channel_size": 2363397.643048339,
    "min_channel_size": "1100",
    "max_channel_size": "16777216"
}
