{
    "graph_diameter": 0,
    "avg_out_degree": 8.645029875067898,
    "max_out_degree": 1027,
    "num_nodes": 3682,
    "num_channels": 31831,
    "total_network_capacity": "75029749530",
    "avg_channel_size": 2357128.256416701,
    "min_channel_size": "1100",
    "max_channel_size": "16777216"
}
