{
    "graph_diameter": 0,
    "avg_out_degree": 8.620661605206074,
    "max_out_degree": 1029,
    "num_nodes": 3688,
    "num_channels": 31793,
    "total_network_capacity": "75238942350",
    "avg_channel_size": 2366525.4096813765,
    "min_channel_size": "1100",
    "max_channel_size": "16777216"
}
