{
    "graph_diameter": 0,
    "avg_out_degree": 8.632564450474899,
    "max_out_degree": 1031,
    "num_nodes": 3685,
    "num_channels": 31811,
    "total_network_capacity": "75159856966",
    "avg_channel_size": 2362700.2284115558,
    "min_channel_size": "1100",
    "max_channel_size": "16777216"
}
