{
    "graph_diameter": 0,
    "avg_out_degree": 8.653982060342484,
    "max_out_degree": 1007,
    "num_nodes": 3679,
    "num_channels": 31838,
    "total_network_capacity": "75046705516",
    "avg_channel_size": 2357142.58169483,
    "min_channel_size": "1100",
    "max_channel_size": "16777216"
}
