{
    "graph_diameter": 0,
    "avg_out_degree": 8.653344208809136,
    "max_out_degree": 1031,
    "num_nodes": 3678,
    "num_channels": 31827,
    "total_network_capacity": "75104777347",
    "avg_channel_size": 2359781.8627894553,
    "min_channel_size": "1100",
    "max_channel_size": "16777216"
}
