{
    "graph_diameter": 0,
    "avg_out_degree": 8.589937787395185,
    "max_out_degree": 1030,
    "num_nodes": 3697,
    "num_channels": 31757,
    "total_network_capacity": "75077027080",
    "avg_channel_size": 2364109.55316938,
    "min_channel_size": "1100",
    "max_channel_size": "16777216"
}
