{
    "graph_diameter": 0,
    "avg_out_degree": 8.655621944595328,
    "max_out_degree": 1009,
    "num_nodes": 3682,
    "num_channels": 31870,
    "total_network_capacity": "75079579445",
    "avg_channel_size": 2355807.3249137118,
    "min_channel_size": "1100",
    "max_channel_size": "16777216"
}
