{
    "graph_diameter": 0,
    "avg_out_degree": 8.624084621643613,
    "max_out_degree": 1030,
    "num_nodes": 3687,
    "num_channels": 31797,
    "total_network_capacity": "75219671779",
    "avg_channel_size": 2365621.655470642,
    "min_channel_size": "1100",
    "max_channel_size": "16777216"
}
