{
    "graph_diameter": 0,
    "avg_out_degree": 8.648736756316218,
    "max_out_degree": 1024,
    "num_nodes": 3681,
    "num_channels": 31836,
    "total_network_capacity": "75069468680",
    "avg_channel_size": 2358005.6753360974,
    "min_channel_size": "1100",
    "max_channel_size": "16777216"
}
