{
    "graph_diameter": 0,
    "avg_out_degree": 8.584324324324324,
    "max_out_degree": 1032,
    "num_nodes": 3700,
    "num_channels": 31762,
    "total_network_capacity": "75052626692",
    "avg_channel_size": 2362969.1673068446,
    "min_channel_size": "1100",
    "max_channel_size": "16777216"
}
