{
    "graph_diameter": 0,
    "avg_out_degree": 8.653094462540716,
    "max_out_degree": 1031,
    "num_nodes": 3684,
    "num_channels": 31878,
    "total_network_capacity": "75173336446",
    "avg_channel_size": 2358157.238408934,
    "min_channel_size": "1100",
    "max_channel_size": "16777216"
}
