{
    "graph_diameter": 0,
    "avg_out_degree": 8.621475054229935,
    "max_out_degree": 1030,
    "num_nodes": 3688,
    "num_channels": 31796,
    "total_network_capacity": "75188405605",
    "avg_channel_size": 2364712.718738206,
    "min_channel_size": "1100",
    "max_channel_size": "16777216"
}
