{
    "graph_diameter": 0,
    "avg_out_degree": 8.60037930100244,
    "max_out_degree": 1030,
    "num_nodes": 3691,
    "num_channels": 31744,
    "total_network_capacity": "75065980903",
    "avg_channel_size": 2364729.7411479335,
    "min_channel_size": "1100",
    "max_channel_size": "16777216"
}
