{
    "graph_diameter": 0,
    "avg_out_degree": 8.605782221021345,
    "max_out_degree": 1089,
    "num_nodes": 3701,
    "num_channels": 31850,
    "total_network_capacity": "75011812395",
    "avg_channel_size": 2355158.944897959,
    "min_channel_size": "1100",
    "max_channel_size": "16777216"
}
