{
    "graph_diameter": 0,
    "avg_out_degree": 8.655434782608696,
    "max_out_degree": 1031,
    "num_nodes": 3680,
    "num_channels": 31852,
    "total_network_capacity": "75129326136",
    "avg_channel_size": 2358700.431244506,
    "min_channel_size": "1100",
    "max_channel_size": "16777216"
}
