{
    "graph_diameter": 0,
    "avg_out_degree": 8.597887896019497,
    "max_out_degree": 1030,
    "num_nodes": 3693,
    "num_channels": 31752,
    "total_network_capacity": "75068283885",
    "avg_channel_size": 2364206.4715608465,
    "min_channel_size": "1100",
    "max_channel_size": "16777216"
}
