{
    "graph_diameter": 0,
    "avg_out_degree": 8.581621621621622,
    "max_out_degree": 1031,
    "num_nodes": 3700,
    "num_channels": 31752,
    "total_network_capacity": "75048031222",
    "avg_channel_size": 2363568.632590073,
    "min_channel_size": "1100",
    "max_channel_size": "16777216"
}
