{
    "graph_diameter": 0,
    "avg_out_degree": 8.648655986967146,
    "max_out_degree": 1027,
    "num_nodes": 3683,
    "num_channels": 31853,
    "total_network_capacity": "75084435276",
    "avg_channel_size": 2357217.0682824226,
    "min_channel_size": "1100",
    "max_channel_size": "16777216"
}
