{
    "graph_diameter": 0,
    "avg_out_degree": 8.592532467532468,
    "max_out_degree": 1030,
    "num_nodes": 3696,
    "num_channels": 31758,
    "total_network_capacity": "75074898886",
    "avg_channel_size": 2363968.0989357014,
    "min_channel_size": "1100",
    "max_channel_size": "16777216"
}
