{
    "graph_diameter": 0,
    "avg_out_degree": 8.659239130434782,
    "max_out_degree": 1031,
    "num_nodes": 3680,
    "num_channels": 31866,
    "total_network_capacity": "75173103288",
    "avg_channel_size": 2359037.9491621163,
    "min_channel_size": "1100",
    "max_channel_size": "16777216"
}
