{
    "graph_diameter": 0,
    "avg_out_degree": 8.657430046183103,
    "max_out_degree": 1031,
    "num_nodes": 3681,
    "num_channels": 31868,
    "total_network_capacity": "75178183288",
    "avg_channel_size": 2359049.3061378184,
    "min_channel_size": "1100",
    "max_channel_size": "16777216"
}
