{
    "graph_diameter": 0,
    "avg_out_degree": 8.666123336049987,
    "max_out_degree": 1023,
    "num_nodes": 3681,
    "num_channels": 31900,
    "total_network_capacity": "75118226665",
    "avg_channel_size": 2354803.3437304073,
    "min_channel_size": "1100",
    "max_channel_size": "16777216"
}
