{
    "graph_diameter": 0,
    "avg_out_degree": 8.634735413839891,
    "max_out_degree": 1032,
    "num_nodes": 3685,
    "num_channels": 31819,
    "total_network_capacity": "75205754966",
    "avg_channel_size": 2363548.6648229044,
    "min_channel_size": "1100",
    "max_channel_size": "16777216"
}
