{
    "graph_diameter": 0,
    "avg_out_degree": 8.618053673082136,
    "max_out_degree": 1029,
    "num_nodes": 3689,
    "num_channels": 31792,
    "total_network_capacity": "75231458532",
    "avg_channel_size": 2366364.448037242,
    "min_channel_size": "1100",
    "max_channel_size": "16777216"
}
