{
    "graph_diameter": 0,
    "avg_out_degree": 8.660152008686211,
    "max_out_degree": 1025,
    "num_nodes": 3684,
    "num_channels": 31904,
    "total_network_capacity": "75101206281",
    "avg_channel_size": 2353974.620141675,
    "min_channel_size": "1100",
    "max_channel_size": "16777216"
}
