{
    "graph_diameter": 0,
    "avg_out_degree": 9.22778212144905,
    "max_out_degree": 1110,
    "num_nodes": 3837,
    "num_channels": 35407,
    "total_network_capacity": "81089026604",
    "avg_channel_size": 2290197.605106335,
    "min_channel_size": "1100",
    "max_channel_size": "16777216"
}
