{
    "graph_diameter": 0,
    "avg_out_degree": 9.252142300701117,
    "max_out_degree": 1111,
    "num_nodes": 3851,
    "num_channels": 35630,
    "total_network_capacity": "81798235682",
    "avg_channel_size": 2295768.6130227335,
    "min_channel_size": "1100",
    "max_channel_size": "16777216"
}
