{
    "graph_diameter": 0,
    "avg_out_degree": 9.217436700600365,
    "max_out_degree": 1109,
    "num_nodes": 3831,
    "num_channels": 35312,
    "total_network_capacity": "80843669763",
    "avg_channel_size": 2289410.6752095604,
    "min_channel_size": "1100",
    "max_channel_size": "16777216"
}
