{
    "graph_diameter": 0,
    "avg_out_degree": 9.257469472590284,
    "max_out_degree": 1111,
    "num_nodes": 3849,
    "num_channels": 35632,
    "total_network_capacity": "81872440342",
    "avg_channel_size": 2297722.281713067,
    "min_channel_size": "1100",
    "max_channel_size": "16777216"
}
