{
    "graph_diameter": 0,
    "avg_out_degree": 9.23836755913699,
    "max_out_degree": 1111,
    "num_nodes": 3847,
    "num_channels": 35540,
    "total_network_capacity": "81484715677",
    "avg_channel_size": 2292760.7112267865,
    "min_channel_size": "1100",
    "max_channel_size": "16777216"
}
