{
    "graph_diameter": 0,
    "avg_out_degree": 9.261174636174637,
    "max_out_degree": 1111,
    "num_nodes": 3848,
    "num_channels": 35637,
    "total_network_capacity": "81941368545",
    "avg_channel_size": 2299334.0782052362,
    "min_channel_size": "1100",
    "max_channel_size": "16777216"
}
