{
    "graph_diameter": 0,
    "avg_out_degree": 9.251688311688312,
    "max_out_degree": 1110,
    "num_nodes": 3850,
    "num_channels": 35619,
    "total_network_capacity": "81803030265",
    "avg_channel_size": 2296612.20879306,
    "min_channel_size": "1100",
    "max_channel_size": "16777216"
}
