{
    "graph_diameter": 0,
    "avg_out_degree": 9.216744913928013,
    "max_out_degree": 1109,
    "num_nodes": 3834,
    "num_channels": 35337,
    "total_network_capacity": "80917381167",
    "avg_channel_size": 2289876.9325919007,
    "min_channel_size": "1100",
    "max_channel_size": "16777216"
}
