{
    "graph_diameter": 0,
    "avg_out_degree": 9.251493894518056,
    "max_out_degree": 1109,
    "num_nodes": 3849,
    "num_channels": 35609,
    "total_network_capacity": "81864180964",
    "avg_channel_size": 2298974.4436518857,
    "min_channel_size": "1100",
    "max_channel_size": "16777216"
}
