{
    "graph_diameter": 0,
    "avg_out_degree": 9.250259605399792,
    "max_out_degree": 1111,
    "num_nodes": 3852,
    "num_channels": 35632,
    "total_network_capacity": "81819032164",
    "avg_channel_size": 2296223.3993039965,
    "min_channel_size": "1100",
    "max_channel_size": "16777216"
}
