{
    "graph_diameter": 0,
    "avg_out_degree": 9.259615384615385,
    "max_out_degree": 1111,
    "num_nodes": 3848,
    "num_channels": 35631,
    "total_network_capacity": "81925746802",
    "avg_channel_size": 2299282.838034296,
    "min_channel_size": "1100",
    "max_channel_size": "16777216"
}
