{
    "graph_diameter": 0,
    "avg_out_degree": 9.255385413963145,
    "max_out_degree": 1111,
    "num_nodes": 3853,
    "num_channels": 35661,
    "total_network_capacity": "81809534660",
    "avg_channel_size": 2294089.7523905667,
    "min_channel_size": "1100",
    "max_channel_size": "16777216"
}
