{
    "graph_diameter": 0,
    "avg_out_degree": 9.25292435664154,
    "max_out_degree": 1110,
    "num_nodes": 3847,
    "num_channels": 35596,
    "total_network_capacity": "81902444339",
    "avg_channel_size": 2300888.985813013,
    "min_channel_size": "1100",
    "max_channel_size": "16777216"
}
