{
    "graph_diameter": 0,
    "avg_out_degree": 9.261095250454192,
    "max_out_degree": 1111,
    "num_nodes": 3853,
    "num_channels": 35683,
    "total_network_capacity": "81863885110",
    "avg_channel_size": 2294198.500966847,
    "min_channel_size": "1100",
    "max_channel_size": "16777216"
}
