{
    "graph_diameter": 0,
    "avg_out_degree": 9.251753702260327,
    "max_out_degree": 1110,
    "num_nodes": 3849,
    "num_channels": 35610,
    "total_network_capacity": "81901994412",
    "avg_channel_size": 2299971.761078349,
    "min_channel_size": "1100",
    "max_channel_size": "16777216"
}
