{
    "graph_diameter": 0,
    "avg_out_degree": 9.218333768607991,
    "max_out_degree": 1109,
    "num_nodes": 3829,
    "num_channels": 35297,
    "total_network_capacity": "80797962324",
    "avg_channel_size": 2289088.6569396835,
    "min_channel_size": "1100",
    "max_channel_size": "16777216"
}
