{
    "graph_diameter": 0,
    "avg_out_degree": 9.220078226857888,
    "max_out_degree": 1109,
    "num_nodes": 3835,
    "num_channels": 35359,
    "total_network_capacity": "80977777577",
    "avg_channel_size": 2290160.286687972,
    "min_channel_size": "1100",
    "max_channel_size": "16777216"
}
