{
    "graph_diameter": 0,
    "avg_out_degree": 9.253506493506494,
    "max_out_degree": 1111,
    "num_nodes": 3850,
    "num_channels": 35626,
    "total_network_capacity": "81842393962",
    "avg_channel_size": 2297265.872172009,
    "min_channel_size": "1100",
    "max_channel_size": "16777216"
}
