{
    "graph_diameter": 0,
    "avg_out_degree": 9.225722468107264,
    "max_out_degree": 1110,
    "num_nodes": 3841,
    "num_channels": 35436,
    "total_network_capacity": "81106465173",
    "avg_channel_size": 2288815.4750253977,
    "min_channel_size": "1100",
    "max_channel_size": "16777216"
}
