{
    "graph_diameter": 0,
    "avg_out_degree": 9.232552083333333,
    "max_out_degree": 1110,
    "num_nodes": 3840,
    "num_channels": 35453,
    "total_network_capacity": "81154977129",
    "avg_channel_size": 2289086.315093222,
    "min_channel_size": "1100",
    "max_channel_size": "16777216"
}
