{
    "graph_diameter": 0,
    "avg_out_degree": 9.217901878914406,
    "max_out_degree": 1109,
    "num_nodes": 3832,
    "num_channels": 35323,
    "total_network_capacity": "80897977685",
    "avg_channel_size": 2290235.1919429265,
    "min_channel_size": "1100",
    "max_channel_size": "16777216"
}
