{
    "graph_diameter": 0,
    "avg_out_degree": 9.218741842860872,
    "max_out_degree": 1109,
    "num_nodes": 3831,
    "num_channels": 35317,
    "total_network_capacity": "80837187324",
    "avg_channel_size": 2288903.002066993,
    "min_channel_size": "1100",
    "max_channel_size": "16777216"
}
