{
    "graph_diameter": 0,
    "avg_out_degree": 9.26485084306096,
    "max_out_degree": 1111,
    "num_nodes": 3855,
    "num_channels": 35716,
    "total_network_capacity": "81949718302",
    "avg_channel_size": 2294481.977321089,
    "min_channel_size": "1100",
    "max_channel_size": "16777216"
}
