{
    "graph_diameter": 0,
    "avg_out_degree": 9.266805086945238,
    "max_out_degree": 1111,
    "num_nodes": 3853,
    "num_channels": 35705,
    "total_network_capacity": "81914298119",
    "avg_channel_size": 2294196.8385100127,
    "min_channel_size": "1100",
    "max_channel_size": "16777216"
}
