{
    "graph_diameter": 0,
    "avg_out_degree": 9.22650351470971,
    "max_out_degree": 1110,
    "num_nodes": 3841,
    "num_channels": 35439,
    "total_network_capacity": "81122713472",
    "avg_channel_size": 2289080.2074550637,
    "min_channel_size": "1100",
    "max_channel_size": "16777216"
}
