{
    "graph_diameter": 0,
    "avg_out_degree": 9.22858630564957,
    "max_out_degree": 1111,
    "num_nodes": 3841,
    "num_channels": 35447,
    "total_network_capacity": "81083618858",
    "avg_channel_size": 2287460.6837814203,
    "min_channel_size": "1100",
    "max_channel_size": "16777216"
}
