{
    "graph_diameter": 0,
    "avg_out_degree": 9.252598752598752,
    "max_out_degree": 1110,
    "num_nodes": 3848,
    "num_channels": 35604,
    "total_network_capacity": "81910535098",
    "avg_channel_size": 2300599.2331760474,
    "min_channel_size": "1100",
    "max_channel_size": "16777216"
}
