{
    "graph_diameter": 0,
    "avg_out_degree": 9.256237006237006,
    "max_out_degree": 1111,
    "num_nodes": 3848,
    "num_channels": 35618,
    "total_network_capacity": "81875149816",
    "avg_channel_size": 2298701.494076029,
    "min_channel_size": "1100",
    "max_channel_size": "16777216"
}
