{
    "graph_diameter": 0,
    "avg_out_degree": 9.224681072637335,
    "max_out_degree": 1110,
    "num_nodes": 3841,
    "num_channels": 35432,
    "total_network_capacity": "81093852515",
    "avg_channel_size": 2288717.8966753217,
    "min_channel_size": "1100",
    "max_channel_size": "16777216"
}
