{
    "graph_diameter": 0,
    "avg_out_degree": 9.22393117831074,
    "max_out_degree": 1109,
    "num_nodes": 3836,
    "num_channels": 35383,
    "total_network_capacity": "81035840846",
    "avg_channel_size": 2290247.8830511826,
    "min_channel_size": "1100",
    "max_channel_size": "16777216"
}
