{
    "graph_diameter": 0,
    "avg_out_degree": 9.246365524402908,
    "max_out_degree": 1111,
    "num_nodes": 3852,
    "num_channels": 35617,
    "total_network_capacity": "81779171329",
    "avg_channel_size": 2296071.295420726,
    "min_channel_size": "1100",
    "max_channel_size": "16777216"
}
