{
    "graph_diameter": 0,
    "avg_out_degree": 9.224452554744525,
    "max_out_degree": 1109,
    "num_nodes": 3836,
    "num_channels": 35385,
    "total_network_capacity": "81048859846",
    "avg_channel_size": 2290486.3599265227,
    "min_channel_size": "1100",
    "max_channel_size": "16777216"
}
