{
    "graph_diameter": 0,
    "avg_out_degree": 9.253898128898129,
    "max_out_degree": 1111,
    "num_nodes": 3848,
    "num_channels": 35609,
    "total_network_capacity": "81835649816",
    "avg_channel_size": 2298173.2094695163,
    "min_channel_size": "1100",
    "max_channel_size": "16777216"
}
