{
    "graph_diameter": 0,
    "avg_out_degree": 9.25617043387893,
    "max_out_degree": 1110,
    "num_nodes": 3849,
    "num_channels": 35627,
    "total_network_capacity": "81875245425",
    "avg_channel_size": 2298123.4856990483,
    "min_channel_size": "1100",
    "max_channel_size": "16777216"
}
