{
    "graph_diameter": 0,
    "avg_out_degree": 9.22340425531915,
    "max_out_degree": 1109,
    "num_nodes": 3854,
    "num_channels": 35547,
    "total_network_capacity": "80613265044",
    "avg_channel_size": 2267793.7672377415,
    "min_channel_size": "1100",
    "max_channel_size": "16777216"
}
