{
    "graph_diameter": 0,
    "avg_out_degree": 9.230749219562956,
    "max_out_degree": 1111,
    "num_nodes": 3844,
    "num_channels": 35483,
    "total_network_capacity": "81242931631",
    "avg_channel_size": 2289629.7277851366,
    "min_channel_size": "1100",
    "max_channel_size": "16777216"
}
