{
    "graph_diameter": 0,
    "avg_out_degree": 9.238565488565488,
    "max_out_degree": 1111,
    "num_nodes": 3848,
    "num_channels": 35550,
    "total_network_capacity": "81538723651",
    "avg_channel_size": 2293634.9831504924,
    "min_channel_size": "1100",
    "max_channel_size": "16777216"
}
