{
    "graph_diameter": 0,
    "avg_out_degree": 9.257729280332553,
    "max_out_degree": 1111,
    "num_nodes": 3849,
    "num_channels": 35633,
    "total_network_capacity": "81872460342",
    "avg_channel_size": 2297658.3600033675,
    "min_channel_size": "1100",
    "max_channel_size": "16777216"
}
