{
    "graph_diameter": 0,
    "avg_out_degree": 9.25279293322941,
    "max_out_degree": 1110,
    "num_nodes": 3849,
    "num_channels": 35614,
    "total_network_capacity": "81864478910",
    "avg_channel_size": 2298660.0468916716,
    "min_channel_size": "1100",
    "max_channel_size": "16777216"
}
