{
    "graph_diameter": 0,
    "avg_out_degree": 9.253312548713952,
    "max_out_degree": 1110,
    "num_nodes": 3849,
    "num_channels": 35616,
    "total_network_capacity": "81864598910",
    "avg_channel_size": 2298534.3359725964,
    "min_channel_size": "1100",
    "max_channel_size": "16777216"
}
