{
    "graph_diameter": 0,
    "avg_out_degree": 9.231770833333334,
    "max_out_degree": 1110,
    "num_nodes": 3840,
    "num_channels": 35450,
    "total_network_capacity": "81152710917",
    "avg_channel_size": 2289216.104851904,
    "min_channel_size": "1100",
    "max_channel_size": "16777216"
}
