{
    "graph_diameter": 0,
    "avg_out_degree": 9.231868988822459,
    "max_out_degree": 1111,
    "num_nodes": 3847,
    "num_channels": 35515,
    "total_network_capacity": "81380019718",
    "avg_channel_size": 2291426.713163452,
    "min_channel_size": "1100",
    "max_channel_size": "16777216"
}
