{
    "graph_diameter": 0,
    "avg_out_degree": 9.227864583333334,
    "max_out_degree": 1111,
    "num_nodes": 3840,
    "num_channels": 35435,
    "total_network_capacity": "81069280945",
    "avg_channel_size": 2287830.702553972,
    "min_channel_size": "1100",
    "max_channel_size": "16777216"
}
