{
    "graph_diameter": 0,
    "avg_out_degree": 9.25875940825331,
    "max_out_degree": 1111,
    "num_nodes": 3853,
    "num_channels": 35674,
    "total_network_capacity": "81861080473",
    "avg_channel_size": 2294698.673347536,
    "min_channel_size": "1100",
    "max_channel_size": "16777216"
}
