{
    "graph_diameter": 0,
    "avg_out_degree": 9.216858037578287,
    "max_out_degree": 1109,
    "num_nodes": 3832,
    "num_channels": 35319,
    "total_network_capacity": "80857977685",
    "avg_channel_size": 2289362.0341742407,
    "min_channel_size": "1100",
    "max_channel_size": "16777216"
}
