{
    "graph_diameter": 0,
    "avg_out_degree": 9.225520833333333,
    "max_out_degree": 1110,
    "num_nodes": 3840,
    "num_channels": 35426,
    "total_network_capacity": "81107003842",
    "avg_channel_size": 2289476.7640151302,
    "min_channel_size": "1100",
    "max_channel_size": "16777216"
}
