{
    "graph_diameter": 0,
    "avg_out_degree": 9.252013510002598,
    "max_out_degree": 1110,
    "num_nodes": 3849,
    "num_channels": 35611,
    "total_network_capacity": "81902014412",
    "avg_channel_size": 2299907.736710567,
    "min_channel_size": "1100",
    "max_channel_size": "16777216"
}
