{
    "graph_diameter": 0,
    "avg_out_degree": 9.21728910942805,
    "max_out_degree": 1109,
    "num_nodes": 3829,
    "num_channels": 35293,
    "total_network_capacity": "80780864943",
    "avg_channel_size": 2288863.654067379,
    "min_channel_size": "1100",
    "max_channel_size": "16777216"
}
