{
    "graph_diameter": 0,
    "avg_out_degree": 9.254285714285714,
    "max_out_degree": 1110,
    "num_nodes": 3850,
    "num_channels": 35629,
    "total_network_capacity": "81875573755",
    "avg_channel_size": 2298003.697970754,
    "min_channel_size": "1100",
    "max_channel_size": "16777216"
}
