{
    "graph_diameter": 0,
    "avg_out_degree": 9.263035019455254,
    "max_out_degree": 1111,
    "num_nodes": 3855,
    "num_channels": 35709,
    "total_network_capacity": "81922598119",
    "avg_channel_size": 2294172.284830155,
    "min_channel_size": "1100",
    "max_channel_size": "16777216"
}
