{
    "graph_diameter": 0,
    "avg_out_degree": 9.264919564089258,
    "max_out_degree": 1111,
    "num_nodes": 3854,
    "num_channels": 35707,
    "total_network_capacity": "81922298119",
    "avg_channel_size": 2294292.3829781273,
    "min_channel_size": "1100",
    "max_channel_size": "16777216"
}
