{
    "graph_diameter": 0,
    "avg_out_degree": 9.228668054110301,
    "max_out_degree": 1111,
    "num_nodes": 3844,
    "num_channels": 35475,
    "total_network_capacity": "81235924707",
    "avg_channel_size": 2289948.5470613106,
    "min_channel_size": "1100",
    "max_channel_size": "16777216"
}
