{
    "graph_diameter": 0,
    "avg_out_degree": 9.23146944083225,
    "max_out_degree": 1111,
    "num_nodes": 3845,
    "num_channels": 35495,
    "total_network_capacity": "81277036631",
    "avg_channel_size": 2289816.4989716862,
    "min_channel_size": "1100",
    "max_channel_size": "16777216"
}
