{
    "graph_diameter": 0,
    "avg_out_degree": 9.2170057381325,
    "max_out_degree": 1109,
    "num_nodes": 3834,
    "num_channels": 35338,
    "total_network_capacity": "80908361167",
    "avg_channel_size": 2289556.884005886,
    "min_channel_size": "1100",
    "max_channel_size": "16777216"
}
