{
    "graph_diameter": 0,
    "avg_out_degree": 9.217811439018021,
    "max_out_degree": 1109,
    "num_nodes": 3829,
    "num_channels": 35295,
    "total_network_capacity": "80792942324",
    "avg_channel_size": 2289076.138943193,
    "min_channel_size": "1100",
    "max_channel_size": "16777216"
}
