{
    "graph_diameter": 0,
    "avg_out_degree": 9.226361031518625,
    "max_out_degree": 1110,
    "num_nodes": 3839,
    "num_channels": 35420,
    "total_network_capacity": "81104517254",
    "avg_channel_size": 2289794.388876341,
    "min_channel_size": "1100",
    "max_channel_size": "16777216"
}
