{
    "graph_diameter": 0,
    "avg_out_degree": 9.253572356456223,
    "max_out_degree": 1110,
    "num_nodes": 3849,
    "num_channels": 35617,
    "total_network_capacity": "81915905846",
    "avg_channel_size": 2299910.3193980404,
    "min_channel_size": "1100",
    "max_channel_size": "16777216"
}
