{
    "graph_diameter": 0,
    "avg_out_degree": 9.267133956386292,
    "max_out_degree": 1111,
    "num_nodes": 3852,
    "num_channels": 35697,
    "total_network_capacity": "81896878119",
    "avg_channel_size": 2294222.9912597695,
    "min_channel_size": "1100",
    "max_channel_size": "16777216"
}
