{
    "graph_diameter": 0,
    "avg_out_degree": 9.257528556593977,
    "max_out_degree": 1111,
    "num_nodes": 3852,
    "num_channels": 35660,
    "total_network_capacity": "81840279411",
    "avg_channel_size": 2295016.248205272,
    "min_channel_size": "1100",
    "max_channel_size": "16777216"
}
