{
    "graph_diameter": 0,
    "avg_out_degree": 9.231269510926118,
    "max_out_degree": 1111,
    "num_nodes": 3844,
    "num_channels": 35485,
    "total_network_capacity": "81248431631",
    "avg_channel_size": 2289655.6751021557,
    "min_channel_size": "1100",
    "max_channel_size": "16777216"
}
