{
    "graph_diameter": 0,
    "avg_out_degree": 9.22960646338285,
    "max_out_degree": 1110,
    "num_nodes": 3837,
    "num_channels": 35414,
    "total_network_capacity": "81102559277",
    "avg_channel_size": 2290127.047975377,
    "min_channel_size": "1100",
    "max_channel_size": "16777216"
}
