{
    "graph_diameter": 0,
    "avg_out_degree": 9.253964127891864,
    "max_out_degree": 1110,
    "num_nodes": 3847,
    "num_channels": 35600,
    "total_network_capacity": "81908284863",
    "avg_channel_size": 2300794.5186235956,
    "min_channel_size": "1100",
    "max_channel_size": "16777216"
}
