{
    "graph_diameter": 0,
    "avg_out_degree": 9.227284561312159,
    "max_out_degree": 1111,
    "num_nodes": 3841,
    "num_channels": 35442,
    "total_network_capacity": "81071244704",
    "avg_channel_size": 2287434.250437334,
    "min_channel_size": "1100",
    "max_channel_size": "16777216"
}
