{
    "graph_diameter": 0,
    "avg_out_degree": 9.231989596879064,
    "max_out_degree": 1111,
    "num_nodes": 3845,
    "num_channels": 35497,
    "total_network_capacity": "81285036631",
    "avg_channel_size": 2289912.855480745,
    "min_channel_size": "1100",
    "max_channel_size": "16777216"
}
