{
    "graph_diameter": 0,
    "avg_out_degree": 9.223144784639336,
    "max_out_degree": 1109,
    "num_nodes": 3854,
    "num_channels": 35546,
    "total_network_capacity": "80612265044",
    "avg_channel_size": 2267829.4335227595,
    "min_channel_size": "1100",
    "max_channel_size": "16777216"
}
