{
    "graph_diameter": 0,
    "avg_out_degree": 9.242140815796311,
    "max_out_degree": 1111,
    "num_nodes": 3849,
    "num_channels": 35573,
    "total_network_capacity": "81618024755",
    "avg_channel_size": 2294381.2654260253,
    "min_channel_size": "1100",
    "max_channel_size": "16777216"
}
