{
    "graph_diameter": 0,
    "avg_out_degree": 9.222222222222221,
    "max_out_degree": 1109,
    "num_nodes": 3834,
    "num_channels": 35358,
    "total_network_capacity": "80961427831",
    "avg_channel_size": 2289762.651479156,
    "min_channel_size": "1100",
    "max_channel_size": "16777216"
}
