{
    "graph_diameter": 0,
    "avg_out_degree": 9.213875847678665,
    "max_out_degree": 1109,
    "num_nodes": 3834,
    "num_channels": 35326,
    "total_network_capacity": "80884052556",
    "avg_channel_size": 2289646.508407405,
    "min_channel_size": "1100",
    "max_channel_size": "16777216"
}
