{
    "graph_diameter": 0,
    "avg_out_degree": 9.23203125,
    "max_out_degree": 1110,
    "num_nodes": 3840,
    "num_channels": 35451,
    "total_network_capacity": "81155985568",
    "avg_channel_size": 2289243.901949169,
    "min_channel_size": "1100",
    "max_channel_size": "16777216"
}
