{
    "graph_diameter": 0,
    "avg_out_degree": 9.256756756756756,
    "max_out_degree": 1111,
    "num_nodes": 3848,
    "num_channels": 35620,
    "total_network_capacity": "81885149816",
    "avg_channel_size": 2298853.167209433,
    "min_channel_size": "1100",
    "max_channel_size": "16777216"
}
