{
    "graph_diameter": 0,
    "avg_out_degree": 9.22578125,
    "max_out_degree": 1110,
    "num_nodes": 3840,
    "num_channels": 35427,
    "total_network_capacity": "81111422979",
    "avg_channel_size": 2289536.8780591073,
    "min_channel_size": "1100",
    "max_channel_size": "16777216"
}
