{
    "graph_diameter": 0,
    "avg_out_degree": 9.226302083333334,
    "max_out_degree": 1110,
    "num_nodes": 3840,
    "num_channels": 35429,
    "total_network_capacity": "81119049416",
    "avg_channel_size": 2289622.8913037344,
    "min_channel_size": "1100",
    "max_channel_size": "16777216"
}
