{
    "graph_diameter": 0,
    "avg_out_degree": 9.21963959258292,
    "max_out_degree": 1109,
    "num_nodes": 3829,
    "num_channels": 35302,
    "total_network_capacity": "80816482324",
    "avg_channel_size": 2289289.0579570564,
    "min_channel_size": "1100",
    "max_channel_size": "16777216"
}
