{
    "graph_diameter": 0,
    "avg_out_degree": 9.226159458051068,
    "max_out_degree": 1110,
    "num_nodes": 3838,
    "num_channels": 35410,
    "total_network_capacity": "81091574237",
    "avg_channel_size": 2290075.522084157,
    "min_channel_size": "1100",
    "max_channel_size": "16777216"
}
