{
    "graph_diameter": 0,
    "avg_out_degree": 9.22890625,
    "max_out_degree": 1110,
    "num_nodes": 3840,
    "num_channels": 35439,
    "total_network_capacity": "81135632898",
    "avg_channel_size": 2289444.7613645983,
    "min_channel_size": "1100",
    "max_channel_size": "16777216"
}
