{
    "graph_diameter": 0,
    "avg_out_degree": 9.238825363825363,
    "max_out_degree": 1111,
    "num_nodes": 3848,
    "num_channels": 35551,
    "total_network_capacity": "81539223651",
    "avg_channel_size": 2293584.530702371,
    "min_channel_size": "1100",
    "max_channel_size": "16777216"
}
