{
    "graph_diameter": 0,
    "avg_out_degree": 9.25227331774487,
    "max_out_degree": 1110,
    "num_nodes": 3849,
    "num_channels": 35612,
    "total_network_capacity": "81902264412",
    "avg_channel_size": 2299850.1744355834,
    "min_channel_size": "1100",
    "max_channel_size": "16777216"
}
