{
    "graph_diameter": 0,
    "avg_out_degree": 9.253766233766234,
    "max_out_degree": 1110,
    "num_nodes": 3850,
    "num_channels": 35627,
    "total_network_capacity": "81807255727",
    "avg_channel_size": 2296215.110085048,
    "min_channel_size": "1100",
    "max_channel_size": "16777216"
}
