{
    "graph_diameter": 0,
    "avg_out_degree": 9.226822916666666,
    "max_out_degree": 1111,
    "num_nodes": 3840,
    "num_channels": 35431,
    "total_network_capacity": "81067220945",
    "avg_channel_size": 2288030.847139511,
    "min_channel_size": "1100",
    "max_channel_size": "16777216"
}
