{
    "graph_diameter": 0,
    "avg_out_degree": 9.234468416948271,
    "max_out_degree": 1111,
    "num_nodes": 3847,
    "num_channels": 35525,
    "total_network_capacity": "81435335677",
    "avg_channel_size": 2292338.7945672064,
    "min_channel_size": "1100",
    "max_channel_size": "16777216"
}
