{
    "graph_diameter": 0,
    "avg_out_degree": 9.261434511434512,
    "max_out_degree": 1111,
    "num_nodes": 3848,
    "num_channels": 35638,
    "total_network_capacity": "81941388545",
    "avg_channel_size": 2299270.1202368257,
    "min_channel_size": "1100",
    "max_channel_size": "16777216"
}
