{
    "graph_diameter": 0,
    "avg_out_degree": 9.231510416666667,
    "max_out_degree": 1110,
    "num_nodes": 3840,
    "num_channels": 35449,
    "total_network_capacity": "81152525568",
    "avg_channel_size": 2289275.453976135,
    "min_channel_size": "1100",
    "max_channel_size": "16777216"
}
