{
    "graph_diameter": 0,
    "avg_out_degree": 9.255125875940825,
    "max_out_degree": 1111,
    "num_nodes": 3853,
    "num_channels": 35660,
    "total_network_capacity": "81838594411",
    "avg_channel_size": 2294968.9963825014,
    "min_channel_size": "1100",
    "max_channel_size": "16777216"
}
