{
    "graph_diameter": 0,
    "avg_out_degree": 9.2533748701973,
    "max_out_degree": 1111,
    "num_nodes": 3852,
    "num_channels": 35644,
    "total_network_capacity": "81802102623",
    "avg_channel_size": 2294975.385001683,
    "min_channel_size": "1100",
    "max_channel_size": "16777216"
}
