{
    "graph_diameter": 0,
    "avg_out_degree": 9.22734375,
    "max_out_degree": 1111,
    "num_nodes": 3840,
    "num_channels": 35433,
    "total_network_capacity": "81069240945",
    "avg_channel_size": 2287958.709254085,
    "min_channel_size": "1100",
    "max_channel_size": "16777216"
}
