{
    "graph_diameter": 0,
    "avg_out_degree": 9.252921319137887,
    "max_out_degree": 1111,
    "num_nodes": 3851,
    "num_channels": 35633,
    "total_network_capacity": "81808476079",
    "avg_channel_size": 2295862.7137484914,
    "min_channel_size": "1100",
    "max_channel_size": "16777216"
}
