{
    "graph_diameter": 0,
    "avg_out_degree": 9.225982816974746,
    "max_out_degree": 1110,
    "num_nodes": 3841,
    "num_channels": 35437,
    "total_network_capacity": "81122745917",
    "avg_channel_size": 2289210.31455823,
    "min_channel_size": "1100",
    "max_channel_size": "16777216"
}
