{
    "graph_diameter": 0,
    "avg_out_degree": 9.251234086775787,
    "max_out_degree": 1110,
    "num_nodes": 3849,
    "num_channels": 35608,
    "total_network_capacity": "81919075635",
    "avg_channel_size": 2300580.6457818467,
    "min_channel_size": "1100",
    "max_channel_size": "16777216"
}
