{
    "graph_diameter": 0,
    "avg_out_degree": 9.218162839248434,
    "max_out_degree": 1109,
    "num_nodes": 3832,
    "num_channels": 35324,
    "total_network_capacity": "80897958495",
    "avg_channel_size": 2290169.8135828334,
    "min_channel_size": "1100",
    "max_channel_size": "16777216"
}
