{
    "graph_diameter": 0,
    "avg_out_degree": 9.255451713395638,
    "max_out_degree": 1111,
    "num_nodes": 3852,
    "num_channels": 35652,
    "total_network_capacity": "81807802623",
    "avg_channel_size": 2294620.2912319084,
    "min_channel_size": "1100",
    "max_channel_size": "16777216"
}
