{
    "graph_diameter": 0,
    "avg_out_degree": 9.254087723851544,
    "max_out_degree": 1111,
    "num_nodes": 3853,
    "num_channels": 35656,
    "total_network_capacity": "81810014660",
    "avg_channel_size": 2294424.91193628,
    "min_channel_size": "1100",
    "max_channel_size": "16777216"
}
