{
    "graph_diameter": 0,
    "avg_out_degree": 7.929677419354839,
    "max_out_degree": 959,
    "num_nodes": 3100,
    "num_channels": 24582,
    "total_network_capacity": "66068949427",
    "avg_channel_size": 2687696.258522496,
    "min_channel_size": "1100",
    "max_channel_size": "16777216"
}
