{
    "graph_diameter": 0,
    "avg_out_degree": 7.9382276843467015,
    "max_out_degree": 959,
    "num_nodes": 3092,
    "num_channels": 24545,
    "total_network_capacity": "66023852467",
    "avg_channel_size": 2689910.4692198006,
    "min_channel_size": "1100",
    "max_channel_size": "16777216"
}
