{
    "graph_diameter": 0,
    "avg_out_degree": 7.912105602060528,
    "max_out_degree": 959,
    "num_nodes": 3106,
    "num_channels": 24575,
    "total_network_capacity": "65906620142",
    "avg_channel_size": 2681856.3638657173,
    "min_channel_size": "1100",
    "max_channel_size": "16777216"
}
