{
    "graph_diameter": 0,
    "avg_out_degree": 7.921814671814672,
    "max_out_degree": 959,
    "num_nodes": 3108,
    "num_channels": 24621,
    "total_network_capacity": "66084265570",
    "avg_channel_size": 2684060.9873685064,
    "min_channel_size": "1100",
    "max_channel_size": "16777216"
}
