{
    "graph_diameter": 0,
    "avg_out_degree": 7.913393432066967,
    "max_out_degree": 959,
    "num_nodes": 3106,
    "num_channels": 24579,
    "total_network_capacity": "65908011288",
    "avg_channel_size": 2681476.516050287,
    "min_channel_size": "1100",
    "max_channel_size": "16777216"
}
