{
    "graph_diameter": 0,
    "avg_out_degree": 7.92944587628866,
    "max_out_degree": 959,
    "num_nodes": 3104,
    "num_channels": 24613,
    "total_network_capacity": "66104075490",
    "avg_channel_size": 2685738.2476739935,
    "min_channel_size": "1100",
    "max_channel_size": "16777216"
}
