{
    "graph_diameter": 0,
    "avg_out_degree": 7.926295461860316,
    "max_out_degree": 960,
    "num_nodes": 3107,
    "num_channels": 24627,
    "total_network_capacity": "66113015892",
    "avg_channel_size": 2684574.4870264344,
    "min_channel_size": "1100",
    "max_channel_size": "16777216"
}
