{
    "graph_diameter": 0,
    "avg_out_degree": 7.907657657657658,
    "max_out_degree": 958,
    "num_nodes": 3108,
    "num_channels": 24577,
    "total_network_capacity": "65977237016",
    "avg_channel_size": 2684511.4137608334,
    "min_channel_size": "1100",
    "max_channel_size": "16777216"
}
