{
    "graph_diameter": 0,
    "avg_out_degree": 7.930322580645162,
    "max_out_degree": 959,
    "num_nodes": 3100,
    "num_channels": 24584,
    "total_network_capacity": "66070949427",
    "avg_channel_size": 2687558.958143508,
    "min_channel_size": "1100",
    "max_channel_size": "16777216"
}
