{
    "graph_diameter": 0,
    "avg_out_degree": 7.90958815958816,
    "max_out_degree": 958,
    "num_nodes": 3108,
    "num_channels": 24583,
    "total_network_capacity": "65905705371",
    "avg_channel_size": 2680946.4008054347,
    "min_channel_size": "1100",
    "max_channel_size": "16777216"
}
