{
    "graph_diameter": 0,
    "avg_out_degree": 7.945289737779216,
    "max_out_degree": 960,
    "num_nodes": 3089,
    "num_channels": 24543,
    "total_network_capacity": "66034950628",
    "avg_channel_size": 2690581.861549118,
    "min_channel_size": "1100",
    "max_channel_size": "16777216"
}
