{
    "graph_diameter": 0,
    "avg_out_degree": 7.928525434642627,
    "max_out_degree": 959,
    "num_nodes": 3106,
    "num_channels": 24626,
    "total_network_capacity": "66118475892",
    "avg_channel_size": 2684905.2177373506,
    "min_channel_size": "1100",
    "max_channel_size": "16777216"
}
