{
    "graph_diameter": 0,
    "avg_out_degree": 7.91023166023166,
    "max_out_degree": 959,
    "num_nodes": 3108,
    "num_channels": 24585,
    "total_network_capacity": "65948472835",
    "avg_channel_size": 2682467.880211511,
    "min_channel_size": "1100",
    "max_channel_size": "16777216"
}
