{
    "graph_diameter": 0,
    "avg_out_degree": 7.907014157014157,
    "max_out_degree": 958,
    "num_nodes": 3108,
    "num_channels": 24575,
    "total_network_capacity": "65970737016",
    "avg_channel_size": 2684465.3923092573,
    "min_channel_size": "1100",
    "max_channel_size": "16777216"
}
