{
    "graph_diameter": 0,
    "avg_out_degree": 7.925627817128139,
    "max_out_degree": 959,
    "num_nodes": 3106,
    "num_channels": 24617,
    "total_network_capacity": "66106085070",
    "avg_channel_size": 2685383.4776780275,
    "min_channel_size": "1100",
    "max_channel_size": "16777216"
}
