{
    "graph_diameter": 0,
    "avg_out_degree": 7.944300518134715,
    "max_out_degree": 960,
    "num_nodes": 3088,
    "num_channels": 24532,
    "total_network_capacity": "66017191230",
    "avg_channel_size": 2691064.374286646,
    "min_channel_size": "1100",
    "max_channel_size": "16777216"
}
