{
    "graph_diameter": 0,
    "avg_out_degree": 7.907365712447732,
    "max_out_degree": 959,
    "num_nodes": 3109,
    "num_channels": 24584,
    "total_network_capacity": "65953667543",
    "avg_channel_size": 2682788.29901562,
    "min_channel_size": "1100",
    "max_channel_size": "16777216"
}
