{
    "graph_diameter": 0,
    "avg_out_degree": 7.908301158301159,
    "max_out_degree": 958,
    "num_nodes": 3108,
    "num_channels": 24579,
    "total_network_capacity": "65897497371",
    "avg_channel_size": 2681048.7558891736,
    "min_channel_size": "1100",
    "max_channel_size": "16777216"
}
