{
    "graph_diameter": 0,
    "avg_out_degree": 7.933764135702746,
    "max_out_degree": 959,
    "num_nodes": 3095,
    "num_channels": 24555,
    "total_network_capacity": "66046026062",
    "avg_channel_size": 2689718.023294645,
    "min_channel_size": "1100",
    "max_channel_size": "16777216"
}
