{
    "graph_diameter": 0,
    "avg_out_degree": 7.91017385705087,
    "max_out_degree": 959,
    "num_nodes": 3106,
    "num_channels": 24569,
    "total_network_capacity": "65916133889",
    "avg_channel_size": 2682898.5261508403,
    "min_channel_size": "1100",
    "max_channel_size": "16777216"
}
