{
    "graph_diameter": 0,
    "avg_out_degree": 7.908622908622909,
    "max_out_degree": 958,
    "num_nodes": 3108,
    "num_channels": 24580,
    "total_network_capacity": "65979637016",
    "avg_channel_size": 2684281.4082994303,
    "min_channel_size": "1100",
    "max_channel_size": "16777216"
}
