{
    "graph_diameter": 0,
    "avg_out_degree": 7.942736978324167,
    "max_out_degree": 960,
    "num_nodes": 3091,
    "num_channels": 24551,
    "total_network_capacity": "66043198891",
    "avg_channel_size": 2690041.0936825383,
    "min_channel_size": "1100",
    "max_channel_size": "16777216"
}
