{
    "graph_diameter": 0,
    "avg_out_degree": 7.907949790794979,
    "max_out_degree": 958,
    "num_nodes": 3107,
    "num_channels": 24570,
    "total_network_capacity": "65906882586",
    "avg_channel_size": 2682412.8036630037,
    "min_channel_size": "1100",
    "max_channel_size": "16777216"
}
