{
    "graph_diameter": 0,
    "avg_out_degree": 7.926617315738655,
    "max_out_degree": 960,
    "num_nodes": 3107,
    "num_channels": 24628,
    "total_network_capacity": "66113115892",
    "avg_channel_size": 2684469.542471983,
    "min_channel_size": "1100",
    "max_channel_size": "16777216"
}
