{
    "graph_diameter": 0,
    "avg_out_degree": 7.919292604501607,
    "max_out_degree": 959,
    "num_nodes": 3110,
    "num_channels": 24629,
    "total_network_capacity": "66092295847",
    "avg_channel_size": 2683515.199439685,
    "min_channel_size": "1100",
    "max_channel_size": "16777216"
}
