{
    "graph_diameter": 0,
    "avg_out_degree": 7.913071474565357,
    "max_out_degree": 959,
    "num_nodes": 3106,
    "num_channels": 24578,
    "total_network_capacity": "65907611288",
    "avg_channel_size": 2681569.3420131826,
    "min_channel_size": "1100",
    "max_channel_size": "16777216"
}
