{
    "graph_diameter": 0,
    "avg_out_degree": 7.927536231884058,
    "max_out_degree": 959,
    "num_nodes": 3105,
    "num_channels": 24615,
    "total_network_capacity": "66104810548",
    "avg_channel_size": 2685549.890229535,
    "min_channel_size": "1100",
    "max_channel_size": "16777216"
}
