{
    "graph_diameter": 0,
    "avg_out_degree": 7.907687359279511,
    "max_out_degree": 959,
    "num_nodes": 3109,
    "num_channels": 24585,
    "total_network_capacity": "65953767543",
    "avg_channel_size": 2682683.243563148,
    "min_channel_size": "1100",
    "max_channel_size": "16777216"
}
