{
    "graph_diameter": 0,
    "avg_out_degree": 7.932192444300936,
    "max_out_degree": 959,
    "num_nodes": 3097,
    "num_channels": 24566,
    "total_network_capacity": "66052158417",
    "avg_channel_size": 2688763.2669950337,
    "min_channel_size": "1100",
    "max_channel_size": "16777216"
}
