{
    "graph_diameter": 0,
    "avg_out_degree": 7.943976683937824,
    "max_out_degree": 960,
    "num_nodes": 3088,
    "num_channels": 24531,
    "total_network_capacity": "66016891230",
    "avg_channel_size": 2691161.8454200807,
    "min_channel_size": "1100",
    "max_channel_size": "16777216"
}
