{
    "graph_diameter": 0,
    "avg_out_degree": 7.943652849740933,
    "max_out_degree": 960,
    "num_nodes": 3088,
    "num_channels": 24530,
    "total_network_capacity": "66016641230",
    "avg_channel_size": 2691261.3628210356,
    "min_channel_size": "1100",
    "max_channel_size": "16777216"
}
