{
    "graph_diameter": 0,
    "avg_out_degree": 7.910610932475884,
    "max_out_degree": 959,
    "num_nodes": 3110,
    "num_channels": 24602,
    "total_network_capacity": "66079908892",
    "avg_channel_size": 2685956.787740834,
    "min_channel_size": "1100",
    "max_channel_size": "16777216"
}
