{
    "graph_diameter": 0,
    "avg_out_degree": 7.911783644558918,
    "max_out_degree": 959,
    "num_nodes": 3106,
    "num_channels": 24574,
    "total_network_capacity": "65906120142",
    "avg_channel_size": 2681945.1510539595,
    "min_channel_size": "1100",
    "max_channel_size": "16777216"
}
