{
    "graph_diameter": 0,
    "avg_out_degree": 7.911840411840412,
    "max_out_degree": 959,
    "num_nodes": 3108,
    "num_channels": 24590,
    "total_network_capacity": "65967181994",
    "avg_channel_size": 2682683.285644571,
    "min_channel_size": "1100",
    "max_channel_size": "16777216"
}
