{
    "graph_diameter": 0,
    "avg_out_degree": 7.90985189954926,
    "max_out_degree": 959,
    "num_nodes": 3106,
    "num_channels": 24568,
    "total_network_capacity": "65916033889",
    "avg_channel_size": 2683003.6587837837,
    "min_channel_size": "1100",
    "max_channel_size": "16777216"
}
