{
    "graph_diameter": 0,
    "avg_out_degree": 7.9325371207230475,
    "max_out_degree": 959,
    "num_nodes": 3098,
    "num_channels": 24575,
    "total_network_capacity": "66058172137",
    "avg_channel_size": 2688023.2812614446,
    "min_channel_size": "1100",
    "max_channel_size": "16777216"
}
