{
    "graph_diameter": 0,
    "avg_out_degree": 7.933117932148627,
    "max_out_degree": 959,
    "num_nodes": 3095,
    "num_channels": 24553,
    "total_network_capacity": "66045218443",
    "avg_channel_size": 2689904.225267788,
    "min_channel_size": "1100",
    "max_channel_size": "16777216"
}
