{
    "graph_diameter": 0,
    "avg_out_degree": 7.942736978324167,
    "max_out_degree": 960,
    "num_nodes": 3091,
    "num_channels": 24551,
    "total_network_capacity": "66039498891",
    "avg_channel_size": 2689890.3869903465,
    "min_channel_size": "1100",
    "max_channel_size": "16777216"
}
