{
    "graph_diameter": 0,
    "avg_out_degree": 7.93568196509373,
    "max_out_degree": 959,
    "num_nodes": 3094,
    "num_channels": 24553,
    "total_network_capacity": "66045663226",
    "avg_channel_size": 2689922.340487924,
    "min_channel_size": "1100",
    "max_channel_size": "16777216"
}
