{
    "graph_diameter": 0,
    "avg_out_degree": 7.935035552682612,
    "max_out_degree": 959,
    "num_nodes": 3094,
    "num_channels": 24551,
    "total_network_capacity": "66035118443",
    "avg_channel_size": 2689711.964604293,
    "min_channel_size": "1100",
    "max_channel_size": "16777216"
}
