{
    "graph_diameter": 0,
    "avg_out_degree": 7.929286406199548,
    "max_out_degree": 959,
    "num_nodes": 3097,
    "num_channels": 24557,
    "total_network_capacity": "66048391858",
    "avg_channel_size": 2689595.3030907684,
    "min_channel_size": "1100",
    "max_channel_size": "16777216"
}
