{
    "graph_diameter": 0,
    "avg_out_degree": 7.908944658944659,
    "max_out_degree": 958,
    "num_nodes": 3108,
    "num_channels": 24581,
    "total_network_capacity": "65980337016",
    "avg_channel_size": 2684200.68410561,
    "min_channel_size": "1100",
    "max_channel_size": "16777216"
}
