{
    "graph_diameter": 0,
    "avg_out_degree": 7.90543583145706,
    "max_out_degree": 958,
    "num_nodes": 3109,
    "num_channels": 24578,
    "total_network_capacity": "65958672128",
    "avg_channel_size": 2683646.8438440883,
    "min_channel_size": "1100",
    "max_channel_size": "16777216"
}
