{
    "graph_diameter": 0,
    "avg_out_degree": 7.9085640695428205,
    "max_out_degree": 959,
    "num_nodes": 3106,
    "num_channels": 24564,
    "total_network_capacity": "65887811104",
    "avg_channel_size": 2682291.6098355316,
    "min_channel_size": "1100",
    "max_channel_size": "16777216"
}
