{
    "graph_diameter": 0,
    "avg_out_degree": 7.897526501766785,
    "max_out_degree": 961,
    "num_nodes": 3113,
    "num_channels": 24585,
    "total_network_capacity": "65961370237",
    "avg_channel_size": 2682992.4847264593,
    "min_channel_size": "1100",
    "max_channel_size": "16777216"
}
