{
    "graph_diameter": 0,
    "avg_out_degree": 7.896596017983301,
    "max_out_degree": 961,
    "num_nodes": 3114,
    "num_channels": 24590,
    "total_network_capacity": "65957503605",
    "avg_channel_size": 2682289.6952013015,
    "min_channel_size": "1100",
    "max_channel_size": "16777216"
}
