{
    "graph_diameter": 0,
    "avg_out_degree": 7.8994215938303345,
    "max_out_degree": 961,
    "num_nodes": 3112,
    "num_channels": 24583,
    "total_network_capacity": "65960316894",
    "avg_channel_size": 2683167.9166090386,
    "min_channel_size": "1100",
    "max_channel_size": "16777216"
}
