{
    "graph_diameter": 0,
    "avg_out_degree": 7.903691813804174,
    "max_out_degree": 961,
    "num_nodes": 3115,
    "num_channels": 24620,
    "total_network_capacity": "66008058168",
    "avg_channel_size": 2681074.6615759544,
    "min_channel_size": "1100",
    "max_channel_size": "16777216"
}
