{
    "graph_diameter": 0,
    "avg_out_degree": 7.9041051956382296,
    "max_out_degree": 963,
    "num_nodes": 3118,
    "num_channels": 24645,
    "total_network_capacity": "66010192174",
    "avg_channel_size": 2678441.5570703996,
    "min_channel_size": "1100",
    "max_channel_size": "16777216"
}
