{
    "graph_diameter": 0,
    "avg_out_degree": 7.904746632456703,
    "max_out_degree": 963,
    "num_nodes": 3118,
    "num_channels": 24647,
    "total_network_capacity": "66005002610",
    "avg_channel_size": 2678013.657240232,
    "min_channel_size": "1100",
    "max_channel_size": "16777216"
}
