{
    "graph_diameter": 0,
    "avg_out_degree": 7.902501603592047,
    "max_out_degree": 963,
    "num_nodes": 3118,
    "num_channels": 24640,
    "total_network_capacity": "66026980569",
    "avg_channel_size": 2679666.4191964287,
    "min_channel_size": "1100",
    "max_channel_size": "16777216"
}
