{
    "graph_diameter": 0,
    "avg_out_degree": 7.898168968840347,
    "max_out_degree": 961,
    "num_nodes": 3113,
    "num_channels": 24587,
    "total_network_capacity": "65956531802",
    "avg_channel_size": 2682577.4515801035,
    "min_channel_size": "1100",
    "max_channel_size": "16777216"
}
