{
    "graph_diameter": 0,
    "avg_out_degree": 7.897205268230003,
    "max_out_degree": 961,
    "num_nodes": 3113,
    "num_channels": 24584,
    "total_network_capacity": "65966605609",
    "avg_channel_size": 2683314.578953791,
    "min_channel_size": "1100",
    "max_channel_size": "16777216"
}
