{
    "graph_diameter": 0,
    "avg_out_degree": 7.895953757225434,
    "max_out_degree": 961,
    "num_nodes": 3114,
    "num_channels": 24588,
    "total_network_capacity": "65957295589",
    "avg_channel_size": 2682499.41390109,
    "min_channel_size": "1100",
    "max_channel_size": "16777216"
}
