{
    "graph_diameter": 0,
    "avg_out_degree": 7.904012841091493,
    "max_out_degree": 961,
    "num_nodes": 3115,
    "num_channels": 24621,
    "total_network_capacity": "66008132550",
    "avg_channel_size": 2680968.7888387963,
    "min_channel_size": "1100",
    "max_channel_size": "16777216"
}
