{
    "graph_diameter": 0,
    "avg_out_degree": 7.896917148362235,
    "max_out_degree": 961,
    "num_nodes": 3114,
    "num_channels": 24591,
    "total_network_capacity": "65957896733",
    "avg_channel_size": 2682196.6057907366,
    "min_channel_size": "1100",
    "max_channel_size": "16777216"
}
