{
    "graph_diameter": 0,
    "avg_out_degree": 7.896884034693222,
    "max_out_degree": 961,
    "num_nodes": 3113,
    "num_channels": 24583,
    "total_network_capacity": "65950605609",
    "avg_channel_size": 2682772.875930521,
    "min_channel_size": "1100",
    "max_channel_size": "16777216"
}
