{
    "graph_diameter": 0,
    "avg_out_degree": 7.898490202377128,
    "max_out_degree": 961,
    "num_nodes": 3113,
    "num_channels": 24588,
    "total_network_capacity": "65956631802",
    "avg_channel_size": 2682472.417520742,
    "min_channel_size": "1100",
    "max_channel_size": "16777216"
}
