{
    "graph_diameter": 0,
    "avg_out_degree": 7.899710703953713,
    "max_out_degree": 961,
    "num_nodes": 3111,
    "num_channels": 24576,
    "total_network_capacity": "65920393402",
    "avg_channel_size": 2682307.674235026,
    "min_channel_size": "1100",
    "max_channel_size": "16777216"
}
