{
    "graph_diameter": 0,
    "avg_out_degree": 7.8974606235937,
    "max_out_degree": 961,
    "num_nodes": 3111,
    "num_channels": 24569,
    "total_network_capacity": "65922143898",
    "avg_channel_size": 2683143.143717693,
    "min_channel_size": "1100",
    "max_channel_size": "16777216"
}
