{
    "graph_diameter": 0,
    "avg_out_degree": 7.895244215938304,
    "max_out_degree": 961,
    "num_nodes": 3112,
    "num_channels": 24570,
    "total_network_capacity": "65924143898",
    "avg_channel_size": 2683115.33976394,
    "min_channel_size": "1100",
    "max_channel_size": "16777216"
}
