{
    "graph_diameter": 0,
    "avg_out_degree": 7.900996464159435,
    "max_out_degree": 961,
    "num_nodes": 3111,
    "num_channels": 24580,
    "total_network_capacity": "65944310320",
    "avg_channel_size": 2682844.195280716,
    "min_channel_size": "1100",
    "max_channel_size": "16777216"
}
