{
    "graph_diameter": 0,
    "avg_out_degree": 7.90506735086594,
    "max_out_degree": 963,
    "num_nodes": 3118,
    "num_channels": 24648,
    "total_network_capacity": "66010732674",
    "avg_channel_size": 2678137.4827166502,
    "min_channel_size": "1100",
    "max_channel_size": "16777216"
}
