{
    "graph_diameter": 0,
    "avg_out_degree": 8.812220566318928,
    "max_out_degree": 997,
    "num_nodes": 3355,
    "num_channels": 29565,
    "total_network_capacity": "71496072818",
    "avg_channel_size": 2418267.303162523,
    "min_channel_size": "1100",
    "max_channel_size": "16777216"
}
