{
    "graph_diameter": 0,
    "avg_out_degree": 8.814605067064084,
    "max_out_degree": 997,
    "num_nodes": 3355,
    "num_channels": 29573,
    "total_network_capacity": "71501709414",
    "avg_channel_size": 2417803.7200825075,
    "min_channel_size": "1100",
    "max_channel_size": "16777216"
}
