{
    "graph_diameter": 0,
    "avg_out_degree": 8.79725291131681,
    "max_out_degree": 998,
    "num_nodes": 3349,
    "num_channels": 29462,
    "total_network_capacity": "71447702802",
    "avg_channel_size": 2425079.8588690516,
    "min_channel_size": "1100",
    "max_channel_size": "16777216"
}
