{
    "graph_diameter": 0,
    "avg_out_degree": 8.77884327240036,
    "max_out_degree": 1006,
    "num_nodes": 3337,
    "num_channels": 29295,
    "total_network_capacity": "71464517171",
    "avg_channel_size": 2439478.3127154806,
    "min_channel_size": "1100",
    "max_channel_size": "16777216"
}
