{
    "graph_diameter": 0,
    "avg_out_degree": 8.79046762589928,
    "max_out_degree": 1003,
    "num_nodes": 3336,
    "num_channels": 29325,
    "total_network_capacity": "71531943002",
    "avg_channel_size": 2439281.9438022166,
    "min_channel_size": "1100",
    "max_channel_size": "16777216"
}
