{
    "graph_diameter": 0,
    "avg_out_degree": 8.792776791000593,
    "max_out_degree": 997,
    "num_nodes": 3378,
    "num_channels": 29702,
    "total_network_capacity": "71696201891",
    "avg_channel_size": 2413850.982795771,
    "min_channel_size": "1100",
    "max_channel_size": "16777216"
}
