{
    "graph_diameter": 0,
    "avg_out_degree": 8.786547085201793,
    "max_out_degree": 1000,
    "num_nodes": 3345,
    "num_channels": 29391,
    "total_network_capacity": "71383066898",
    "avg_channel_size": 2428738.964240754,
    "min_channel_size": "1100",
    "max_channel_size": "16777216"
}
