{
    "graph_diameter": 0,
    "avg_out_degree": 8.809949359547215,
    "max_out_degree": 996,
    "num_nodes": 3357,
    "num_channels": 29575,
    "total_network_capacity": "71499499368",
    "avg_channel_size": 2417565.4900422655,
    "min_channel_size": "1100",
    "max_channel_size": "16777216"
}
