{
    "graph_diameter": 0,
    "avg_out_degree": 8.822056631892698,
    "max_out_degree": 993,
    "num_nodes": 3355,
    "num_channels": 29598,
    "total_network_capacity": "71539200895",
    "avg_channel_size": 2417028.207818096,
    "min_channel_size": "1100",
    "max_channel_size": "16777216"
}
