{
    "graph_diameter": 0,
    "avg_out_degree": 8.803322456244437,
    "max_out_degree": 997,
    "num_nodes": 3371,
    "num_channels": 29676,
    "total_network_capacity": "71690372144",
    "avg_channel_size": 2415769.3807790806,
    "min_channel_size": "1100",
    "max_channel_size": "16777216"
}
