{
    "graph_diameter": 0,
    "avg_out_degree": 8.807475526549986,
    "max_out_degree": 998,
    "num_nodes": 3371,
    "num_channels": 29690,
    "total_network_capacity": "71714009766",
    "avg_channel_size": 2415426.398315931,
    "min_channel_size": "1100",
    "max_channel_size": "16777216"
}
