{
    "graph_diameter": 0,
    "avg_out_degree": 8.812760882528325,
    "max_out_degree": 997,
    "num_nodes": 3354,
    "num_channels": 29558,
    "total_network_capacity": "71494282685",
    "avg_channel_size": 2418779.439914744,
    "min_channel_size": "1100",
    "max_channel_size": "16777216"
}
