{
    "graph_diameter": 0,
    "avg_out_degree": 8.801897983392646,
    "max_out_degree": 998,
    "num_nodes": 3372,
    "num_channels": 29680,
    "total_network_capacity": "71687869700",
    "avg_channel_size": 2415359.4912398923,
    "min_channel_size": "1100",
    "max_channel_size": "16777216"
}
