{
    "graph_diameter": 0,
    "avg_out_degree": 8.808605341246292,
    "max_out_degree": 990,
    "num_nodes": 3370,
    "num_channels": 29685,
    "total_network_capacity": "71663949434",
    "avg_channel_size": 2414146.8564594914,
    "min_channel_size": "1100",
    "max_channel_size": "16777216"
}
