{
    "graph_diameter": 0,
    "avg_out_degree": 8.82007745010426,
    "max_out_degree": 993,
    "num_nodes": 3357,
    "num_channels": 29609,
    "total_network_capacity": "71568550432",
    "avg_channel_size": 2417121.497922929,
    "min_channel_size": "1100",
    "max_channel_size": "16777216"
}
