{
    "graph_diameter": 0,
    "avg_out_degree": 8.803804994054698,
    "max_out_degree": 990,
    "num_nodes": 3364,
    "num_channels": 29616,
    "total_network_capacity": "71607642477",
    "avg_channel_size": 2417870.15386953,
    "min_channel_size": "1100",
    "max_channel_size": "16777216"
}
