{
    "graph_diameter": 0,
    "avg_out_degree": 8.812462731067383,
    "max_out_degree": 997,
    "num_nodes": 3354,
    "num_channels": 29557,
    "total_network_capacity": "71493482685",
    "avg_channel_size": 2418834.207971039,
    "min_channel_size": "1100",
    "max_channel_size": "16777216"
}
