{
    "graph_diameter": 0,
    "avg_out_degree": 8.8013068013068,
    "max_out_degree": 990,
    "num_nodes": 3367,
    "num_channels": 29634,
    "total_network_capacity": "71606546534",
    "avg_channel_size": 2416364.5317540662,
    "min_channel_size": "1100",
    "max_channel_size": "16777216"
}
