{
    "graph_diameter": 0,
    "avg_out_degree": 8.80593471810089,
    "max_out_degree": 997,
    "num_nodes": 3370,
    "num_channels": 29676,
    "total_network_capacity": "71704679766",
    "avg_channel_size": 2416251.5084917103,
    "min_channel_size": "1100",
    "max_channel_size": "16777216"
}
