{
    "graph_diameter": 0,
    "avg_out_degree": 8.786762503743637,
    "max_out_degree": 1000,
    "num_nodes": 3339,
    "num_channels": 29339,
    "total_network_capacity": "71509867834",
    "avg_channel_size": 2437365.548723542,
    "min_channel_size": "1100",
    "max_channel_size": "16777216"
}
