{
    "graph_diameter": 0,
    "avg_out_degree": 8.802436125965539,
    "max_out_degree": 990,
    "num_nodes": 3366,
    "num_channels": 29629,
    "total_network_capacity": "71614322193",
    "avg_channel_size": 2417034.73600189,
    "min_channel_size": "1100",
    "max_channel_size": "16777216"
}
