{
    "graph_diameter": 0,
    "avg_out_degree": 8.804270462633452,
    "max_out_degree": 997,
    "num_nodes": 3372,
    "num_channels": 29688,
    "total_network_capacity": "71689488070",
    "avg_channel_size": 2414763.138978712,
    "min_channel_size": "1100",
    "max_channel_size": "16777216"
}
