{
    "graph_diameter": 0,
    "avg_out_degree": 8.820375335120643,
    "max_out_degree": 993,
    "num_nodes": 3357,
    "num_channels": 29610,
    "total_network_capacity": "71566710432",
    "avg_channel_size": 2416977.724822695,
    "min_channel_size": "1100",
    "max_channel_size": "16777216"
}
