{
    "graph_diameter": 0,
    "avg_out_degree": 8.791964285714286,
    "max_out_degree": 989,
    "num_nodes": 3360,
    "num_channels": 29541,
    "total_network_capacity": "71478332774",
    "avg_channel_size": 2419631.453708405,
    "min_channel_size": "1100",
    "max_channel_size": "16777216"
}
