{
    "graph_diameter": 0,
    "avg_out_degree": 8.788277511961722,
    "max_out_degree": 1000,
    "num_nodes": 3344,
    "num_channels": 29388,
    "total_network_capacity": "71381907141",
    "avg_channel_size": 2428947.432319314,
    "min_channel_size": "1100",
    "max_channel_size": "16777216"
}
