{
    "graph_diameter": 0,
    "avg_out_degree": 8.786463012878107,
    "max_out_degree": 1000,
    "num_nodes": 3339,
    "num_channels": 29338,
    "total_network_capacity": "71508257250",
    "avg_channel_size": 2437393.729974777,
    "min_channel_size": "1100",
    "max_channel_size": "16777216"
}
