{
    "graph_diameter": 0,
    "avg_out_degree": 8.799940723177238,
    "max_out_degree": 998,
    "num_nodes": 3374,
    "num_channels": 29691,
    "total_network_capacity": "71685106647",
    "avg_channel_size": 2414371.5821966254,
    "min_channel_size": "1100",
    "max_channel_size": "16777216"
}
