{
    "graph_diameter": 0,
    "avg_out_degree": 8.789050877714965,
    "max_out_degree": 991,
    "num_nodes": 3361,
    "num_channels": 29540,
    "total_network_capacity": "71493288219",
    "avg_channel_size": 2420219.641807718,
    "min_channel_size": "1100",
    "max_channel_size": "16777216"
}
