{
    "graph_diameter": 0,
    "avg_out_degree": 8.795441089402013,
    "max_out_degree": 997,
    "num_nodes": 3378,
    "num_channels": 29711,
    "total_network_capacity": "71738518386",
    "avg_channel_size": 2414544.053919424,
    "min_channel_size": "1100",
    "max_channel_size": "16777216"
}
