{
    "graph_diameter": 0,
    "avg_out_degree": 8.818831942789034,
    "max_out_degree": 993,
    "num_nodes": 3356,
    "num_channels": 29596,
    "total_network_capacity": "71532860635",
    "avg_channel_size": 2416977.315684552,
    "min_channel_size": "1100",
    "max_channel_size": "16777216"
}
