{
    "graph_diameter": 0,
    "avg_out_degree": 8.80385756676558,
    "max_out_degree": 990,
    "num_nodes": 3370,
    "num_channels": 29669,
    "total_network_capacity": "71639399434",
    "avg_channel_size": 2414621.3028413495,
    "min_channel_size": "1100",
    "max_channel_size": "16777216"
}
