{
    "graph_diameter": 0,
    "avg_out_degree": 8.79247536578083,
    "max_out_degree": 998,
    "num_nodes": 3349,
    "num_channels": 29446,
    "total_network_capacity": "71437143897",
    "avg_channel_size": 2426038.9831216466,
    "min_channel_size": "1100",
    "max_channel_size": "16777216"
}
