{
    "graph_diameter": 0,
    "avg_out_degree": 8.784131736526946,
    "max_out_degree": 1002,
    "num_nodes": 3340,
    "num_channels": 29339,
    "total_network_capacity": "71536421483",
    "avg_channel_size": 2438270.61191588,
    "min_channel_size": "1100",
    "max_channel_size": "16777216"
}
