{
    "graph_diameter": 0,
    "avg_out_degree": 8.794818344252532,
    "max_out_degree": 991,
    "num_nodes": 3358,
    "num_channels": 29533,
    "total_network_capacity": "71486487425",
    "avg_channel_size": 2420563.011715708,
    "min_channel_size": "1100",
    "max_channel_size": "16777216"
}
