{
    "graph_diameter": 0,
    "avg_out_degree": 8.803084223013048,
    "max_out_degree": 990,
    "num_nodes": 3372,
    "num_channels": 29684,
    "total_network_capacity": "71646292045",
    "avg_channel_size": 2413633.3393410593,
    "min_channel_size": "1100",
    "max_channel_size": "16777216"
}
