{
    "graph_diameter": 0,
    "avg_out_degree": 8.802083333333334,
    "max_out_degree": 989,
    "num_nodes": 3360,
    "num_channels": 29575,
    "total_network_capacity": "71540891561",
    "avg_channel_size": 2418965.057007608,
    "min_channel_size": "1100",
    "max_channel_size": "16777216"
}
