{
    "graph_diameter": 0,
    "avg_out_degree": 8.788041853512706,
    "max_out_degree": 1000,
    "num_nodes": 3345,
    "num_channels": 29396,
    "total_network_capacity": "71386316898",
    "avg_channel_size": 2428436.416451218,
    "min_channel_size": "1100",
    "max_channel_size": "16777216"
}
