{
    "graph_diameter": 0,
    "avg_out_degree": 8.802432512607535,
    "max_out_degree": 997,
    "num_nodes": 3371,
    "num_channels": 29673,
    "total_network_capacity": "71676889833",
    "avg_channel_size": 2415559.2570013143,
    "min_channel_size": "1100",
    "max_channel_size": "16777216"
}
