{
    "graph_diameter": 0,
    "avg_out_degree": 8.79222720478326,
    "max_out_degree": 1000,
    "num_nodes": 3345,
    "num_channels": 29410,
    "total_network_capacity": "71542949210",
    "avg_channel_size": 2432606.229513771,
    "min_channel_size": "1100",
    "max_channel_size": "16777216"
}
