{
    "graph_diameter": 0,
    "avg_out_degree": 8.804056069191768,
    "max_out_degree": 997,
    "num_nodes": 3353,
    "num_channels": 29520,
    "total_network_capacity": "71484324798",
    "avg_channel_size": 2421555.718089431,
    "min_channel_size": "1100",
    "max_channel_size": "16777216"
}
