{
    "graph_diameter": 0,
    "avg_out_degree": 8.80334228588481,
    "max_out_degree": 997,
    "num_nodes": 3351,
    "num_channels": 29500,
    "total_network_capacity": "71473277039",
    "avg_channel_size": 2422822.950474576,
    "min_channel_size": "1100",
    "max_channel_size": "16777216"
}
