{
    "graph_diameter": 0,
    "avg_out_degree": 8.795084394432928,
    "max_out_degree": 997,
    "num_nodes": 3377,
    "num_channels": 29701,
    "total_network_capacity": "71696101891",
    "avg_channel_size": 2413928.8876132118,
    "min_channel_size": "1100",
    "max_channel_size": "16777216"
}
