{
    "graph_diameter": 0,
    "avg_out_degree": 8.8004158004158,
    "max_out_degree": 990,
    "num_nodes": 3367,
    "num_channels": 29631,
    "total_network_capacity": "71616597193",
    "avg_channel_size": 2416948.3714015726,
    "min_channel_size": "1100",
    "max_channel_size": "16777216"
}
