{
    "graph_diameter": 0,
    "avg_out_degree": 8.806231454005935,
    "max_out_degree": 990,
    "num_nodes": 3370,
    "num_channels": 29677,
    "total_network_capacity": "71641669434",
    "avg_channel_size": 2414046.8859386058,
    "min_channel_size": "1100",
    "max_channel_size": "16777216"
}
