{
    "graph_diameter": 0,
    "avg_out_degree": 8.823248882265275,
    "max_out_degree": 993,
    "num_nodes": 3355,
    "num_channels": 29602,
    "total_network_capacity": "71547486144",
    "avg_channel_size": 2416981.492601851,
    "min_channel_size": "1100",
    "max_channel_size": "16777216"
}
