{
    "graph_diameter": 0,
    "avg_out_degree": 8.810360226257815,
    "max_out_degree": 996,
    "num_nodes": 3359,
    "num_channels": 29594,
    "total_network_capacity": "71524217768",
    "avg_channel_size": 2416848.610123674,
    "min_channel_size": "1100",
    "max_channel_size": "16777216"
}
