{
    "graph_diameter": 0,
    "avg_out_degree": 8.812816691505216,
    "max_out_degree": 997,
    "num_nodes": 3355,
    "num_channels": 29567,
    "total_network_capacity": "71500822818",
    "avg_channel_size": 2418264.376433186,
    "min_channel_size": "1100",
    "max_channel_size": "16777216"
}
