{
    "graph_diameter": 0,
    "avg_out_degree": 8.800892857142857,
    "max_out_degree": 989,
    "num_nodes": 3360,
    "num_channels": 29571,
    "total_network_capacity": "71520828541",
    "avg_channel_size": 2418613.7953062123,
    "min_channel_size": "1100",
    "max_channel_size": "16777216"
}
