{
    "graph_diameter": 0,
    "avg_out_degree": 8.80471782621678,
    "max_out_degree": 998,
    "num_nodes": 3349,
    "num_channels": 29487,
    "total_network_capacity": "71462455891",
    "avg_channel_size": 2423524.1255807644,
    "min_channel_size": "1100",
    "max_channel_size": "16777216"
}
