{
    "graph_diameter": 0,
    "avg_out_degree": 8.801253357206804,
    "max_out_degree": 997,
    "num_nodes": 3351,
    "num_channels": 29493,
    "total_network_capacity": "71472952294",
    "avg_channel_size": 2423386.9831485436,
    "min_channel_size": "1100",
    "max_channel_size": "16777216"
}
