{
    "graph_diameter": 0,
    "avg_out_degree": 8.803385803385803,
    "max_out_degree": 990,
    "num_nodes": 3367,
    "num_channels": 29641,
    "total_network_capacity": "71612638254",
    "avg_channel_size": 2415999.40130225,
    "min_channel_size": "1100",
    "max_channel_size": "16777216"
}
