{
    "graph_diameter": 0,
    "avg_out_degree": 8.804120633024784,
    "max_out_degree": 998,
    "num_nodes": 3349,
    "num_channels": 29485,
    "total_network_capacity": "71456119616",
    "avg_channel_size": 2423473.617636086,
    "min_channel_size": "1100",
    "max_channel_size": "16777216"
}
