{
    "graph_diameter": 0,
    "avg_out_degree": 8.785180758888558,
    "max_out_degree": 1000,
    "num_nodes": 3347,
    "num_channels": 29404,
    "total_network_capacity": "71387773697",
    "avg_channel_size": 2427825.251564413,
    "min_channel_size": "1100",
    "max_channel_size": "16777216"
}
