{
    "graph_diameter": 0,
    "avg_out_degree": 8.800296296296297,
    "max_out_degree": 998,
    "num_nodes": 3375,
    "num_channels": 29701,
    "total_network_capacity": "71721008668",
    "avg_channel_size": 2414767.4713982693,
    "min_channel_size": "1100",
    "max_channel_size": "16777216"
}
