{
    "graph_diameter": 0,
    "avg_out_degree": 8.796058524932816,
    "max_out_degree": 998,
    "num_nodes": 3349,
    "num_channels": 29458,
    "total_network_capacity": "71448745182",
    "avg_channel_size": 2425444.537375246,
    "min_channel_size": "1100",
    "max_channel_size": "16777216"
}
