{
    "graph_diameter": 0,
    "avg_out_degree": 8.802608180201542,
    "max_out_degree": 998,
    "num_nodes": 3374,
    "num_channels": 29700,
    "total_network_capacity": "71720908668",
    "avg_channel_size": 2414845.4096969697,
    "min_channel_size": "1100",
    "max_channel_size": "16777216"
}
