{
    "graph_diameter": 0,
    "avg_out_degree": 8.803619104123406,
    "max_out_degree": 990,
    "num_nodes": 3371,
    "num_channels": 29677,
    "total_network_capacity": "71635226782",
    "avg_channel_size": 2413829.7935101255,
    "min_channel_size": "1100",
    "max_channel_size": "16777216"
}
