{
    "graph_diameter": 0,
    "avg_out_degree": 8.8001188001188,
    "max_out_degree": 990,
    "num_nodes": 3367,
    "num_channels": 29630,
    "total_network_capacity": "71599366534",
    "avg_channel_size": 2416448.4149173135,
    "min_channel_size": "1100",
    "max_channel_size": "16777216"
}
