{
    "graph_diameter": 0,
    "avg_out_degree": 8.79982206405694,
    "max_out_degree": 997,
    "num_nodes": 3372,
    "num_channels": 29673,
    "total_network_capacity": "71676765365",
    "avg_channel_size": 2415555.0623462405,
    "min_channel_size": "1100",
    "max_channel_size": "16777216"
}
