{
    "graph_diameter": 0,
    "avg_out_degree": 8.793371155568826,
    "max_out_degree": 998,
    "num_nodes": 3349,
    "num_channels": 29449,
    "total_network_capacity": "71438673897",
    "avg_channel_size": 2425843.794254474,
    "min_channel_size": "1100",
    "max_channel_size": "16777216"
}
