{
    "graph_diameter": 0,
    "avg_out_degree": 8.785200718993408,
    "max_out_degree": 1003,
    "num_nodes": 3338,
    "num_channels": 29325,
    "total_network_capacity": "71534500498",
    "avg_channel_size": 2439369.155942029,
    "min_channel_size": "1100",
    "max_channel_size": "16777216"
}
