{
    "graph_diameter": 0,
    "avg_out_degree": 8.810360226257815,
    "max_out_degree": 993,
    "num_nodes": 3359,
    "num_channels": 29594,
    "total_network_capacity": "71528466071",
    "avg_channel_size": 2416992.162972224,
    "min_channel_size": "1100",
    "max_channel_size": "16777216"
}
