{
    "graph_diameter": 0,
    "avg_out_degree": 8.790558709291902,
    "max_out_degree": 998,
    "num_nodes": 3347,
    "num_channels": 29422,
    "total_network_capacity": "71414880912",
    "avg_channel_size": 2427261.2640880975,
    "min_channel_size": "1100",
    "max_channel_size": "16777216"
}
