{
    "graph_diameter": 0,
    "avg_out_degree": 8.79603315571344,
    "max_out_degree": 997,
    "num_nodes": 3378,
    "num_channels": 29713,
    "total_network_capacity": "71746417188",
    "avg_channel_size": 2414647.366068724,
    "min_channel_size": "1100",
    "max_channel_size": "16777216"
}
