{
    "graph_diameter": 0,
    "avg_out_degree": 8.79077380952381,
    "max_out_degree": 991,
    "num_nodes": 3360,
    "num_channels": 29537,
    "total_network_capacity": "71489987425",
    "avg_channel_size": 2420353.706368284,
    "min_channel_size": "1100",
    "max_channel_size": "16777216"
}
