{
    "graph_diameter": 0,
    "avg_out_degree": 8.813226094727435,
    "max_out_degree": 992,
    "num_nodes": 3357,
    "num_channels": 29586,
    "total_network_capacity": "71517260635",
    "avg_channel_size": 2417266.97204759,
    "min_channel_size": "1100",
    "max_channel_size": "16777216"
}
