{
    "graph_diameter": 0,
    "avg_out_degree": 8.803699284009546,
    "max_out_degree": 997,
    "num_nodes": 3352,
    "num_channels": 29510,
    "total_network_capacity": "71474210561",
    "avg_channel_size": 2422033.5669603525,
    "min_channel_size": "1100",
    "max_channel_size": "16777216"
}
