{
    "graph_diameter": 0,
    "avg_out_degree": 8.786163522012579,
    "max_out_degree": 1000,
    "num_nodes": 3339,
    "num_channels": 29337,
    "total_network_capacity": "71522495049",
    "avg_channel_size": 2437962.131404029,
    "min_channel_size": "1100",
    "max_channel_size": "16777216"
}
