{
    "graph_diameter": 0,
    "avg_out_degree": 8.78637585897819,
    "max_out_degree": 999,
    "num_nodes": 3347,
    "num_channels": 29408,
    "total_network_capacity": "71391513697",
    "avg_channel_size": 2427622.2013397715,
    "min_channel_size": "1100",
    "max_channel_size": "16777216"
}
