{
    "graph_diameter": 0,
    "avg_out_degree": 8.80919881305638,
    "max_out_degree": 990,
    "num_nodes": 3370,
    "num_channels": 29687,
    "total_network_capacity": "71662119434",
    "avg_channel_size": 2413922.573314919,
    "min_channel_size": "1100",
    "max_channel_size": "16777216"
}
