{
    "graph_diameter": 0,
    "avg_out_degree": 8.800952097590002,
    "max_out_degree": 990,
    "num_nodes": 3361,
    "num_channels": 29580,
    "total_network_capacity": "71538773747",
    "avg_channel_size": 2418484.5756254224,
    "min_channel_size": "1100",
    "max_channel_size": "16777216"
}
