{
    "graph_diameter": 0,
    "avg_out_degree": 8.804631828978623,
    "max_out_degree": 990,
    "num_nodes": 3368,
    "num_channels": 29654,
    "total_network_capacity": "71617705485",
    "avg_channel_size": 2415111.131213327,
    "min_channel_size": "1100",
    "max_channel_size": "16777216"
}
