{
    "graph_diameter": 0,
    "avg_out_degree": 8.810657933908901,
    "max_out_degree": 993,
    "num_nodes": 3359,
    "num_channels": 29595,
    "total_network_capacity": "71528566071",
    "avg_channel_size": 2416913.8729853015,
    "min_channel_size": "1100",
    "max_channel_size": "16777216"
}
