{
    "graph_diameter": 0,
    "avg_out_degree": 8.80166270783848,
    "max_out_degree": 990,
    "num_nodes": 3368,
    "num_channels": 29644,
    "total_network_capacity": "71610422155",
    "avg_channel_size": 2415680.142861962,
    "min_channel_size": "1100",
    "max_channel_size": "16777216"
}
