{
    "graph_diameter": 0,
    "avg_out_degree": 8.808011869436202,
    "max_out_degree": 998,
    "num_nodes": 3370,
    "num_channels": 29683,
    "total_network_capacity": "71705539766",
    "avg_channel_size": 2415710.6682612943,
    "min_channel_size": "1100",
    "max_channel_size": "16777216"
}
