{
    "graph_diameter": 0,
    "avg_out_degree": 8.78376759508835,
    "max_out_degree": 1002,
    "num_nodes": 3339,
    "num_channels": 29329,
    "total_network_capacity": "71531289508",
    "avg_channel_size": 2438926.9838044257,
    "min_channel_size": "1100",
    "max_channel_size": "16777216"
}
