{
    "graph_diameter": 0,
    "avg_out_degree": 8.803380782918149,
    "max_out_degree": 990,
    "num_nodes": 3372,
    "num_channels": 29685,
    "total_network_capacity": "71659156414",
    "avg_channel_size": 2413985.393767896,
    "min_channel_size": "1100",
    "max_channel_size": "16777216"
}
