{
    "graph_diameter": 0,
    "avg_out_degree": 8.78875334721809,
    "max_out_degree": 991,
    "num_nodes": 3361,
    "num_channels": 29539,
    "total_network_capacity": "71491288219",
    "avg_channel_size": 2420233.867734182,
    "min_channel_size": "1100",
    "max_channel_size": "16777216"
}
