{
    "graph_diameter": 0,
    "avg_out_degree": 8.807978565049122,
    "max_out_degree": 996,
    "num_nodes": 3359,
    "num_channels": 29586,
    "total_network_capacity": "71524057768",
    "avg_channel_size": 2417496.7135807476,
    "min_channel_size": "1100",
    "max_channel_size": "16777216"
}
