{
    "graph_diameter": 0,
    "avg_out_degree": 8.802030456852792,
    "max_out_degree": 998,
    "num_nodes": 3349,
    "num_channels": 29478,
    "total_network_capacity": "71467623596",
    "avg_channel_size": 2424439.364814438,
    "min_channel_size": "1100",
    "max_channel_size": "16777216"
}
