{
    "graph_diameter": 0,
    "avg_out_degree": 8.799050163253192,
    "max_out_degree": 990,
    "num_nodes": 3369,
    "num_channels": 29644,
    "total_network_capacity": "71612908254",
    "avg_channel_size": 2415764.008028606,
    "min_channel_size": "1100",
    "max_channel_size": "16777216"
}
