{
    "graph_diameter": 0,
    "avg_out_degree": 8.808219178082192,
    "max_out_degree": 996,
    "num_nodes": 3358,
    "num_channels": 29578,
    "total_network_capacity": "71516456583",
    "avg_channel_size": 2417893.5892555276,
    "min_channel_size": "1100",
    "max_channel_size": "16777216"
}
