{
    "graph_diameter": 0,
    "avg_out_degree": 8.810375670840788,
    "max_out_degree": 997,
    "num_nodes": 3354,
    "num_channels": 29550,
    "total_network_capacity": "71488262684",
    "avg_channel_size": 2419230.547681895,
    "min_channel_size": "1100",
    "max_channel_size": "16777216"
}
