{
    "graph_diameter": 0,
    "avg_out_degree": 8.802194543297746,
    "max_out_degree": 990,
    "num_nodes": 3372,
    "num_channels": 29681,
    "total_network_capacity": "71645092045",
    "avg_channel_size": 2413836.8668508474,
    "min_channel_size": "1100",
    "max_channel_size": "16777216"
}
