{
    "graph_diameter": 0,
    "avg_out_degree": 8.783363255535608,
    "max_out_degree": 1000,
    "num_nodes": 3342,
    "num_channels": 29354,
    "total_network_capacity": "71512916846",
    "avg_channel_size": 2436223.916536077,
    "min_channel_size": "1100",
    "max_channel_size": "16777216"
}
