{
    "graph_diameter": 0,
    "avg_out_degree": 8.795737122557727,
    "max_out_degree": 997,
    "num_nodes": 3378,
    "num_channels": 29712,
    "total_network_capacity": "71738137188",
    "avg_channel_size": 2414449.9592084005,
    "min_channel_size": "1100",
    "max_channel_size": "16777216"
}
