{
    "graph_diameter": 0,
    "avg_out_degree": 8.803582089552238,
    "max_out_degree": 998,
    "num_nodes": 3350,
    "num_channels": 29492,
    "total_network_capacity": "71472152294",
    "avg_channel_size": 2423442.0281432252,
    "min_channel_size": "1100",
    "max_channel_size": "16777216"
}
