{
    "graph_diameter": 0,
    "avg_out_degree": 8.788432724003597,
    "max_out_degree": 1002,
    "num_nodes": 3337,
    "num_channels": 29327,
    "total_network_capacity": "71532080482",
    "avg_channel_size": 2439120.2810379514,
    "min_channel_size": "1100",
    "max_channel_size": "16777216"
}
