{
    "graph_diameter": 0,
    "avg_out_degree": 8.804509047760309,
    "max_out_degree": 990,
    "num_nodes": 3371,
    "num_channels": 29680,
    "total_network_capacity": "71636296782",
    "avg_channel_size": 2413621.859231806,
    "min_channel_size": "1100",
    "max_channel_size": "16777216"
}
