{
    "graph_diameter": 0,
    "avg_out_degree": 8.800949273212696,
    "max_out_degree": 997,
    "num_nodes": 3371,
    "num_channels": 29668,
    "total_network_capacity": "71702323681",
    "avg_channel_size": 2416823.6376230284,
    "min_channel_size": "1100",
    "max_channel_size": "16777216"
}
