{
    "graph_diameter": 0,
    "avg_out_degree": 8.798745894296806,
    "max_out_degree": 998,
    "num_nodes": 3349,
    "num_channels": 29467,
    "total_network_capacity": "71455433684",
    "avg_channel_size": 2424930.725353786,
    "min_channel_size": "1100",
    "max_channel_size": "16777216"
}
