{
    "graph_diameter": 0,
    "avg_out_degree": 8.780305297815026,
    "max_out_degree": 1002,
    "num_nodes": 3341,
    "num_channels": 29335,
    "total_network_capacity": "71532377688",
    "avg_channel_size": 2438465.2356570647,
    "min_channel_size": "1100",
    "max_channel_size": "16777216"
}
