{
    "graph_diameter": 0,
    "avg_out_degree": 8.786674634000597,
    "max_out_degree": 1000,
    "num_nodes": 3347,
    "num_channels": 29409,
    "total_network_capacity": "71393013697",
    "avg_channel_size": 2427590.6592199667,
    "min_channel_size": "1100",
    "max_channel_size": "16777216"
}
