{
    "graph_diameter": 0,
    "avg_out_degree": 8.784965558550464,
    "max_out_degree": 1002,
    "num_nodes": 3339,
    "num_channels": 29333,
    "total_network_capacity": "71541975411",
    "avg_channel_size": 2438958.6953601744,
    "min_channel_size": "1100",
    "max_channel_size": "16777216"
}
