{
    "graph_diameter": 0,
    "avg_out_degree": 8.79076649896419,
    "max_out_degree": 997,
    "num_nodes": 3379,
    "num_channels": 29704,
    "total_network_capacity": "71707827552",
    "avg_channel_size": 2414079.839482898,
    "min_channel_size": "1100",
    "max_channel_size": "16777216"
}
