{
    "graph_diameter": 0,
    "avg_out_degree": 8.795223880597016,
    "max_out_degree": 998,
    "num_nodes": 3350,
    "num_channels": 29464,
    "total_network_capacity": "71448863684",
    "avg_channel_size": 2424954.64580505,
    "min_channel_size": "1100",
    "max_channel_size": "16777216"
}
