{
    "graph_diameter": 0,
    "avg_out_degree": 8.800059506099375,
    "max_out_degree": 990,
    "num_nodes": 3361,
    "num_channels": 29577,
    "total_network_capacity": "71537761793",
    "avg_channel_size": 2418695.66869527,
    "min_channel_size": "1100",
    "max_channel_size": "16777216"
}
