{
    "graph_diameter": 0,
    "avg_out_degree": 8.794266945356823,
    "max_out_degree": 998,
    "num_nodes": 3349,
    "num_channels": 29452,
    "total_network_capacity": "71448395182",
    "avg_channel_size": 2425926.7683688714,
    "min_channel_size": "1100",
    "max_channel_size": "16777216"
}
