{
    "graph_diameter": 0,
    "avg_out_degree": 8.806605177030645,
    "max_out_degree": 989,
    "num_nodes": 3361,
    "num_channels": 29599,
    "total_network_capacity": "71563400579",
    "avg_channel_size": 2417764.13321396,
    "min_channel_size": "1100",
    "max_channel_size": "16777216"
}
