{
    "graph_diameter": 0,
    "avg_out_degree": 8.801601423487545,
    "max_out_degree": 990,
    "num_nodes": 3372,
    "num_channels": 29679,
    "total_network_capacity": "71633696814",
    "avg_channel_size": 2413615.5805114727,
    "min_channel_size": "1100",
    "max_channel_size": "16777216"
}
