{
    "graph_diameter": 0,
    "avg_out_degree": 8.35381222432262,
    "max_out_degree": 977,
    "num_nodes": 3174,
    "num_channels": 26515,
    "total_network_capacity": "68446044171",
    "avg_channel_size": 2581408.416782953,
    "min_channel_size": "1100",
    "max_channel_size": "16777216"
}
