{
    "graph_diameter": 0,
    "avg_out_degree": 8.391700723043067,
    "max_out_degree": 981,
    "num_nodes": 3181,
    "num_channels": 26694,
    "total_network_capacity": "68701381819",
    "avg_channel_size": 2573663.8128043753,
    "min_channel_size": "1100",
    "max_channel_size": "16777216"
}
