{
    "graph_diameter": 0,
    "avg_out_degree": 8.361976707585773,
    "max_out_degree": 976,
    "num_nodes": 3177,
    "num_channels": 26566,
    "total_network_capacity": "68516540906",
    "avg_channel_size": 2579106.4106752994,
    "min_channel_size": "1100",
    "max_channel_size": "16777216"
}
