{
    "graph_diameter": 0,
    "avg_out_degree": 8.392095357590966,
    "max_out_degree": 981,
    "num_nodes": 3188,
    "num_channels": 26754,
    "total_network_capacity": "68858273820",
    "avg_channel_size": 2573756.216640502,
    "min_channel_size": "1100",
    "max_channel_size": "16777216"
}
