{
    "graph_diameter": 0,
    "avg_out_degree": 8.394025157232704,
    "max_out_degree": 981,
    "num_nodes": 3180,
    "num_channels": 26693,
    "total_network_capacity": "68700905106",
    "avg_channel_size": 2573742.370883752,
    "min_channel_size": "1100",
    "max_channel_size": "16777216"
}
