{
    "graph_diameter": 0,
    "avg_out_degree": 8.378930817610064,
    "max_out_degree": 980,
    "num_nodes": 3180,
    "num_channels": 26645,
    "total_network_capacity": "68685744702",
    "avg_channel_size": 2577809.8968662038,
    "min_channel_size": "1100",
    "max_channel_size": "16777216"
}
