{
    "graph_diameter": 0,
    "avg_out_degree": 8.355366698142902,
    "max_out_degree": 976,
    "num_nodes": 3177,
    "num_channels": 26545,
    "total_network_capacity": "68439338810",
    "avg_channel_size": 2578238.4181578453,
    "min_channel_size": "1100",
    "max_channel_size": "16777216"
}
