{
    "graph_diameter": 0,
    "avg_out_degree": 8.389883757461515,
    "max_out_degree": 983,
    "num_nodes": 3183,
    "num_channels": 26705,
    "total_network_capacity": "68736492594",
    "avg_channel_size": 2573918.4644823065,
    "min_channel_size": "1100",
    "max_channel_size": "16777216"
}
