{
    "graph_diameter": 0,
    "avg_out_degree": 8.388312912346843,
    "max_out_degree": 981,
    "num_nodes": 3183,
    "num_channels": 26700,
    "total_network_capacity": "68692053862",
    "avg_channel_size": 2572736.0997003745,
    "min_channel_size": "1100",
    "max_channel_size": "16777216"
}
