{
    "graph_diameter": 0,
    "avg_out_degree": 8.386691776522285,
    "max_out_degree": 981,
    "num_nodes": 3186,
    "num_channels": 26720,
    "total_network_capacity": "68778057128",
    "avg_channel_size": 2574029.0841317363,
    "min_channel_size": "1100",
    "max_channel_size": "16777216"
}
