{
    "graph_diameter": 0,
    "avg_out_degree": 8.390443256837472,
    "max_out_degree": 980,
    "num_nodes": 3181,
    "num_channels": 26690,
    "total_network_capacity": "68699625628",
    "avg_channel_size": 2573983.725290371,
    "min_channel_size": "1100",
    "max_channel_size": "16777216"
}
