{
    "graph_diameter": 0,
    "avg_out_degree": 8.384615384615385,
    "max_out_degree": 981,
    "num_nodes": 3185,
    "num_channels": 26705,
    "total_network_capacity": "68757093593",
    "avg_channel_size": 2574689.893016289,
    "min_channel_size": "1100",
    "max_channel_size": "16777216"
}
