{
    "graph_diameter": 0,
    "avg_out_degree": 8.391794550579393,
    "max_out_degree": 981,
    "num_nodes": 3193,
    "num_channels": 26795,
    "total_network_capacity": "68861031599",
    "avg_channel_size": 2569920.9404366487,
    "min_channel_size": "1100",
    "max_channel_size": "16777216"
}
