{
    "graph_diameter": 0,
    "avg_out_degree": 8.39321608040201,
    "max_out_degree": 980,
    "num_nodes": 3184,
    "num_channels": 26724,
    "total_network_capacity": "68798912719",
    "avg_channel_size": 2574424.214900464,
    "min_channel_size": "1100",
    "max_channel_size": "16777216"
}
