{
    "graph_diameter": 0,
    "avg_out_degree": 8.3954802259887,
    "max_out_degree": 981,
    "num_nodes": 3186,
    "num_channels": 26748,
    "total_network_capacity": "68850723820",
    "avg_channel_size": 2574051.2868251833,
    "min_channel_size": "1100",
    "max_channel_size": "16777216"
}
