{
    "graph_diameter": 0,
    "avg_out_degree": 8.390580847723704,
    "max_out_degree": 980,
    "num_nodes": 3185,
    "num_channels": 26724,
    "total_network_capacity": "68766087625",
    "avg_channel_size": 2573195.91472085,
    "min_channel_size": "1100",
    "max_channel_size": "16777216"
}
