{
    "graph_diameter": 0,
    "avg_out_degree": 8.377672955974843,
    "max_out_degree": 980,
    "num_nodes": 3180,
    "num_channels": 26641,
    "total_network_capacity": "68668478421",
    "avg_channel_size": 2577548.8315378553,
    "min_channel_size": "1100",
    "max_channel_size": "16777216"
}
