{
    "graph_diameter": 0,
    "avg_out_degree": 8.386163522012579,
    "max_out_degree": 980,
    "num_nodes": 3180,
    "num_channels": 26668,
    "total_network_capacity": "68705286810",
    "avg_channel_size": 2576319.4394030296,
    "min_channel_size": "1100",
    "max_channel_size": "16777216"
}
