{
    "graph_diameter": 0,
    "avg_out_degree": 8.392409033877039,
    "max_out_degree": 981,
    "num_nodes": 3188,
    "num_channels": 26755,
    "total_network_capacity": "68861273820",
    "avg_channel_size": 2573772.148009718,
    "min_channel_size": "1100",
    "max_channel_size": "16777216"
}
