{
    "graph_diameter": 0,
    "avg_out_degree": 8.388050314465408,
    "max_out_degree": 980,
    "num_nodes": 3180,
    "num_channels": 26674,
    "total_network_capacity": "68707383266",
    "avg_channel_size": 2575818.5223813453,
    "min_channel_size": "1100",
    "max_channel_size": "16777216"
}
