{
    "graph_diameter": 0,
    "avg_out_degree": 8.36292099464904,
    "max_out_degree": 976,
    "num_nodes": 3177,
    "num_channels": 26569,
    "total_network_capacity": "68518662906",
    "avg_channel_size": 2578895.062140088,
    "min_channel_size": "1100",
    "max_channel_size": "16777216"
}
