{
    "graph_diameter": 0,
    "avg_out_degree": 8.390512095507383,
    "max_out_degree": 983,
    "num_nodes": 3183,
    "num_channels": 26707,
    "total_network_capacity": "68738685067",
    "avg_channel_size": 2573807.805706369,
    "min_channel_size": "1100",
    "max_channel_size": "16777216"
}
