{
    "graph_diameter": 0,
    "avg_out_degree": 8.393653785736726,
    "max_out_degree": 983,
    "num_nodes": 3183,
    "num_channels": 26717,
    "total_network_capacity": "68749964931",
    "avg_channel_size": 2573266.6441217205,
    "min_channel_size": "1100",
    "max_channel_size": "16777216"
}
