{
    "graph_diameter": 0,
    "avg_out_degree": 8.393530150753769,
    "max_out_degree": 981,
    "num_nodes": 3184,
    "num_channels": 26725,
    "total_network_capacity": "68799912719",
    "avg_channel_size": 2574365.302862488,
    "min_channel_size": "1100",
    "max_channel_size": "16777216"
}
