{
    "graph_diameter": 0,
    "avg_out_degree": 8.364580056621579,
    "max_out_degree": 977,
    "num_nodes": 3179,
    "num_channels": 26591,
    "total_network_capacity": "68654870033",
    "avg_channel_size": 2581883.721296679,
    "min_channel_size": "1100",
    "max_channel_size": "16777216"
}
