{
    "graph_diameter": 0,
    "avg_out_degree": 8.362063541994338,
    "max_out_degree": 977,
    "num_nodes": 3179,
    "num_channels": 26583,
    "total_network_capacity": "68537329528",
    "avg_channel_size": 2578239.082421096,
    "min_channel_size": "1100",
    "max_channel_size": "16777216"
}
