{
    "graph_diameter": 0,
    "avg_out_degree": 8.38679245283019,
    "max_out_degree": 980,
    "num_nodes": 3180,
    "num_channels": 26670,
    "total_network_capacity": "68706983266",
    "avg_channel_size": 2576189.848743907,
    "min_channel_size": "1100",
    "max_channel_size": "16777216"
}
