{
    "graph_diameter": 0,
    "avg_out_degree": 8.38345391632589,
    "max_out_degree": 980,
    "num_nodes": 3179,
    "num_channels": 26651,
    "total_network_capacity": "68687171914",
    "avg_channel_size": 2577283.1005966007,
    "min_channel_size": "1100",
    "max_channel_size": "16777216"
}
