{
    "graph_diameter": 0,
    "avg_out_degree": 8.388120678818353,
    "max_out_degree": 981,
    "num_nodes": 3182,
    "num_channels": 26691,
    "total_network_capacity": "68676353862",
    "avg_channel_size": 2573015.3932786332,
    "min_channel_size": "1100",
    "max_channel_size": "16777216"
}
