{
    "graph_diameter": 0,
    "avg_out_degree": 8.393844221105528,
    "max_out_degree": 980,
    "num_nodes": 3184,
    "num_channels": 26726,
    "total_network_capacity": "68809352719",
    "avg_channel_size": 2574622.1925840005,
    "min_channel_size": "1100",
    "max_channel_size": "16777216"
}
