{
    "graph_diameter": 0,
    "avg_out_degree": 8.391577624135763,
    "max_out_degree": 983,
    "num_nodes": 3182,
    "num_channels": 26702,
    "total_network_capacity": "68708229190",
    "avg_channel_size": 2573149.171972137,
    "min_channel_size": "1100",
    "max_channel_size": "16777216"
}
