{
    "graph_diameter": 0,
    "avg_out_degree": 8.389447236180905,
    "max_out_degree": 983,
    "num_nodes": 3184,
    "num_channels": 26712,
    "total_network_capacity": "68765068811",
    "avg_channel_size": 2574313.747042528,
    "min_channel_size": "1100",
    "max_channel_size": "16777216"
}
