{
    "graph_diameter": 0,
    "avg_out_degree": 8.392778649921507,
    "max_out_degree": 980,
    "num_nodes": 3185,
    "num_channels": 26731,
    "total_network_capacity": "68794087625",
    "avg_channel_size": 2573569.5493995734,
    "min_channel_size": "1100",
    "max_channel_size": "16777216"
}
