{
    "graph_diameter": 0,
    "avg_out_degree": 8.361032420522506,
    "max_out_degree": 976,
    "num_nodes": 3177,
    "num_channels": 26563,
    "total_network_capacity": "68498290906",
    "avg_channel_size": 2578710.646613711,
    "min_channel_size": "1100",
    "max_channel_size": "16777216"
}
