{
    "graph_diameter": 0,
    "avg_out_degree": 8.390826264530316,
    "max_out_degree": 983,
    "num_nodes": 3183,
    "num_channels": 26708,
    "total_network_capacity": "68737142894",
    "avg_channel_size": 2573653.695297289,
    "min_channel_size": "1100",
    "max_channel_size": "16777216"
}
