{
    "graph_diameter": 0,
    "avg_out_degree": 8.36312146003776,
    "max_out_degree": 976,
    "num_nodes": 3178,
    "num_channels": 26578,
    "total_network_capacity": "68533643758",
    "avg_channel_size": 2578585.437504703,
    "min_channel_size": "1100",
    "max_channel_size": "16777216"
}
