{
    "graph_diameter": 0,
    "avg_out_degree": 8.362378106322742,
    "max_out_degree": 977,
    "num_nodes": 3179,
    "num_channels": 26584,
    "total_network_capacity": "68537429528",
    "avg_channel_size": 2578145.8594643394,
    "min_channel_size": "1100",
    "max_channel_size": "16777216"
}
