{
    "graph_diameter": 0,
    "avg_out_degree": 8.388871424080477,
    "max_out_degree": 980,
    "num_nodes": 3181,
    "num_channels": 26685,
    "total_network_capacity": "68712038938",
    "avg_channel_size": 2574931.1949784523,
    "min_channel_size": "1100",
    "max_channel_size": "16777216"
}
