{
    "graph_diameter": 0,
    "avg_out_degree": 8.392711278667923,
    "max_out_degree": 983,
    "num_nodes": 3183,
    "num_channels": 26714,
    "total_network_capacity": "68726582779",
    "avg_channel_size": 2572680.3465972897,
    "min_channel_size": "1100",
    "max_channel_size": "16777216"
}
