{
    "graph_diameter": 0,
    "avg_out_degree": 8.353070866141731,
    "max_out_degree": 977,
    "num_nodes": 3175,
    "num_channels": 26521,
    "total_network_capacity": "68438544171",
    "avg_channel_size": 2580541.614984352,
    "min_channel_size": "1100",
    "max_channel_size": "16777216"
}
