{
    "graph_diameter": 0,
    "avg_out_degree": 8.394654088050315,
    "max_out_degree": 981,
    "num_nodes": 3180,
    "num_channels": 26695,
    "total_network_capacity": "68702966349",
    "avg_channel_size": 2573626.759655366,
    "min_channel_size": "1100",
    "max_channel_size": "16777216"
}
