{
    "graph_diameter": 0,
    "avg_out_degree": 8.385849056603774,
    "max_out_degree": 980,
    "num_nodes": 3180,
    "num_channels": 26667,
    "total_network_capacity": "68705259512",
    "avg_channel_size": 2576415.026512169,
    "min_channel_size": "1100",
    "max_channel_size": "16777216"
}
