{
    "graph_diameter": 0,
    "avg_out_degree": 8.393025447690858,
    "max_out_degree": 983,
    "num_nodes": 3183,
    "num_channels": 26715,
    "total_network_capacity": "68748764931",
    "avg_channel_size": 2573414.371364402,
    "min_channel_size": "1100",
    "max_channel_size": "16777216"
}
