{
    "graph_diameter": 0,
    "avg_out_degree": 8.386427898209236,
    "max_out_degree": 981,
    "num_nodes": 3183,
    "num_channels": 26694,
    "total_network_capacity": "68681953862",
    "avg_channel_size": 2572936.010414325,
    "min_channel_size": "1100",
    "max_channel_size": "16777216"
}
