{
    "graph_diameter": 0,
    "avg_out_degree": 8.388505025125628,
    "max_out_degree": 983,
    "num_nodes": 3184,
    "num_channels": 26709,
    "total_network_capacity": "68753926408",
    "avg_channel_size": 2574185.720468756,
    "min_channel_size": "1100",
    "max_channel_size": "16777216"
}
