{
    "graph_diameter": 0,
    "avg_out_degree": 8.387177875549968,
    "max_out_degree": 981,
    "num_nodes": 3182,
    "num_channels": 26688,
    "total_network_capacity": "68691060920",
    "avg_channel_size": 2573855.699940048,
    "min_channel_size": "1100",
    "max_channel_size": "16777216"
}
