{
    "graph_diameter": 0,
    "avg_out_degree": 8.372876022655758,
    "max_out_degree": 978,
    "num_nodes": 3178,
    "num_channels": 26609,
    "total_network_capacity": "68698452163",
    "avg_channel_size": 2581775.044646548,
    "min_channel_size": "1100",
    "max_channel_size": "16777216"
}
