{
    "graph_diameter": 0,
    "avg_out_degree": 8.361434413337527,
    "max_out_degree": 976,
    "num_nodes": 3179,
    "num_channels": 26581,
    "total_network_capacity": "68534054184",
    "avg_channel_size": 2578309.8523005154,
    "min_channel_size": "1100",
    "max_channel_size": "16777216"
}
