{
    "graph_diameter": 0,
    "avg_out_degree": 8.387492143306098,
    "max_out_degree": 981,
    "num_nodes": 3182,
    "num_channels": 26689,
    "total_network_capacity": "68688857006",
    "avg_channel_size": 2573676.6835025665,
    "min_channel_size": "1100",
    "max_channel_size": "16777216"
}
