{
    "graph_diameter": 0,
    "avg_out_degree": 8.375589808115759,
    "max_out_degree": 980,
    "num_nodes": 3179,
    "num_channels": 26626,
    "total_network_capacity": "68662713663",
    "avg_channel_size": 2578784.408585593,
    "min_channel_size": "1100",
    "max_channel_size": "16777216"
}
