{
    "graph_diameter": 0,
    "avg_out_degree": 8.357884796978281,
    "max_out_degree": 976,
    "num_nodes": 3177,
    "num_channels": 26553,
    "total_network_capacity": "68428327046",
    "avg_channel_size": 2577046.926750273,
    "min_channel_size": "1100",
    "max_channel_size": "16777216"
}
