{
    "graph_diameter": 0,
    "avg_out_degree": 8.382925298179536,
    "max_out_degree": 981,
    "num_nodes": 3186,
    "num_channels": 26708,
    "total_network_capacity": "68764913718",
    "avg_channel_size": 2574693.48951625,
    "min_channel_size": "1100",
    "max_channel_size": "16777216"
}
