{
    "graph_diameter": 0,
    "avg_out_degree": 8.386742067232172,
    "max_out_degree": 981,
    "num_nodes": 3183,
    "num_channels": 26695,
    "total_network_capacity": "68684953862",
    "avg_channel_size": 2572952.008316164,
    "min_channel_size": "1100",
    "max_channel_size": "16777216"
}
