{
    "graph_diameter": 0,
    "avg_out_degree": 8.362692670651148,
    "max_out_degree": 977,
    "num_nodes": 3179,
    "num_channels": 26585,
    "total_network_capacity": "68540509610",
    "avg_channel_size": 2578164.739890916,
    "min_channel_size": "1100",
    "max_channel_size": "16777216"
}
