{
    "graph_diameter": 0,
    "avg_out_degree": 8.375786163522013,
    "max_out_degree": 980,
    "num_nodes": 3180,
    "num_channels": 26635,
    "total_network_capacity": "68667897636",
    "avg_channel_size": 2578107.664201239,
    "min_channel_size": "1100",
    "max_channel_size": "16777216"
}
