{
    "graph_diameter": 0,
    "avg_out_degree": 8.766953713670613,
    "max_out_degree": 1093,
    "num_nodes": 3716,
    "num_channels": 32578,
    "total_network_capacity": "75776026894",
    "avg_channel_size": 2325987.6878261403,
    "min_channel_size": "1100",
    "max_channel_size": "16777216"
}
