{
    "graph_diameter": 0,
    "avg_out_degree": 8.71894368094853,
    "max_out_degree": 1091,
    "num_nodes": 3711,
    "num_channels": 32356,
    "total_network_capacity": "75537716660",
    "avg_channel_size": 2334581.4272468784,
    "min_channel_size": "1100",
    "max_channel_size": "16777216"
}
