{
    "graph_diameter": 0,
    "avg_out_degree": 8.727419354838709,
    "max_out_degree": 1092,
    "num_nodes": 3720,
    "num_channels": 32466,
    "total_network_capacity": "75686490153",
    "avg_channel_size": 2331253.9318979857,
    "min_channel_size": "1100",
    "max_channel_size": "16777216"
}
