{
    "graph_diameter": 0,
    "avg_out_degree": 8.787193973634652,
    "max_out_degree": 1094,
    "num_nodes": 3717,
    "num_channels": 32662,
    "total_network_capacity": "75875781326",
    "avg_channel_size": 2323059.8654705775,
    "min_channel_size": "1100",
    "max_channel_size": "16777216"
}
