{
    "graph_diameter": 0,
    "avg_out_degree": 8.76271186440678,
    "max_out_degree": 1093,
    "num_nodes": 3717,
    "num_channels": 32571,
    "total_network_capacity": "75767995656",
    "avg_channel_size": 2326241.001381597,
    "min_channel_size": "1100",
    "max_channel_size": "16777216"
}
