{
    "graph_diameter": 0,
    "avg_out_degree": 8.72859450726979,
    "max_out_degree": 1091,
    "num_nodes": 3714,
    "num_channels": 32418,
    "total_network_capacity": "75648894689",
    "avg_channel_size": 2333546.014220495,
    "min_channel_size": "1100",
    "max_channel_size": "16777216"
}
