{
    "graph_diameter": 0,
    "avg_out_degree": 8.75396611992471,
    "max_out_degree": 1093,
    "num_nodes": 3719,
    "num_channels": 32556,
    "total_network_capacity": "75719048502",
    "avg_channel_size": 2325809.3286030223,
    "min_channel_size": "1100",
    "max_channel_size": "16777216"
}
