{
    "graph_diameter": 0,
    "avg_out_degree": 8.729424421732114,
    "max_out_degree": 1091,
    "num_nodes": 3718,
    "num_channels": 32456,
    "total_network_capacity": "75677602553",
    "avg_channel_size": 2331698.377896229,
    "min_channel_size": "1100",
    "max_channel_size": "16777216"
}
