{
    "graph_diameter": 0,
    "avg_out_degree": 8.734551316496507,
    "max_out_degree": 1091,
    "num_nodes": 3722,
    "num_channels": 32510,
    "total_network_capacity": "75689470051",
    "avg_channel_size": 2328190.4045216856,
    "min_channel_size": "1100",
    "max_channel_size": "16777216"
}
