{
    "graph_diameter": 0,
    "avg_out_degree": 8.650767987065482,
    "max_out_degree": 1090,
    "num_nodes": 3711,
    "num_channels": 32103,
    "total_network_capacity": "75309195772",
    "avg_channel_size": 2345861.6257670624,
    "min_channel_size": "1100",
    "max_channel_size": "16777216"
}
