{
    "graph_diameter": 0,
    "avg_out_degree": 8.77368137782562,
    "max_out_degree": 1095,
    "num_nodes": 3716,
    "num_channels": 32603,
    "total_network_capacity": "75840634700",
    "avg_channel_size": 2326185.7712480444,
    "min_channel_size": "1100",
    "max_channel_size": "16777216"
}
