{
    "graph_diameter": 0,
    "avg_out_degree": 8.719236969371305,
    "max_out_degree": 1090,
    "num_nodes": 3722,
    "num_channels": 32453,
    "total_network_capacity": "75676238157",
    "avg_channel_size": 2331871.8810895756,
    "min_channel_size": "1100",
    "max_channel_size": "16777216"
}
