{
    "graph_diameter": 0,
    "avg_out_degree": 8.733476625470177,
    "max_out_degree": 1091,
    "num_nodes": 3722,
    "num_channels": 32506,
    "total_network_capacity": "75688070271",
    "avg_channel_size": 2328433.8359379806,
    "min_channel_size": "1100",
    "max_channel_size": "16777216"
}
