{
    "graph_diameter": 0,
    "avg_out_degree": 8.772935162765672,
    "max_out_degree": 1095,
    "num_nodes": 3717,
    "num_channels": 32609,
    "total_network_capacity": "75864092065",
    "avg_channel_size": 2326477.109540311,
    "min_channel_size": "1100",
    "max_channel_size": "16777216"
}
