{
    "graph_diameter": 0,
    "avg_out_degree": 8.830148048452221,
    "max_out_degree": 1094,
    "num_nodes": 3715,
    "num_channels": 32804,
    "total_network_capacity": "75905234601",
    "avg_channel_size": 2313901.798591635,
    "min_channel_size": "1100",
    "max_channel_size": "16777216"
}
