{
    "graph_diameter": 0,
    "avg_out_degree": 8.781065088757396,
    "max_out_degree": 1095,
    "num_nodes": 3718,
    "num_channels": 32648,
    "total_network_capacity": "75880096362",
    "avg_channel_size": 2324188.2002572897,
    "min_channel_size": "1100",
    "max_channel_size": "16777216"
}
