{
    "graph_diameter": 0,
    "avg_out_degree": 8.730789897904353,
    "max_out_degree": 1091,
    "num_nodes": 3722,
    "num_channels": 32496,
    "total_network_capacity": "75677640271",
    "avg_channel_size": 2328829.4027264896,
    "min_channel_size": "1100",
    "max_channel_size": "16777216"
}
