{
    "graph_diameter": 0,
    "avg_out_degree": 8.826379542395694,
    "max_out_degree": 1094,
    "num_nodes": 3715,
    "num_channels": 32790,
    "total_network_capacity": "75890854601",
    "avg_channel_size": 2314451.1924672155,
    "min_channel_size": "1100",
    "max_channel_size": "16777216"
}
