{
    "graph_diameter": 0,
    "avg_out_degree": 8.795106211347136,
    "max_out_degree": 1094,
    "num_nodes": 3719,
    "num_channels": 32709,
    "total_network_capacity": "75760246721",
    "avg_channel_size": 2316189.6334647955,
    "min_channel_size": "1100",
    "max_channel_size": "16777216"
}
