{
    "graph_diameter": 0,
    "avg_out_degree": 8.72837184309511,
    "max_out_degree": 1091,
    "num_nodes": 3722,
    "num_channels": 32487,
    "total_network_capacity": "75674840271",
    "avg_channel_size": 2329388.3790747067,
    "min_channel_size": "1100",
    "max_channel_size": "16777216"
}
