{
    "graph_diameter": 0,
    "avg_out_degree": 8.720021557531663,
    "max_out_degree": 1091,
    "num_nodes": 3711,
    "num_channels": 32360,
    "total_network_capacity": "75541274460",
    "avg_channel_size": 2334402.7954264525,
    "min_channel_size": "1100",
    "max_channel_size": "16777216"
}
