{
    "graph_diameter": 0,
    "avg_out_degree": 8.795375100833557,
    "max_out_degree": 1094,
    "num_nodes": 3719,
    "num_channels": 32710,
    "total_network_capacity": "75760266721",
    "avg_channel_size": 2316119.435065729,
    "min_channel_size": "1100",
    "max_channel_size": "16777216"
}
