{
    "graph_diameter": 0,
    "avg_out_degree": 8.794782140935988,
    "max_out_degree": 1094,
    "num_nodes": 3718,
    "num_channels": 32699,
    "total_network_capacity": "75911237756",
    "avg_channel_size": 2321515.5740542524,
    "min_channel_size": "1100",
    "max_channel_size": "16777216"
}
