{
    "graph_diameter": 0,
    "avg_out_degree": 8.7764927380312,
    "max_out_degree": 1095,
    "num_nodes": 3718,
    "num_channels": 32631,
    "total_network_capacity": "75904744406",
    "avg_channel_size": 2326154.4055039687,
    "min_channel_size": "1100",
    "max_channel_size": "16777216"
}
