{
    "graph_diameter": 0,
    "avg_out_degree": 8.780139935414423,
    "max_out_degree": 1095,
    "num_nodes": 3716,
    "num_channels": 32627,
    "total_network_capacity": "75879551050",
    "avg_channel_size": 2325667.424219205,
    "min_channel_size": "1100",
    "max_channel_size": "16777216"
}
