{
    "graph_diameter": 0,
    "avg_out_degree": 8.722043010752689,
    "max_out_degree": 1091,
    "num_nodes": 3720,
    "num_channels": 32446,
    "total_network_capacity": "75684174369",
    "avg_channel_size": 2332619.563859952,
    "min_channel_size": "1100",
    "max_channel_size": "16777216"
}
