{
    "graph_diameter": 0,
    "avg_out_degree": 8.738850080601827,
    "max_out_degree": 1091,
    "num_nodes": 3722,
    "num_channels": 32526,
    "total_network_capacity": "75704690051",
    "avg_channel_size": 2327513.0680378773,
    "min_channel_size": "1100",
    "max_channel_size": "16777216"
}
