{
    "graph_diameter": 0,
    "avg_out_degree": 8.830823023130716,
    "max_out_degree": 1094,
    "num_nodes": 3718,
    "num_channels": 32833,
    "total_network_capacity": "75887417633",
    "avg_channel_size": 2311315.3727347488,
    "min_channel_size": "1100",
    "max_channel_size": "16777216"
}
