{
    "graph_diameter": 0,
    "avg_out_degree": 8.77320419693301,
    "max_out_degree": 1095,
    "num_nodes": 3717,
    "num_channels": 32610,
    "total_network_capacity": "75868992065",
    "avg_channel_size": 2326556.0277522234,
    "min_channel_size": "1100",
    "max_channel_size": "16777216"
}
