{
    "graph_diameter": 0,
    "avg_out_degree": 8.775894538606403,
    "max_out_degree": 1095,
    "num_nodes": 3717,
    "num_channels": 32620,
    "total_network_capacity": "75892807748",
    "avg_channel_size": 2326572.89233599,
    "min_channel_size": "1100",
    "max_channel_size": "16777216"
}
