{
    "graph_diameter": 0,
    "avg_out_degree": 8.832346609257266,
    "max_out_degree": 1094,
    "num_nodes": 3716,
    "num_channels": 32821,
    "total_network_capacity": "75875232205",
    "avg_channel_size": 2311789.1656256663,
    "min_channel_size": "1100",
    "max_channel_size": "16777216"
}
