{
    "graph_diameter": 0,
    "avg_out_degree": 8.772604951560819,
    "max_out_degree": 1095,
    "num_nodes": 3716,
    "num_channels": 32599,
    "total_network_capacity": "75830994700",
    "avg_channel_size": 2326175.486978128,
    "min_channel_size": "1100",
    "max_channel_size": "16777216"
}
