{
    "graph_diameter": 0,
    "avg_out_degree": 8.77407208176439,
    "max_out_degree": 1095,
    "num_nodes": 3718,
    "num_channels": 32622,
    "total_network_capacity": "75894884405",
    "avg_channel_size": 2326493.9122371404,
    "min_channel_size": "1100",
    "max_channel_size": "16777216"
}
