{
    "graph_diameter": 0,
    "avg_out_degree": 8.715710051199137,
    "max_out_degree": 1091,
    "num_nodes": 3711,
    "num_channels": 32344,
    "total_network_capacity": "75532116660",
    "avg_channel_size": 2335274.4453376206,
    "min_channel_size": "1100",
    "max_channel_size": "16777216"
}
