{
    "graph_diameter": 0,
    "avg_out_degree": 8.720773985487773,
    "max_out_degree": 1091,
    "num_nodes": 3721,
    "num_channels": 32450,
    "total_network_capacity": "75680794369",
    "avg_channel_size": 2332227.869614792,
    "min_channel_size": "1100",
    "max_channel_size": "16777216"
}
