{
    "graph_diameter": 0,
    "avg_out_degree": 8.828940290478752,
    "max_out_degree": 1094,
    "num_nodes": 3718,
    "num_channels": 32826,
    "total_network_capacity": "75884734524",
    "avg_channel_size": 2311726.5132516907,
    "min_channel_size": "1100",
    "max_channel_size": "16777216"
}
