{
    "graph_diameter": 0,
    "avg_out_degree": 8.828356201237558,
    "max_out_degree": 1094,
    "num_nodes": 3717,
    "num_channels": 32815,
    "total_network_capacity": "75875746973",
    "avg_channel_size": 2312227.547554472,
    "min_channel_size": "1100",
    "max_channel_size": "16777216"
}
