{
    "graph_diameter": 0,
    "avg_out_degree": 8.792417316482926,
    "max_out_degree": 1094,
    "num_nodes": 3719,
    "num_channels": 32699,
    "total_network_capacity": "75811577756",
    "avg_channel_size": 2318467.7744273525,
    "min_channel_size": "1100",
    "max_channel_size": "16777216"
}
