{
    "graph_diameter": 0,
    "avg_out_degree": 8.80311995696611,
    "max_out_degree": 1094,
    "num_nodes": 3718,
    "num_channels": 32730,
    "total_network_capacity": "75819855709",
    "avg_channel_size": 2316524.7695997558,
    "min_channel_size": "1100",
    "max_channel_size": "16777216"
}
