{
    "graph_diameter": 0,
    "avg_out_degree": 8.750604676162322,
    "max_out_degree": 1094,
    "num_nodes": 3721,
    "num_channels": 32561,
    "total_network_capacity": "75737311626",
    "avg_channel_size": 2326013.0716501335,
    "min_channel_size": "1100",
    "max_channel_size": "16777216"
}
