{
    "graph_diameter": 0,
    "avg_out_degree": 8.74764848159097,
    "max_out_degree": 1094,
    "num_nodes": 3721,
    "num_channels": 32550,
    "total_network_capacity": "75710912383",
    "avg_channel_size": 2325988.0916436254,
    "min_channel_size": "1100",
    "max_channel_size": "16777216"
}
