{
    "graph_diameter": 0,
    "avg_out_degree": 8.73589468027942,
    "max_out_degree": 1091,
    "num_nodes": 3722,
    "num_channels": 32515,
    "total_network_capacity": "75684650051",
    "avg_channel_size": 2327684.147347378,
    "min_channel_size": "1100",
    "max_channel_size": "16777216"
}
