{
    "graph_diameter": 0,
    "avg_out_degree": 8.793975255513717,
    "max_out_degree": 1094,
    "num_nodes": 3718,
    "num_channels": 32696,
    "total_network_capacity": "75911177756",
    "avg_channel_size": 2321726.7481037434,
    "min_channel_size": "1100",
    "max_channel_size": "16777216"
}
