{
    "graph_diameter": 0,
    "avg_out_degree": 8.776761699838623,
    "max_out_degree": 1095,
    "num_nodes": 3718,
    "num_channels": 32632,
    "total_network_capacity": "75905906046",
    "avg_channel_size": 2326118.719232655,
    "min_channel_size": "1100",
    "max_channel_size": "16777216"
}
