{
    "graph_diameter": 0,
    "avg_out_degree": 8.756589564281873,
    "max_out_degree": 1093,
    "num_nodes": 3718,
    "num_channels": 32557,
    "total_network_capacity": "75732517714",
    "avg_channel_size": 2326151.602236078,
    "min_channel_size": "1100",
    "max_channel_size": "16777216"
}
