{
    "graph_diameter": 0,
    "avg_out_degree": 8.774011299435028,
    "max_out_degree": 1096,
    "num_nodes": 3717,
    "num_channels": 32613,
    "total_network_capacity": "75886198565",
    "avg_channel_size": 2326869.609204918,
    "min_channel_size": "1100",
    "max_channel_size": "16777216"
}
