{
    "graph_diameter": 0,
    "avg_out_degree": 8.804681194511703,
    "max_out_degree": 1094,
    "num_nodes": 3717,
    "num_channels": 32727,
    "total_network_capacity": "75819665709",
    "avg_channel_size": 2316731.313869282,
    "min_channel_size": "1100",
    "max_channel_size": "16777216"
}
