{
    "graph_diameter": 0,
    "avg_out_degree": 8.748655913978494,
    "max_out_degree": 1092,
    "num_nodes": 3720,
    "num_channels": 32545,
    "total_network_capacity": "75707562383",
    "avg_channel_size": 2326242.5067752344,
    "min_channel_size": "1100",
    "max_channel_size": "16777216"
}
