{
    "graph_diameter": 0,
    "avg_out_degree": 8.789615281140705,
    "max_out_degree": 1094,
    "num_nodes": 3717,
    "num_channels": 32671,
    "total_network_capacity": "75902472944",
    "avg_channel_size": 2323236.9056349667,
    "min_channel_size": "1100",
    "max_channel_size": "16777216"
}
