{
    "graph_diameter": 0,
    "avg_out_degree": 8.60377358490566,
    "max_out_degree": 1089,
    "num_nodes": 3710,
    "num_channels": 31920,
    "total_network_capacity": "75109881079",
    "avg_channel_size": 2353066.4498433582,
    "min_channel_size": "1100",
    "max_channel_size": "16777216"
}
