{
    "graph_diameter": 0,
    "avg_out_degree": 8.604312668463612,
    "max_out_degree": 1089,
    "num_nodes": 3710,
    "num_channels": 31922,
    "total_network_capacity": "75110381079",
    "avg_channel_size": 2352934.687018357,
    "min_channel_size": "1100",
    "max_channel_size": "16777216"
}
