{
    "graph_diameter": 0,
    "avg_out_degree": 8.762173796072101,
    "max_out_degree": 1093,
    "num_nodes": 3717,
    "num_channels": 32569,
    "total_network_capacity": "75762001116",
    "avg_channel_size": 2326199.794774172,
    "min_channel_size": "1100",
    "max_channel_size": "16777216"
}
