{
    "graph_diameter": 0,
    "avg_out_degree": 8.719236969371305,
    "max_out_degree": 1091,
    "num_nodes": 3722,
    "num_channels": 32453,
    "total_network_capacity": "75653012280",
    "avg_channel_size": 2331156.203740794,
    "min_channel_size": "1100",
    "max_channel_size": "16777216"
}
