{
    "graph_diameter": 0,
    "avg_out_degree": 8.740999462654488,
    "max_out_degree": 1091,
    "num_nodes": 3722,
    "num_channels": 32534,
    "total_network_capacity": "75699090051",
    "avg_channel_size": 2326768.6128665395,
    "min_channel_size": "1100",
    "max_channel_size": "16777216"
}
