{
    "graph_diameter": 0,
    "avg_out_degree": 8.729301075268816,
    "max_out_degree": 1092,
    "num_nodes": 3720,
    "num_channels": 32473,
    "total_network_capacity": "75691686023",
    "avg_channel_size": 2330911.4040279617,
    "min_channel_size": "1100",
    "max_channel_size": "16777216"
}
