{
    "graph_diameter": 0,
    "avg_out_degree": 8.735357334766254,
    "max_out_degree": 1091,
    "num_nodes": 3722,
    "num_channels": 32513,
    "total_network_capacity": "75684570051",
    "avg_channel_size": 2327824.8716205824,
    "min_channel_size": "1100",
    "max_channel_size": "16777216"
}
