{
    "graph_diameter": 0,
    "avg_out_degree": 8.770721205597416,
    "max_out_degree": 1095,
    "num_nodes": 3716,
    "num_channels": 32592,
    "total_network_capacity": "75810633907",
    "avg_channel_size": 2326050.377608002,
    "min_channel_size": "1100",
    "max_channel_size": "16777216"
}
