{
    "graph_diameter": 0,
    "avg_out_degree": 8.729598707244815,
    "max_out_degree": 1091,
    "num_nodes": 3713,
    "num_channels": 32413,
    "total_network_capacity": "75631754524",
    "avg_channel_size": 2333377.1796501405,
    "min_channel_size": "1100",
    "max_channel_size": "16777216"
}
