{
    "graph_diameter": 0,
    "avg_out_degree": 8.794513179128563,
    "max_out_degree": 1094,
    "num_nodes": 3718,
    "num_channels": 32698,
    "total_network_capacity": "75911217756",
    "avg_channel_size": 2321585.9610985382,
    "min_channel_size": "1100",
    "max_channel_size": "16777216"
}
