{
    "graph_diameter": 0,
    "avg_out_degree": 8.748454716474066,
    "max_out_degree": 1093,
    "num_nodes": 3721,
    "num_channels": 32553,
    "total_network_capacity": "75729724356",
    "avg_channel_size": 2326351.62215464,
    "min_channel_size": "1100",
    "max_channel_size": "16777216"
}
