{
    "graph_diameter": 0,
    "avg_out_degree": 8.832884822389666,
    "max_out_degree": 1094,
    "num_nodes": 3716,
    "num_channels": 32823,
    "total_network_capacity": "75876357205",
    "avg_channel_size": 2311682.5763946013,
    "min_channel_size": "1100",
    "max_channel_size": "16777216"
}
