{
    "graph_diameter": 0,
    "avg_out_degree": 8.769375672766415,
    "max_out_degree": 1094,
    "num_nodes": 3716,
    "num_channels": 32587,
    "total_network_capacity": "75779965907",
    "avg_channel_size": 2325466.1646362045,
    "min_channel_size": "1100",
    "max_channel_size": "16777216"
}
