{
    "graph_diameter": 0,
    "avg_out_degree": 8.723255187281056,
    "max_out_degree": 1091,
    "num_nodes": 3711,
    "num_channels": 32372,
    "total_network_capacity": "75581605036",
    "avg_channel_size": 2334783.3014951195,
    "min_channel_size": "1100",
    "max_channel_size": "16777216"
}
