{
    "graph_diameter": 0,
    "avg_out_degree": 8.721774193548388,
    "max_out_degree": 1091,
    "num_nodes": 3720,
    "num_channels": 32445,
    "total_network_capacity": "75679320819",
    "avg_channel_size": 2332541.8652797043,
    "min_channel_size": "1100",
    "max_channel_size": "16777216"
}
