{
    "graph_diameter": 0,
    "avg_out_degree": 8.773412271259419,
    "max_out_degree": 1095,
    "num_nodes": 3716,
    "num_channels": 32602,
    "total_network_capacity": "75834634700",
    "avg_channel_size": 2326073.084473345,
    "min_channel_size": "1100",
    "max_channel_size": "16777216"
}
