{
    "graph_diameter": 0,
    "avg_out_degree": 8.728544525154694,
    "max_out_degree": 1091,
    "num_nodes": 3717,
    "num_channels": 32444,
    "total_network_capacity": "75659522553",
    "avg_channel_size": 2332003.530791518,
    "min_channel_size": "1100",
    "max_channel_size": "16777216"
}
