{
    "graph_diameter": 0,
    "avg_out_degree": 8.806460296096905,
    "max_out_degree": 1094,
    "num_nodes": 3715,
    "num_channels": 32716,
    "total_network_capacity": "75760637891",
    "avg_channel_size": 2315706.012073603,
    "min_channel_size": "1100",
    "max_channel_size": "16777216"
}
