{
    "graph_diameter": 0,
    "avg_out_degree": 8.727614950255445,
    "max_out_degree": 1092,
    "num_nodes": 3719,
    "num_channels": 32458,
    "total_network_capacity": "75684874984",
    "avg_channel_size": 2331778.759751063,
    "min_channel_size": "1100",
    "max_channel_size": "16777216"
}
