{
    "graph_diameter": 0,
    "avg_out_degree": 8.721042730448804,
    "max_out_degree": 1091,
    "num_nodes": 3721,
    "num_channels": 32451,
    "total_network_capacity": "75680834369",
    "avg_channel_size": 2332157.233028258,
    "min_channel_size": "1100",
    "max_channel_size": "16777216"
}
