{
    "graph_diameter": 0,
    "avg_out_degree": 8.756655014788922,
    "max_out_degree": 1093,
    "num_nodes": 3719,
    "num_channels": 32566,
    "total_network_capacity": "75728458856",
    "avg_channel_size": 2325384.1078425352,
    "min_channel_size": "1100",
    "max_channel_size": "16777216"
}
