{
    "graph_diameter": 0,
    "avg_out_degree": 8.728275490987356,
    "max_out_degree": 1091,
    "num_nodes": 3717,
    "num_channels": 32443,
    "total_network_capacity": "75655802003",
    "avg_channel_size": 2331960.7312209103,
    "min_channel_size": "1100",
    "max_channel_size": "16777216"
}
