{
    "graph_diameter": 0,
    "avg_out_degree": 8.829386437029063,
    "max_out_degree": 1094,
    "num_nodes": 3716,
    "num_channels": 32810,
    "total_network_capacity": "75869300007",
    "avg_channel_size": 2312383.4199024686,
    "min_channel_size": "1100",
    "max_channel_size": "16777216"
}
