{
    "graph_diameter": 0,
    "avg_out_degree": 8.709512260846132,
    "max_out_degree": 1091,
    "num_nodes": 3711,
    "num_channels": 32321,
    "total_network_capacity": "75520066021",
    "avg_channel_size": 2336563.41143529,
    "min_channel_size": "1100",
    "max_channel_size": "16777216"
}
