{
    "graph_diameter": 0,
    "avg_out_degree": 8.728325255788906,
    "max_out_degree": 1091,
    "num_nodes": 3714,
    "num_channels": 32417,
    "total_network_capacity": "75647450654",
    "avg_channel_size": 2333573.4538667984,
    "min_channel_size": "1100",
    "max_channel_size": "16777216"
}
