{
    "graph_diameter": 0,
    "avg_out_degree": 8.718699623858141,
    "max_out_degree": 1091,
    "num_nodes": 3722,
    "num_channels": 32451,
    "total_network_capacity": "75652199152",
    "avg_channel_size": 2331274.8190194448,
    "min_channel_size": "1100",
    "max_channel_size": "16777216"
}
