{
    "graph_diameter": 0,
    "avg_out_degree": 8.736432025792585,
    "max_out_degree": 1091,
    "num_nodes": 3722,
    "num_channels": 32517,
    "total_network_capacity": "75692650051",
    "avg_channel_size": 2327787.0052895406,
    "min_channel_size": "1100",
    "max_channel_size": "16777216"
}
