{
    "graph_diameter": 0,
    "avg_out_degree": 8.82691790040377,
    "max_out_degree": 1094,
    "num_nodes": 3715,
    "num_channels": 32792,
    "total_network_capacity": "75890974601",
    "avg_channel_size": 2314313.6923944866,
    "min_channel_size": "1100",
    "max_channel_size": "16777216"
}
