{
    "graph_diameter": 0,
    "avg_out_degree": 8.715440582053354,
    "max_out_degree": 1091,
    "num_nodes": 3711,
    "num_channels": 32343,
    "total_network_capacity": "75531916660",
    "avg_channel_size": 2335340.465015614,
    "min_channel_size": "1100",
    "max_channel_size": "16777216"
}
