{
    "graph_diameter": 0,
    "avg_out_degree": 8.719774314884472,
    "max_out_degree": 1090,
    "num_nodes": 3722,
    "num_channels": 32455,
    "total_network_capacity": "75676478157",
    "avg_channel_size": 2331735.577168387,
    "min_channel_size": "1100",
    "max_channel_size": "16777216"
}
