{
    "graph_diameter": 0,
    "avg_out_degree": 8.796395911780527,
    "max_out_degree": 1094,
    "num_nodes": 3718,
    "num_channels": 32705,
    "total_network_capacity": "75757611338",
    "avg_channel_size": 2316392.3356673294,
    "min_channel_size": "1100",
    "max_channel_size": "16777216"
}
