{
    "graph_diameter": 0,
    "avg_out_degree": 8.775625504439065,
    "max_out_degree": 1095,
    "num_nodes": 3717,
    "num_channels": 32619,
    "total_network_capacity": "75892756506",
    "avg_channel_size": 2326642.647107514,
    "min_channel_size": "1100",
    "max_channel_size": "16777216"
}
