{
    "graph_diameter": 0,
    "avg_out_degree": 8.770990312163617,
    "max_out_degree": 1095,
    "num_nodes": 3716,
    "num_channels": 32593,
    "total_network_capacity": "75810665907",
    "avg_channel_size": 2325979.9928512257,
    "min_channel_size": "1100",
    "max_channel_size": "16777216"
}
