{
    "graph_diameter": 0,
    "avg_out_degree": 8.778584880279796,
    "max_out_degree": 1095,
    "num_nodes": 3717,
    "num_channels": 32630,
    "total_network_capacity": "75893521600",
    "avg_channel_size": 2325881.752988048,
    "min_channel_size": "1100",
    "max_channel_size": "16777216"
}
