{
    "graph_diameter": 0,
    "avg_out_degree": 8.716281569048899,
    "max_out_degree": 1091,
    "num_nodes": 3722,
    "num_channels": 32442,
    "total_network_capacity": "75634706152",
    "avg_channel_size": 2331382.348560508,
    "min_channel_size": "1100",
    "max_channel_size": "16777216"
}
