{
    "graph_diameter": 0,
    "avg_out_degree": 8.791879537510084,
    "max_out_degree": 1094,
    "num_nodes": 3719,
    "num_channels": 32697,
    "total_network_capacity": "75810557756",
    "avg_channel_size": 2318578.39422577,
    "min_channel_size": "1100",
    "max_channel_size": "16777216"
}
