{
    "graph_diameter": 0,
    "avg_out_degree": 8.727883839741866,
    "max_out_degree": 1092,
    "num_nodes": 3719,
    "num_channels": 32459,
    "total_network_capacity": "75685533388",
    "avg_channel_size": 2331727.2062602052,
    "min_channel_size": "1100",
    "max_channel_size": "16777216"
}
