{
    "graph_diameter": 0,
    "avg_out_degree": 8.718968296614722,
    "max_out_degree": 1091,
    "num_nodes": 3722,
    "num_channels": 32452,
    "total_network_capacity": "75673793859",
    "avg_channel_size": 2331868.416707753,
    "min_channel_size": "1100",
    "max_channel_size": "16777216"
}
