{
    "graph_diameter": 0,
    "avg_out_degree": 8.780409041980624,
    "max_out_degree": 1095,
    "num_nodes": 3716,
    "num_channels": 32628,
    "total_network_capacity": "75881351050",
    "avg_channel_size": 2325651.3132891995,
    "min_channel_size": "1100",
    "max_channel_size": "16777216"
}
