{
    "graph_diameter": 0,
    "avg_out_degree": 8.71904378189632,
    "max_out_degree": 1091,
    "num_nodes": 3723,
    "num_channels": 32461,
    "total_network_capacity": "75688753632",
    "avg_channel_size": 2331682.7464341824,
    "min_channel_size": "1100",
    "max_channel_size": "16777216"
}
