{
    "graph_diameter": 0,
    "avg_out_degree": 8.829924650161464,
    "max_out_degree": 1094,
    "num_nodes": 3716,
    "num_channels": 32812,
    "total_network_capacity": "75873479616",
    "avg_channel_size": 2312369.852980617,
    "min_channel_size": "1100",
    "max_channel_size": "16777216"
}
