{
    "graph_diameter": 0,
    "avg_out_degree": 8.715206878022569,
    "max_out_degree": 1091,
    "num_nodes": 3722,
    "num_channels": 32438,
    "total_network_capacity": "75634546152",
    "avg_channel_size": 2331664.9038781677,
    "min_channel_size": "1100",
    "max_channel_size": "16777216"
}
