{
    "graph_diameter": 0,
    "avg_out_degree": 8.720291026677446,
    "max_out_degree": 1091,
    "num_nodes": 3711,
    "num_channels": 32361,
    "total_network_capacity": "75541764460",
    "avg_channel_size": 2334345.8008096167,
    "min_channel_size": "1100",
    "max_channel_size": "16777216"
}
