{
    "graph_diameter": 0,
    "avg_out_degree": 8.728152729228286,
    "max_out_degree": 1092,
    "num_nodes": 3719,
    "num_channels": 32460,
    "total_network_capacity": "75685914984",
    "avg_channel_size": 2331667.128280961,
    "min_channel_size": "1100",
    "max_channel_size": "16777216"
}
