{
    "graph_diameter": 0,
    "avg_out_degree": 8.827456258411845,
    "max_out_degree": 1094,
    "num_nodes": 3715,
    "num_channels": 32794,
    "total_network_capacity": "75891094601",
    "avg_channel_size": 2314176.209093127,
    "min_channel_size": "1100",
    "max_channel_size": "16777216"
}
