{
    "graph_diameter": 0,
    "avg_out_degree": 8.760086067778376,
    "max_out_degree": 1093,
    "num_nodes": 3718,
    "num_channels": 32570,
    "total_network_capacity": "75753999224",
    "avg_channel_size": 2325882.690328523,
    "min_channel_size": "1100",
    "max_channel_size": "16777216"
}
