{
    "graph_diameter": 0,
    "avg_out_degree": 8.779661016949152,
    "max_out_degree": 1095,
    "num_nodes": 3717,
    "num_channels": 32634,
    "total_network_capacity": "75899364145",
    "avg_channel_size": 2325775.698504627,
    "min_channel_size": "1100",
    "max_channel_size": "16777216"
}
