{
    "graph_diameter": 0,
    "avg_out_degree": 8.832615715823467,
    "max_out_degree": 1094,
    "num_nodes": 3716,
    "num_channels": 32822,
    "total_network_capacity": "75876232205",
    "avg_channel_size": 2311749.1988605205,
    "min_channel_size": "1100",
    "max_channel_size": "16777216"
}
