{
    "graph_diameter": 0,
    "avg_out_degree": 8.728471474703984,
    "max_out_degree": 1091,
    "num_nodes": 3716,
    "num_channels": 32435,
    "total_network_capacity": "75654942063",
    "avg_channel_size": 2332509.389949129,
    "min_channel_size": "1100",
    "max_channel_size": "16777216"
}
