{
    "graph_diameter": 0,
    "avg_out_degree": 8.738312735088662,
    "max_out_degree": 1091,
    "num_nodes": 3722,
    "num_channels": 32524,
    "total_network_capacity": "75698690051",
    "avg_channel_size": 2327471.7147644814,
    "min_channel_size": "1100",
    "max_channel_size": "16777216"
}
