{
    "graph_diameter": 0,
    "avg_out_degree": 8.72859450726979,
    "max_out_degree": 1091,
    "num_nodes": 3714,
    "num_channels": 32418,
    "total_network_capacity": "75647650456",
    "avg_channel_size": 2333507.6332901474,
    "min_channel_size": "1100",
    "max_channel_size": "16777216"
}
