{
    "graph_diameter": 0,
    "avg_out_degree": 8.73911875335841,
    "max_out_degree": 1091,
    "num_nodes": 3722,
    "num_channels": 32527,
    "total_network_capacity": "75704890051",
    "avg_channel_size": 2327447.6604359457,
    "min_channel_size": "1100",
    "max_channel_size": "16777216"
}
