{
    "graph_diameter": 0,
    "avg_out_degree": 8.774549367769707,
    "max_out_degree": 1096,
    "num_nodes": 3717,
    "num_channels": 32615,
    "total_network_capacity": "75894198565",
    "avg_channel_size": 2326972.2080331137,
    "min_channel_size": "1100",
    "max_channel_size": "16777216"
}
