{
    "graph_diameter": 0,
    "avg_out_degree": 8.79585798816568,
    "max_out_degree": 1094,
    "num_nodes": 3718,
    "num_channels": 32703,
    "total_network_capacity": "75815457756",
    "avg_channel_size": 2318302.839372535,
    "min_channel_size": "1100",
    "max_channel_size": "16777216"
}
