{
    "graph_diameter": 0,
    "avg_out_degree": 8.718506580714477,
    "max_out_degree": 1091,
    "num_nodes": 3723,
    "num_channels": 32459,
    "total_network_capacity": "75686647632",
    "avg_channel_size": 2331761.5339967343,
    "min_channel_size": "1100",
    "max_channel_size": "16777216"
}
