{
    "graph_diameter": 0,
    "avg_out_degree": 8.827187079407807,
    "max_out_degree": 1094,
    "num_nodes": 3715,
    "num_channels": 32793,
    "total_network_capacity": "75890994601",
    "avg_channel_size": 2314243.7288750648,
    "min_channel_size": "1100",
    "max_channel_size": "16777216"
}
