{
    "graph_diameter": 0,
    "avg_out_degree": 8.768837459634016,
    "max_out_degree": 1094,
    "num_nodes": 3716,
    "num_channels": 32585,
    "total_network_capacity": "75777965907",
    "avg_channel_size": 2325547.519011815,
    "min_channel_size": "1100",
    "max_channel_size": "16777216"
}
