{
    "graph_diameter": 0,
    "avg_out_degree": 8.836559139784946,
    "max_out_degree": 1094,
    "num_nodes": 3720,
    "num_channels": 32872,
    "total_network_capacity": "75938116047",
    "avg_channel_size": 2310115.479648333,
    "min_channel_size": "1100",
    "max_channel_size": "16777216"
}
