{
    "graph_diameter": 0,
    "avg_out_degree": 8.832258064516129,
    "max_out_degree": 1094,
    "num_nodes": 3720,
    "num_channels": 32856,
    "total_network_capacity": "75935171840",
    "avg_channel_size": 2311150.835159484,
    "min_channel_size": "1100",
    "max_channel_size": "16777216"
}
