{
    "graph_diameter": 0,
    "avg_out_degree": 8.832212960473246,
    "max_out_degree": 1094,
    "num_nodes": 3719,
    "num_channels": 32847,
    "total_network_capacity": "75917559000",
    "avg_channel_size": 2311247.8765184036,
    "min_channel_size": "1100",
    "max_channel_size": "16777216"
}
