{
    "graph_diameter": 0,
    "avg_out_degree": 8.831406292013982,
    "max_out_degree": 1094,
    "num_nodes": 3719,
    "num_channels": 32844,
    "total_network_capacity": "75912519000",
    "avg_channel_size": 2311305.535257581,
    "min_channel_size": "1100",
    "max_channel_size": "16777216"
}
