{
    "graph_diameter": 0,
    "avg_out_degree": 8.836290322580645,
    "max_out_degree": 1094,
    "num_nodes": 3720,
    "num_channels": 32871,
    "total_network_capacity": "75938276047",
    "avg_channel_size": 2310190.625384077,
    "min_channel_size": "1100",
    "max_channel_size": "16777216"
}
