{
    "graph_diameter": 0,
    "avg_out_degree": 7.914622491239248,
    "max_out_degree": 964,
    "num_nodes": 3139,
    "num_channels": 24844,
    "total_network_capacity": "66376037171",
    "avg_channel_size": 2671712.9758090484,
    "min_channel_size": "1100",
    "max_channel_size": "16777216"
}
