{
    "graph_diameter": 0,
    "avg_out_degree": 7.9013724864347274,
    "max_out_degree": 962,
    "num_nodes": 3133,
    "num_channels": 24755,
    "total_network_capacity": "66180030505",
    "avg_channel_size": 2673400.5455463543,
    "min_channel_size": "1100",
    "max_channel_size": "16777216"
}
