{
    "graph_diameter": 0,
    "avg_out_degree": 8.195238095238095,
    "max_out_degree": 969,
    "num_nodes": 3150,
    "num_channels": 25815,
    "total_network_capacity": "67694648535",
    "avg_channel_size": 2622298.994189425,
    "min_channel_size": "1100",
    "max_channel_size": "16777216"
}
