{
    "graph_diameter": 0,
    "avg_out_degree": 7.921462639109698,
    "max_out_degree": 965,
    "num_nodes": 3145,
    "num_channels": 24913,
    "total_network_capacity": "66492847284",
    "avg_channel_size": 2669002.018383976,
    "min_channel_size": "1100",
    "max_channel_size": "16777216"
}
