{
    "graph_diameter": 0,
    "avg_out_degree": 7.910941475826972,
    "max_out_degree": 963,
    "num_nodes": 3144,
    "num_channels": 24872,
    "total_network_capacity": "66421170530",
    "avg_channel_size": 2670519.8830009648,
    "min_channel_size": "1100",
    "max_channel_size": "16777216"
}
