{
    "graph_diameter": 0,
    "avg_out_degree": 8.20190174326466,
    "max_out_degree": 973,
    "num_nodes": 3155,
    "num_channels": 25877,
    "total_network_capacity": "67766248594",
    "avg_channel_size": 2618783.0348958536,
    "min_channel_size": "1100",
    "max_channel_size": "16777216"
}
