{
    "graph_diameter": 0,
    "avg_out_degree": 8.199746353836398,
    "max_out_degree": 971,
    "num_nodes": 3154,
    "num_channels": 25862,
    "total_network_capacity": "67773828252",
    "avg_channel_size": 2620595.013997371,
    "min_channel_size": "1100",
    "max_channel_size": "16777216"
}
