{
    "graph_diameter": 0,
    "avg_out_degree": 7.901754385964912,
    "max_out_degree": 962,
    "num_nodes": 3135,
    "num_channels": 24772,
    "total_network_capacity": "66258352769",
    "avg_channel_size": 2674727.6267156466,
    "min_channel_size": "1100",
    "max_channel_size": "16777216"
}
