{
    "graph_diameter": 0,
    "avg_out_degree": 7.897534422030099,
    "max_out_degree": 962,
    "num_nodes": 3123,
    "num_channels": 24664,
    "total_network_capacity": "66089143240",
    "avg_channel_size": 2679579.275056763,
    "min_channel_size": "1100",
    "max_channel_size": "16777216"
}
