{
    "graph_diameter": 0,
    "avg_out_degree": 7.90593112244898,
    "max_out_degree": 964,
    "num_nodes": 3136,
    "num_channels": 24793,
    "total_network_capacity": "66303338846",
    "avg_channel_size": 2674276.563788166,
    "min_channel_size": "1100",
    "max_channel_size": "16777216"
}
