{
    "graph_diameter": 0,
    "avg_out_degree": 7.8962868117797695,
    "max_out_degree": 963,
    "num_nodes": 3124,
    "num_channels": 24668,
    "total_network_capacity": "66080765763",
    "avg_channel_size": 2678805.163085779,
    "min_channel_size": "1100",
    "max_channel_size": "16777216"
}
