{
    "graph_diameter": 0,
    "avg_out_degree": 7.9007341206511335,
    "max_out_degree": 962,
    "num_nodes": 3133,
    "num_channels": 24753,
    "total_network_capacity": "66178530505",
    "avg_channel_size": 2673555.953015796,
    "min_channel_size": "1100",
    "max_channel_size": "16777216"
}
