{
    "graph_diameter": 0,
    "avg_out_degree": 7.8942492012779555,
    "max_out_degree": 962,
    "num_nodes": 3130,
    "num_channels": 24709,
    "total_network_capacity": "66129532213",
    "avg_channel_size": 2676333.814116314,
    "min_channel_size": "1100",
    "max_channel_size": "16777216"
}
