{
    "graph_diameter": 0,
    "avg_out_degree": 8.203486529318543,
    "max_out_degree": 973,
    "num_nodes": 3155,
    "num_channels": 25882,
    "total_network_capacity": "67773836712",
    "avg_channel_size": 2618570.308013291,
    "min_channel_size": "1100",
    "max_channel_size": "16777216"
}
