{
    "graph_diameter": 0,
    "avg_out_degree": 8.208306911857958,
    "max_out_degree": 974,
    "num_nodes": 3154,
    "num_channels": 25889,
    "total_network_capacity": "67783051861",
    "avg_channel_size": 2618218.2340376223,
    "min_channel_size": "1100",
    "max_channel_size": "16777216"
}
