{
    "graph_diameter": 0,
    "avg_out_degree": 8.19351763584366,
    "max_out_degree": 967,
    "num_nodes": 3147,
    "num_channels": 25785,
    "total_network_capacity": "67748786443",
    "avg_channel_size": 2627449.542098119,
    "min_channel_size": "1100",
    "max_channel_size": "16777216"
}
