{
    "graph_diameter": 0,
    "avg_out_degree": 7.916348600508906,
    "max_out_degree": 963,
    "num_nodes": 3144,
    "num_channels": 24889,
    "total_network_capacity": "66436635346",
    "avg_channel_size": 2669317.182128651,
    "min_channel_size": "1100",
    "max_channel_size": "16777216"
}
