{
    "graph_diameter": 0,
    "avg_out_degree": 8.201331642358909,
    "max_out_degree": 971,
    "num_nodes": 3154,
    "num_channels": 25867,
    "total_network_capacity": "67785786585",
    "avg_channel_size": 2620550.7629411994,
    "min_channel_size": "1100",
    "max_channel_size": "16777216"
}
