{
    "graph_diameter": 0,
    "avg_out_degree": 7.8991031390134525,
    "max_out_degree": 962,
    "num_nodes": 3122,
    "num_channels": 24661,
    "total_network_capacity": "66079164480",
    "avg_channel_size": 2679500.6074368437,
    "min_channel_size": "1100",
    "max_channel_size": "16777216"
}
