{
    "graph_diameter": 0,
    "avg_out_degree": 8.195307545973368,
    "max_out_degree": 971,
    "num_nodes": 3154,
    "num_channels": 25848,
    "total_network_capacity": "67771000821",
    "avg_channel_size": 2621905.0147400186,
    "min_channel_size": "1100",
    "max_channel_size": "16777216"
}
