{
    "graph_diameter": 0,
    "avg_out_degree": 8.194603174603175,
    "max_out_degree": 969,
    "num_nodes": 3150,
    "num_channels": 25813,
    "total_network_capacity": "67693648535",
    "avg_channel_size": 2622463.430635726,
    "min_channel_size": "1100",
    "max_channel_size": "16777216"
}
