{
    "graph_diameter": 0,
    "avg_out_degree": 8.203486529318543,
    "max_out_degree": 974,
    "num_nodes": 3155,
    "num_channels": 25882,
    "total_network_capacity": "67786415236",
    "avg_channel_size": 2619056.303067769,
    "min_channel_size": "1100",
    "max_channel_size": "16777216"
}
