{
    "graph_diameter": 0,
    "avg_out_degree": 8.200887198986058,
    "max_out_degree": 973,
    "num_nodes": 3156,
    "num_channels": 25882,
    "total_network_capacity": "67798389649",
    "avg_channel_size": 2619518.9571516886,
    "min_channel_size": "1100",
    "max_channel_size": "16777216"
}
