{
    "graph_diameter": 0,
    "avg_out_degree": 7.8981806575167575,
    "max_out_degree": 962,
    "num_nodes": 3133,
    "num_channels": 24745,
    "total_network_capacity": "66173161253",
    "avg_channel_size": 2674203.3240250554,
    "min_channel_size": "1100",
    "max_channel_size": "16777216"
}
