{
    "graph_diameter": 0,
    "avg_out_degree": 7.899202551834131,
    "max_out_degree": 962,
    "num_nodes": 3135,
    "num_channels": 24764,
    "total_network_capacity": "66250306845",
    "avg_channel_size": 2675266.792319496,
    "min_channel_size": "1100",
    "max_channel_size": "16777216"
}
