{
    "graph_diameter": 0,
    "avg_out_degree": 8.199112238427395,
    "max_out_degree": 971,
    "num_nodes": 3154,
    "num_channels": 25860,
    "total_network_capacity": "67777728252",
    "avg_channel_size": 2620948.5016241297,
    "min_channel_size": "1100",
    "max_channel_size": "16777216"
}
