{
    "graph_diameter": 0,
    "avg_out_degree": 7.908221797323136,
    "max_out_degree": 965,
    "num_nodes": 3138,
    "num_channels": 24816,
    "total_network_capacity": "66325056016",
    "avg_channel_size": 2672673.114764668,
    "min_channel_size": "1100",
    "max_channel_size": "16777216"
}
