{
    "graph_diameter": 0,
    "avg_out_degree": 7.911895674300254,
    "max_out_degree": 963,
    "num_nodes": 3144,
    "num_channels": 24875,
    "total_network_capacity": "66419970530",
    "avg_channel_size": 2670149.569045226,
    "min_channel_size": "1100",
    "max_channel_size": "16777216"
}
