{
    "graph_diameter": 0,
    "avg_out_degree": 7.905859750240154,
    "max_out_degree": 963,
    "num_nodes": 3123,
    "num_channels": 24690,
    "total_network_capacity": "66140853811",
    "avg_channel_size": 2678851.916200891,
    "min_channel_size": "1100",
    "max_channel_size": "16777216"
}
