{
    "graph_diameter": 0,
    "avg_out_degree": 8.200063411540901,
    "max_out_degree": 970,
    "num_nodes": 3154,
    "num_channels": 25863,
    "total_network_capacity": "67774968513",
    "avg_channel_size": 2620537.776476047,
    "min_channel_size": "1100",
    "max_channel_size": "16777216"
}
