{
    "graph_diameter": 0,
    "avg_out_degree": 8.210076045627376,
    "max_out_degree": 974,
    "num_nodes": 3156,
    "num_channels": 25911,
    "total_network_capacity": "67823259000",
    "avg_channel_size": 2617546.949172166,
    "min_channel_size": "1100",
    "max_channel_size": "16777216"
}
