{
    "graph_diameter": 0,
    "avg_out_degree": 7.904686005737966,
    "max_out_degree": 964,
    "num_nodes": 3137,
    "num_channels": 24797,
    "total_network_capacity": "66304198846",
    "avg_channel_size": 2673879.8582893093,
    "min_channel_size": "1100",
    "max_channel_size": "16777216"
}
