{
    "graph_diameter": 0,
    "avg_out_degree": 7.905991077119184,
    "max_out_degree": 965,
    "num_nodes": 3138,
    "num_channels": 24809,
    "total_network_capacity": "66328440874",
    "avg_channel_size": 2673563.6613325807,
    "min_channel_size": "1100",
    "max_channel_size": "16777216"
}
