{
    "graph_diameter": 0,
    "avg_out_degree": 8.201840685496668,
    "max_out_degree": 970,
    "num_nodes": 3151,
    "num_channels": 25844,
    "total_network_capacity": "67766558258",
    "avg_channel_size": 2622138.920368364,
    "min_channel_size": "1100",
    "max_channel_size": "16777216"
}
