{
    "graph_diameter": 0,
    "avg_out_degree": 7.907924286172602,
    "max_out_degree": 963,
    "num_nodes": 3117,
    "num_channels": 24649,
    "total_network_capacity": "66001483862",
    "avg_channel_size": 2677653.611180981,
    "min_channel_size": "1100",
    "max_channel_size": "16777216"
}
