{
    "graph_diameter": 0,
    "avg_out_degree": 7.90204211869815,
    "max_out_degree": 962,
    "num_nodes": 3134,
    "num_channels": 24765,
    "total_network_capacity": "66248962255",
    "avg_channel_size": 2675104.472239047,
    "min_channel_size": "1100",
    "max_channel_size": "16777216"
}
