{
    "graph_diameter": 0,
    "avg_out_degree": 7.910576923076923,
    "max_out_degree": 963,
    "num_nodes": 3120,
    "num_channels": 24681,
    "total_network_capacity": "66124009583",
    "avg_channel_size": 2679146.2899801466,
    "min_channel_size": "1100",
    "max_channel_size": "16777216"
}
