{
    "graph_diameter": 0,
    "avg_out_degree": 7.908362704261455,
    "max_out_degree": 963,
    "num_nodes": 3121,
    "num_channels": 24682,
    "total_network_capacity": "66124109583",
    "avg_channel_size": 2679041.7949517868,
    "min_channel_size": "1100",
    "max_channel_size": "16777216"
}
