{
    "graph_diameter": 0,
    "avg_out_degree": 7.918230989500477,
    "max_out_degree": 963,
    "num_nodes": 3143,
    "num_channels": 24887,
    "total_network_capacity": "66434635346",
    "avg_channel_size": 2669451.3338690884,
    "min_channel_size": "1100",
    "max_channel_size": "16777216"
}
