{
    "graph_diameter": 0,
    "avg_out_degree": 7.897854626961255,
    "max_out_degree": 962,
    "num_nodes": 3123,
    "num_channels": 24665,
    "total_network_capacity": "66079872033",
    "avg_channel_size": 2679094.7509831744,
    "min_channel_size": "1100",
    "max_channel_size": "16777216"
}
