{
    "graph_diameter": 0,
    "avg_out_degree": 7.9030089628681175,
    "max_out_degree": 963,
    "num_nodes": 3124,
    "num_channels": 24689,
    "total_network_capacity": "66137634801",
    "avg_channel_size": 2678830.037709101,
    "min_channel_size": "1100",
    "max_channel_size": "16777216"
}
