{
    "graph_diameter": 0,
    "avg_out_degree": 7.893107849393746,
    "max_out_degree": 962,
    "num_nodes": 3134,
    "num_channels": 24737,
    "total_network_capacity": "66166390692",
    "avg_channel_size": 2674794.4654566036,
    "min_channel_size": "1100",
    "max_channel_size": "16777216"
}
