{
    "graph_diameter": 0,
    "avg_out_degree": 7.91404011461318,
    "max_out_degree": 964,
    "num_nodes": 3141,
    "num_channels": 24858,
    "total_network_capacity": "66422578760",
    "avg_channel_size": 2672080.56802639,
    "min_channel_size": "1100",
    "max_channel_size": "16777216"
}
