{
    "graph_diameter": 0,
    "avg_out_degree": 7.9050047816385085,
    "max_out_degree": 964,
    "num_nodes": 3137,
    "num_channels": 24798,
    "total_network_capacity": "66304298846",
    "avg_channel_size": 2673776.0644406807,
    "min_channel_size": "1100",
    "max_channel_size": "16777216"
}
