{
    "graph_diameter": 0,
    "avg_out_degree": 7.901723037651563,
    "max_out_degree": 962,
    "num_nodes": 3134,
    "num_channels": 24764,
    "total_network_capacity": "66253241594",
    "avg_channel_size": 2675385.301001454,
    "min_channel_size": "1100",
    "max_channel_size": "16777216"
}
