{
    "graph_diameter": 0,
    "avg_out_degree": 7.9001594896331735,
    "max_out_degree": 962,
    "num_nodes": 3135,
    "num_channels": 24767,
    "total_network_capacity": "66255137460",
    "avg_channel_size": 2675137.7825332093,
    "min_channel_size": "1100",
    "max_channel_size": "16777216"
}
