{
    "graph_diameter": 0,
    "avg_out_degree": 7.892686042797828,
    "max_out_degree": 962,
    "num_nodes": 3131,
    "num_channels": 24712,
    "total_network_capacity": "66132169972",
    "avg_channel_size": 2676115.651181612,
    "min_channel_size": "1100",
    "max_channel_size": "16777216"
}
