{
    "graph_diameter": 0,
    "avg_out_degree": 7.908683114386415,
    "max_out_degree": 964,
    "num_nodes": 3121,
    "num_channels": 24683,
    "total_network_capacity": "66124209583",
    "avg_channel_size": 2678937.30839039,
    "min_channel_size": "1100",
    "max_channel_size": "16777216"
}
