{
    "graph_diameter": 0,
    "avg_out_degree": 7.902835297865562,
    "max_out_degree": 965,
    "num_nodes": 3139,
    "num_channels": 24807,
    "total_network_capacity": "66325103053",
    "avg_channel_size": 2673644.6588866045,
    "min_channel_size": "1100",
    "max_channel_size": "16777216"
}
