{
    "graph_diameter": 0,
    "avg_out_degree": 7.912213740458015,
    "max_out_degree": 963,
    "num_nodes": 3144,
    "num_channels": 24876,
    "total_network_capacity": "66420470530",
    "avg_channel_size": 2670062.3303585784,
    "min_channel_size": "1100",
    "max_channel_size": "16777216"
}
