{
    "graph_diameter": 0,
    "avg_out_degree": 8.188055908513341,
    "max_out_degree": 967,
    "num_nodes": 3148,
    "num_channels": 25776,
    "total_network_capacity": "67740009092",
    "avg_channel_size": 2628026.4234947236,
    "min_channel_size": "1100",
    "max_channel_size": "16777216"
}
