{
    "graph_diameter": 0,
    "avg_out_degree": 7.910519563822963,
    "max_out_degree": 963,
    "num_nodes": 3118,
    "num_channels": 24665,
    "total_network_capacity": "66107693305",
    "avg_channel_size": 2680222.716602473,
    "min_channel_size": "1100",
    "max_channel_size": "16777216"
}
