{
    "graph_diameter": 0,
    "avg_out_degree": 8.1906577693041,
    "max_out_degree": 967,
    "num_nodes": 3147,
    "num_channels": 25776,
    "total_network_capacity": "67677524369",
    "avg_channel_size": 2625602.2799891373,
    "min_channel_size": "1100",
    "max_channel_size": "16777216"
}
