{
    "graph_diameter": 0,
    "avg_out_degree": 7.898883572567783,
    "max_out_degree": 962,
    "num_nodes": 3135,
    "num_channels": 24763,
    "total_network_capacity": "66234306845",
    "avg_channel_size": 2674728.7018939545,
    "min_channel_size": "1100",
    "max_channel_size": "16777216"
}
