{
    "graph_diameter": 0,
    "avg_out_degree": 7.914758269720102,
    "max_out_degree": 963,
    "num_nodes": 3144,
    "num_channels": 24884,
    "total_network_capacity": "66435595347",
    "avg_channel_size": 2669811.7403552486,
    "min_channel_size": "1100",
    "max_channel_size": "16777216"
}
