{
    "graph_diameter": 0,
    "avg_out_degree": 7.905672402804334,
    "max_out_degree": 965,
    "num_nodes": 3138,
    "num_channels": 24808,
    "total_network_capacity": "66317436235",
    "avg_channel_size": 2673227.839205095,
    "min_channel_size": "1100",
    "max_channel_size": "16777216"
}
