{
    "graph_diameter": 0,
    "avg_out_degree": 8.197585768742059,
    "max_out_degree": 968,
    "num_nodes": 3148,
    "num_channels": 25806,
    "total_network_capacity": "67756477848",
    "avg_channel_size": 2625609.4647756335,
    "min_channel_size": "1100",
    "max_channel_size": "16777216"
}
