{
    "graph_diameter": 0,
    "avg_out_degree": 7.905065307422746,
    "max_out_degree": 965,
    "num_nodes": 3139,
    "num_channels": 24814,
    "total_network_capacity": "66326345574",
    "avg_channel_size": 2672940.500282099,
    "min_channel_size": "1100",
    "max_channel_size": "16777216"
}
