{
    "graph_diameter": 0,
    "avg_out_degree": 7.892583120204604,
    "max_out_degree": 962,
    "num_nodes": 3128,
    "num_channels": 24688,
    "total_network_capacity": "66094810906",
    "avg_channel_size": 2677203.9414290343,
    "min_channel_size": "1100",
    "max_channel_size": "16777216"
}
