{
    "graph_diameter": 0,
    "avg_out_degree": 7.917329093799682,
    "max_out_degree": 963,
    "num_nodes": 3145,
    "num_channels": 24900,
    "total_network_capacity": "66482709927",
    "avg_channel_size": 2669988.350481928,
    "min_channel_size": "1100",
    "max_channel_size": "16777216"
}
