{
    "graph_diameter": 0,
    "avg_out_degree": 8.08576874205845,
    "max_out_degree": 967,
    "num_nodes": 3148,
    "num_channels": 25454,
    "total_network_capacity": "67289272127",
    "avg_channel_size": 2643563.7670700084,
    "min_channel_size": "1100",
    "max_channel_size": "16777216"
}
