{
    "graph_diameter": 0,
    "avg_out_degree": 7.906976744186046,
    "max_out_degree": 965,
    "num_nodes": 3139,
    "num_channels": 24820,
    "total_network_capacity": "66335925107",
    "avg_channel_size": 2672680.3024576954,
    "min_channel_size": "1100",
    "max_channel_size": "16777216"
}
