{
    "graph_diameter": 0,
    "avg_out_degree": 7.909323934636334,
    "max_out_degree": 963,
    "num_nodes": 3121,
    "num_channels": 24685,
    "total_network_capacity": "66131261539",
    "avg_channel_size": 2679005.9363581124,
    "min_channel_size": "1100",
    "max_channel_size": "16777216"
}
