{
    "graph_diameter": 0,
    "avg_out_degree": 7.8942154042825186,
    "max_out_degree": 963,
    "num_nodes": 3129,
    "num_channels": 24701,
    "total_network_capacity": "66136327243",
    "avg_channel_size": 2677475.699081009,
    "min_channel_size": "1100",
    "max_channel_size": "16777216"
}
