{
    "graph_diameter": 0,
    "avg_out_degree": 7.897821909032672,
    "max_out_degree": 962,
    "num_nodes": 3122,
    "num_channels": 24657,
    "total_network_capacity": "66067413240",
    "avg_channel_size": 2679458.703005232,
    "min_channel_size": "1100",
    "max_channel_size": "16777216"
}
