{
    "graph_diameter": 0,
    "avg_out_degree": 7.9124719461365824,
    "max_out_degree": 964,
    "num_nodes": 3119,
    "num_channels": 24679,
    "total_network_capacity": "66123340889",
    "avg_channel_size": 2679336.3138295715,
    "min_channel_size": "1100",
    "max_channel_size": "16777216"
}
