{
    "graph_diameter": 0,
    "avg_out_degree": 8.196632782719186,
    "max_out_degree": 968,
    "num_nodes": 3148,
    "num_channels": 25803,
    "total_network_capacity": "67751712706",
    "avg_channel_size": 2625730.058752858,
    "min_channel_size": "1100",
    "max_channel_size": "16777216"
}
