{
    "graph_diameter": 0,
    "avg_out_degree": 7.896573807236631,
    "max_out_degree": 962,
    "num_nodes": 3123,
    "num_channels": 24661,
    "total_network_capacity": "66073289453",
    "avg_channel_size": 2679262.3759377156,
    "min_channel_size": "1100",
    "max_channel_size": "16777216"
}
