{
    "graph_diameter": 0,
    "avg_out_degree": 8.200063411540901,
    "max_out_degree": 971,
    "num_nodes": 3154,
    "num_channels": 25863,
    "total_network_capacity": "67782481659",
    "avg_channel_size": 2620828.2743301243,
    "min_channel_size": "1100",
    "max_channel_size": "16777216"
}
