{
    "graph_diameter": 0,
    "avg_out_degree": 8.199429296131896,
    "max_out_degree": 971,
    "num_nodes": 3154,
    "num_channels": 25861,
    "total_network_capacity": "67783430342",
    "avg_channel_size": 2621067.644019953,
    "min_channel_size": "1100",
    "max_channel_size": "16777216"
}
