{
    "graph_diameter": 0,
    "avg_out_degree": 7.906790518898142,
    "max_out_degree": 963,
    "num_nodes": 3122,
    "num_channels": 24685,
    "total_network_capacity": "66133262580",
    "avg_channel_size": 2679086.9993923437,
    "min_channel_size": "1100",
    "max_channel_size": "16777216"
}
