{
    "graph_diameter": 0,
    "avg_out_degree": 7.899489470325463,
    "max_out_degree": 962,
    "num_nodes": 3134,
    "num_channels": 24757,
    "total_network_capacity": "66190209141",
    "avg_channel_size": 2673595.7159995153,
    "min_channel_size": "1100",
    "max_channel_size": "16777216"
}
