{
    "graph_diameter": 0,
    "avg_out_degree": 8.19847812301839,
    "max_out_degree": 970,
    "num_nodes": 3154,
    "num_channels": 25858,
    "total_network_capacity": "67774298505",
    "avg_channel_size": 2621018.5824503056,
    "min_channel_size": "1100",
    "max_channel_size": "16777216"
}
