{
    "graph_diameter": 0,
    "avg_out_degree": 7.9984116899618805,
    "max_out_degree": 967,
    "num_nodes": 3148,
    "num_channels": 25179,
    "total_network_capacity": "66946288816",
    "avg_channel_size": 2658814.4412407163,
    "min_channel_size": "1100",
    "max_channel_size": "16777216"
}
