{
    "graph_diameter": 0,
    "avg_out_degree": 7.920826709062003,
    "max_out_degree": 965,
    "num_nodes": 3145,
    "num_channels": 24911,
    "total_network_capacity": "66491347284",
    "avg_channel_size": 2669156.0870298264,
    "min_channel_size": "1100",
    "max_channel_size": "16777216"
}
