{
    "graph_diameter": 0,
    "avg_out_degree": 7.908859145952836,
    "max_out_degree": 965,
    "num_nodes": 3138,
    "num_channels": 24818,
    "total_network_capacity": "66333825107",
    "avg_channel_size": 2672811.0688613104,
    "min_channel_size": "1100",
    "max_channel_size": "16777216"
}
