{
    "graph_diameter": 0,
    "avg_out_degree": 7.904397705544933,
    "max_out_degree": 964,
    "num_nodes": 3138,
    "num_channels": 24804,
    "total_network_capacity": "66323833053",
    "avg_channel_size": 2673916.830067731,
    "min_channel_size": "1100",
    "max_channel_size": "16777216"
}
