{
    "graph_diameter": 0,
    "avg_out_degree": 7.902392344497608,
    "max_out_degree": 962,
    "num_nodes": 3135,
    "num_channels": 24774,
    "total_network_capacity": "66265352769",
    "avg_channel_size": 2674794.2507871157,
    "min_channel_size": "1100",
    "max_channel_size": "16777216"
}
