{
    "graph_diameter": 0,
    "avg_out_degree": 7.907603464870068,
    "max_out_degree": 963,
    "num_nodes": 3117,
    "num_channels": 24648,
    "total_network_capacity": "66001260781",
    "avg_channel_size": 2677753.1962431027,
    "min_channel_size": "1100",
    "max_channel_size": "16777216"
}
