{
    "graph_diameter": 0,
    "avg_out_degree": 8.211410459587956,
    "max_out_degree": 974,
    "num_nodes": 3155,
    "num_channels": 25907,
    "total_network_capacity": "67821860572",
    "avg_channel_size": 2617897.1155286217,
    "min_channel_size": "1100",
    "max_channel_size": "16777216"
}
