{
    "graph_diameter": 0,
    "avg_out_degree": 7.914649681528663,
    "max_out_degree": 964,
    "num_nodes": 3140,
    "num_channels": 24852,
    "total_network_capacity": "66412754669",
    "avg_channel_size": 2672330.3826251407,
    "min_channel_size": "1100",
    "max_channel_size": "16777216"
}
