{
    "graph_diameter": 0,
    "avg_out_degree": 7.911259541984733,
    "max_out_degree": 963,
    "num_nodes": 3144,
    "num_channels": 24873,
    "total_network_capacity": "66419570530",
    "avg_channel_size": 2670348.1900052265,
    "min_channel_size": "1100",
    "max_channel_size": "16777216"
}
