{
    "graph_diameter": 0,
    "avg_out_degree": 7.90729531697993,
    "max_out_degree": 965,
    "num_nodes": 3139,
    "num_channels": 24821,
    "total_network_capacity": "66335975107",
    "avg_channel_size": 2672574.638693042,
    "min_channel_size": "1100",
    "max_channel_size": "16777216"
}
