{
    "graph_diameter": 0,
    "avg_out_degree": 7.912683237731039,
    "max_out_degree": 964,
    "num_nodes": 3138,
    "num_channels": 24830,
    "total_network_capacity": "66349544556",
    "avg_channel_size": 2672152.418687072,
    "min_channel_size": "1100",
    "max_channel_size": "16777216"
}
