{
    "graph_diameter": 0,
    "avg_out_degree": 7.898624880076751,
    "max_out_degree": 963,
    "num_nodes": 3127,
    "num_channels": 24699,
    "total_network_capacity": "66136052166",
    "avg_channel_size": 2677681.37033888,
    "min_channel_size": "1100",
    "max_channel_size": "16777216"
}
