{
    "graph_diameter": 0,
    "avg_out_degree": 7.899872040946897,
    "max_out_degree": 963,
    "num_nodes": 3126,
    "num_channels": 24695,
    "total_network_capacity": "66140144800",
    "avg_channel_size": 2678280.817979348,
    "min_channel_size": "1100",
    "max_channel_size": "16777216"
}
