{
    "graph_diameter": 0,
    "avg_out_degree": 7.911727214786488,
    "max_out_degree": 964,
    "num_nodes": 3138,
    "num_channels": 24827,
    "total_network_capacity": "66334044556",
    "avg_channel_size": 2671850.991098401,
    "min_channel_size": "1100",
    "max_channel_size": "16777216"
}
