{
    "graph_diameter": 0,
    "avg_out_degree": 7.8943504628151935,
    "max_out_degree": 962,
    "num_nodes": 3133,
    "num_channels": 24733,
    "total_network_capacity": "66158770692",
    "avg_channel_size": 2674918.962196256,
    "min_channel_size": "1100",
    "max_channel_size": "16777216"
}
