{
    "graph_diameter": 0,
    "avg_out_degree": 7.901403956604978,
    "max_out_degree": 962,
    "num_nodes": 3134,
    "num_channels": 24763,
    "total_network_capacity": "66248756845",
    "avg_channel_size": 2675312.2337761982,
    "min_channel_size": "1100",
    "max_channel_size": "16777216"
}
