{
    "graph_diameter": 0,
    "avg_out_degree": 7.918126791971965,
    "max_out_degree": 964,
    "num_nodes": 3139,
    "num_channels": 24855,
    "total_network_capacity": "66416527630",
    "avg_channel_size": 2672159.631060149,
    "min_channel_size": "1100",
    "max_channel_size": "16777216"
}
