{
    "graph_diameter": 0,
    "avg_out_degree": 7.906339598598279,
    "max_out_degree": 965,
    "num_nodes": 3139,
    "num_channels": 24818,
    "total_network_capacity": "66329828216",
    "avg_channel_size": 2672650.020791361,
    "min_channel_size": "1100",
    "max_channel_size": "16777216"
}
