{
    "graph_diameter": 0,
    "avg_out_degree": 7.893358876117497,
    "max_out_degree": 962,
    "num_nodes": 3132,
    "num_channels": 24722,
    "total_network_capacity": "66141980806",
    "avg_channel_size": 2675430.0139956316,
    "min_channel_size": "1100",
    "max_channel_size": "16777216"
}
