{
    "graph_diameter": 0,
    "avg_out_degree": 8.209825673534073,
    "max_out_degree": 974,
    "num_nodes": 3155,
    "num_channels": 25902,
    "total_network_capacity": "67812440572",
    "avg_channel_size": 2618038.7835688363,
    "min_channel_size": "1100",
    "max_channel_size": "16777216"
}
