{
    "graph_diameter": 0,
    "avg_out_degree": 8.19415316174134,
    "max_out_degree": 967,
    "num_nodes": 3147,
    "num_channels": 25787,
    "total_network_capacity": "67749786443",
    "avg_channel_size": 2627284.540388568,
    "min_channel_size": "1100",
    "max_channel_size": "16777216"
}
