{
    "graph_diameter": 0,
    "avg_out_degree": 8.556112503480925,
    "max_out_degree": 1027,
    "num_nodes": 3591,
    "num_channels": 30725,
    "total_network_capacity": "73181544489",
    "avg_channel_size": 2381824.067990236,
    "min_channel_size": "1100",
    "max_channel_size": "16777216"
}
