{
    "graph_diameter": 0,
    "avg_out_degree": 8.540217088783747,
    "max_out_degree": 1026,
    "num_nodes": 3593,
    "num_channels": 30685,
    "total_network_capacity": "73106777562",
    "avg_channel_size": 2382492.343555483,
    "min_channel_size": "1100",
    "max_channel_size": "16777216"
}
