{
    "graph_diameter": 0,
    "avg_out_degree": 8.551435740172847,
    "max_out_degree": 1029,
    "num_nodes": 3587,
    "num_channels": 30674,
    "total_network_capacity": "73162899267",
    "avg_channel_size": 2385176.3469713763,
    "min_channel_size": "1100",
    "max_channel_size": "16777216"
}
