{
    "graph_diameter": 0,
    "avg_out_degree": 8.554874651810586,
    "max_out_degree": 1027,
    "num_nodes": 3590,
    "num_channels": 30712,
    "total_network_capacity": "73229538018",
    "avg_channel_size": 2384394.9602109925,
    "min_channel_size": "1100",
    "max_channel_size": "16777216"
}
