{
    "graph_diameter": 0,
    "avg_out_degree": 8.535136642498605,
    "max_out_degree": 1025,
    "num_nodes": 3586,
    "num_channels": 30607,
    "total_network_capacity": "73060486430",
    "avg_channel_size": 2387051.538210213,
    "min_channel_size": "1100",
    "max_channel_size": "16777216"
}
