{
    "graph_diameter": 0,
    "avg_out_degree": 8.549749861033908,
    "max_out_degree": 1026,
    "num_nodes": 3598,
    "num_channels": 30762,
    "total_network_capacity": "73203838831",
    "avg_channel_size": 2379683.98774462,
    "min_channel_size": "1100",
    "max_channel_size": "16777216"
}
