{
    "graph_diameter": 0,
    "avg_out_degree": 8.549526989426823,
    "max_out_degree": 1030,
    "num_nodes": 3594,
    "num_channels": 30727,
    "total_network_capacity": "73166685288",
    "avg_channel_size": 2381185.4488885994,
    "min_channel_size": "1100",
    "max_channel_size": "16777216"
}
