{
    "graph_diameter": 0,
    "avg_out_degree": 8.57119021134594,
    "max_out_degree": 1031,
    "num_nodes": 3596,
    "num_channels": 30822,
    "total_network_capacity": "73144388361",
    "avg_channel_size": 2373122.71627409,
    "min_channel_size": "1100",
    "max_channel_size": "16777216"
}
