{
    "graph_diameter": 0,
    "avg_out_degree": 8.549260396315937,
    "max_out_degree": 1028,
    "num_nodes": 3583,
    "num_channels": 30632,
    "total_network_capacity": "73086503862",
    "avg_channel_size": 2385952.724667015,
    "min_channel_size": "1100",
    "max_channel_size": "16777216"
}
