{
    "graph_diameter": 0,
    "avg_out_degree": 8.545404054429325,
    "max_out_degree": 1027,
    "num_nodes": 3601,
    "num_channels": 30772,
    "total_network_capacity": "73260411607",
    "avg_channel_size": 2380749.1098076175,
    "min_channel_size": "1100",
    "max_channel_size": "16777216"
}
