{
    "graph_diameter": 0,
    "avg_out_degree": 8.55147468002226,
    "max_out_degree": 1026,
    "num_nodes": 3594,
    "num_channels": 30734,
    "total_network_capacity": "73185929825",
    "avg_channel_size": 2381269.272629661,
    "min_channel_size": "1100",
    "max_channel_size": "16777216"
}
