{
    "graph_diameter": 0,
    "avg_out_degree": 8.548440979955457,
    "max_out_degree": 1029,
    "num_nodes": 3592,
    "num_channels": 30706,
    "total_network_capacity": "73155017558",
    "avg_channel_size": 2382433.9724483816,
    "min_channel_size": "1100",
    "max_channel_size": "16777216"
}
