{
    "graph_diameter": 0,
    "avg_out_degree": 8.541701534170153,
    "max_out_degree": 1026,
    "num_nodes": 3585,
    "num_channels": 30622,
    "total_network_capacity": "73077848723",
    "avg_channel_size": 2386449.2431258573,
    "min_channel_size": "1100",
    "max_channel_size": "16777216"
}
