{
    "graph_diameter": 0,
    "avg_out_degree": 8.562969140950793,
    "max_out_degree": 1031,
    "num_nodes": 3597,
    "num_channels": 30801,
    "total_network_capacity": "73213049937",
    "avg_channel_size": 2376969.901529171,
    "min_channel_size": "1100",
    "max_channel_size": "16777216"
}
