{
    "graph_diameter": 0,
    "avg_out_degree": 8.54816258351893,
    "max_out_degree": 1029,
    "num_nodes": 3592,
    "num_channels": 30705,
    "total_network_capacity": "73154917558",
    "avg_channel_size": 2382508.306725289,
    "min_channel_size": "1100",
    "max_channel_size": "16777216"
}
