{
    "graph_diameter": 0,
    "avg_out_degree": 8.546213808463252,
    "max_out_degree": 1026,
    "num_nodes": 3592,
    "num_channels": 30698,
    "total_network_capacity": "73182849569",
    "avg_channel_size": 2383961.48182292,
    "min_channel_size": "1100",
    "max_channel_size": "16777216"
}
