{
    "graph_diameter": 0,
    "avg_out_degree": 8.552550878171173,
    "max_out_degree": 1029,
    "num_nodes": 3587,
    "num_channels": 30678,
    "total_network_capacity": "73163820192",
    "avg_channel_size": 2384895.3710150598,
    "min_channel_size": "1100",
    "max_channel_size": "16777216"
}
