{
    "graph_diameter": 0,
    "avg_out_degree": 8.532145839131644,
    "max_out_degree": 1025,
    "num_nodes": 3593,
    "num_channels": 30656,
    "total_network_capacity": "73091121086",
    "avg_channel_size": 2384235.4216466597,
    "min_channel_size": "1100",
    "max_channel_size": "16777216"
}
