{
    "graph_diameter": 0,
    "avg_out_degree": 8.548288338435848,
    "max_out_degree": 1029,
    "num_nodes": 3593,
    "num_channels": 30714,
    "total_network_capacity": "73158423551",
    "avg_channel_size": 2381924.319561112,
    "min_channel_size": "1100",
    "max_channel_size": "16777216"
}
