{
    "graph_diameter": 0,
    "avg_out_degree": 8.551139521956642,
    "max_out_degree": 1026,
    "num_nodes": 3598,
    "num_channels": 30767,
    "total_network_capacity": "73257351609",
    "avg_channel_size": 2381036.552442552,
    "min_channel_size": "1100",
    "max_channel_size": "16777216"
}
