{
    "graph_diameter": 0,
    "avg_out_degree": 8.543986636971047,
    "max_out_degree": 1026,
    "num_nodes": 3592,
    "num_channels": 30690,
    "total_network_capacity": "73192000960",
    "avg_channel_size": 2384881.100032584,
    "min_channel_size": "1100",
    "max_channel_size": "16777216"
}
