{
    "graph_diameter": 0,
    "avg_out_degree": 8.560155598777438,
    "max_out_degree": 1031,
    "num_nodes": 3599,
    "num_channels": 30808,
    "total_network_capacity": "73215039506",
    "avg_channel_size": 2376494.40099974,
    "min_channel_size": "1100",
    "max_channel_size": "16777216"
}
