{
    "graph_diameter": 0,
    "avg_out_degree": 8.550208623087622,
    "max_out_degree": 1030,
    "num_nodes": 3595,
    "num_channels": 30738,
    "total_network_capacity": "73175504209",
    "avg_channel_size": 2380620.216312057,
    "min_channel_size": "1100",
    "max_channel_size": "16777216"
}
