{
    "graph_diameter": 0,
    "avg_out_degree": 8.549276169265033,
    "max_out_degree": 1029,
    "num_nodes": 3592,
    "num_channels": 30709,
    "total_network_capacity": "73155757558",
    "avg_channel_size": 2382225.326712039,
    "min_channel_size": "1100",
    "max_channel_size": "16777216"
}
