{
    "graph_diameter": 0,
    "avg_out_degree": 8.562135112593829,
    "max_out_degree": 1031,
    "num_nodes": 3597,
    "num_channels": 30798,
    "total_network_capacity": "73202003781",
    "avg_channel_size": 2376842.77488798,
    "min_channel_size": "1100",
    "max_channel_size": "16777216"
}
