{
    "graph_diameter": 0,
    "avg_out_degree": 8.534857780256553,
    "max_out_degree": 1025,
    "num_nodes": 3586,
    "num_channels": 30606,
    "total_network_capacity": "73059986430",
    "avg_channel_size": 2387113.194471672,
    "min_channel_size": "1100",
    "max_channel_size": "16777216"
}
