{
    "graph_diameter": 0,
    "avg_out_degree": 8.563090605892162,
    "max_out_degree": 1031,
    "num_nodes": 3598,
    "num_channels": 30810,
    "total_network_capacity": "73215599506",
    "avg_channel_size": 2376358.3091853294,
    "min_channel_size": "1100",
    "max_channel_size": "16777216"
}
