{
    "graph_diameter": 0,
    "avg_out_degree": 8.545327754532776,
    "max_out_degree": 1027,
    "num_nodes": 3585,
    "num_channels": 30635,
    "total_network_capacity": "73077536175",
    "avg_channel_size": 2385426.3481312227,
    "min_channel_size": "1100",
    "max_channel_size": "16777216"
}
