{
    "graph_diameter": 0,
    "avg_out_degree": 8.563646470261256,
    "max_out_degree": 1031,
    "num_nodes": 3598,
    "num_channels": 30812,
    "total_network_capacity": "73219691397",
    "avg_channel_size": 2376336.862164092,
    "min_channel_size": "1100",
    "max_channel_size": "16777216"
}
