{
    "graph_diameter": 0,
    "avg_out_degree": 8.551196438508626,
    "max_out_degree": 1026,
    "num_nodes": 3594,
    "num_channels": 30733,
    "total_network_capacity": "73186204825",
    "avg_channel_size": 2381355.7031529625,
    "min_channel_size": "1100",
    "max_channel_size": "16777216"
}
