{
    "graph_diameter": 0,
    "avg_out_degree": 8.539877300613497,
    "max_out_degree": 1026,
    "num_nodes": 3586,
    "num_channels": 30624,
    "total_network_capacity": "73078698723",
    "avg_channel_size": 2386321.1442985893,
    "min_channel_size": "1100",
    "max_channel_size": "16777216"
}
