{
    "graph_diameter": 0,
    "avg_out_degree": 8.549763033175356,
    "max_out_degree": 1029,
    "num_nodes": 3587,
    "num_channels": 30668,
    "total_network_capacity": "73133569438",
    "avg_channel_size": 2384686.625733664,
    "min_channel_size": "1100",
    "max_channel_size": "16777216"
}
