{
    "graph_diameter": 0,
    "avg_out_degree": 8.55045871559633,
    "max_out_degree": 1026,
    "num_nodes": 3597,
    "num_channels": 30756,
    "total_network_capacity": "73196538831",
    "avg_channel_size": 2379910.873683184,
    "min_channel_size": "1100",
    "max_channel_size": "16777216"
}
