{
    "graph_diameter": 0,
    "avg_out_degree": 8.552895322939866,
    "max_out_degree": 1029,
    "num_nodes": 3592,
    "num_channels": 30722,
    "total_network_capacity": "73156629589",
    "avg_channel_size": 2381245.673751709,
    "min_channel_size": "1100",
    "max_channel_size": "16777216"
}
