{
    "graph_diameter": 0,
    "avg_out_degree": 8.54958217270195,
    "max_out_degree": 1029,
    "num_nodes": 3590,
    "num_channels": 30693,
    "total_network_capacity": "73152868007",
    "avg_channel_size": 2383373.016876812,
    "min_channel_size": "1100",
    "max_channel_size": "16777216"
}
