{
    "graph_diameter": 0,
    "avg_out_degree": 8.549707602339181,
    "max_out_degree": 1029,
    "num_nodes": 3591,
    "num_channels": 30702,
    "total_network_capacity": "73153494143",
    "avg_channel_size": 2382694.7476711613,
    "min_channel_size": "1100",
    "max_channel_size": "16777216"
}
