{
    "graph_diameter": 0,
    "avg_out_degree": 8.545200892857142,
    "max_out_degree": 1027,
    "num_nodes": 3584,
    "num_channels": 30626,
    "total_network_capacity": "73079273402",
    "avg_channel_size": 2386184.072422125,
    "min_channel_size": "1100",
    "max_channel_size": "16777216"
}
