{
    "graph_diameter": 0,
    "avg_out_degree": 8.545403899721448,
    "max_out_degree": 1026,
    "num_nodes": 3590,
    "num_channels": 30678,
    "total_network_capacity": "73184098567",
    "avg_channel_size": 2385556.3780885325,
    "min_channel_size": "1100",
    "max_channel_size": "16777216"
}
