{
    "graph_diameter": 0,
    "avg_out_degree": 8.534521158129175,
    "max_out_degree": 1025,
    "num_nodes": 3592,
    "num_channels": 30656,
    "total_network_capacity": "73103048501",
    "avg_channel_size": 2384624.494421973,
    "min_channel_size": "1100",
    "max_channel_size": "16777216"
}
