{
    "graph_diameter": 0,
    "avg_out_degree": 8.53569436698271,
    "max_out_degree": 1026,
    "num_nodes": 3586,
    "num_channels": 30609,
    "total_network_capacity": "73063368707",
    "avg_channel_size": 2386989.732006926,
    "min_channel_size": "1100",
    "max_channel_size": "16777216"
}
