{
    "graph_diameter": 0,
    "avg_out_degree": 8.560433453737149,
    "max_out_degree": 1031,
    "num_nodes": 3599,
    "num_channels": 30809,
    "total_network_capacity": "73215539506",
    "avg_channel_size": 2376433.493654452,
    "min_channel_size": "1100",
    "max_channel_size": "16777216"
}
