{
    "graph_diameter": 0,
    "avg_out_degree": 8.549930458970794,
    "max_out_degree": 1030,
    "num_nodes": 3595,
    "num_channels": 30737,
    "total_network_capacity": "73174881622",
    "avg_channel_size": 2380677.412304389,
    "min_channel_size": "1100",
    "max_channel_size": "16777216"
}
