{
    "graph_diameter": 0,
    "avg_out_degree": 8.534799554565701,
    "max_out_degree": 1025,
    "num_nodes": 3592,
    "num_channels": 30657,
    "total_network_capacity": "73102782694",
    "avg_channel_size": 2384538.040056105,
    "min_channel_size": "1100",
    "max_channel_size": "16777216"
}
