{
    "graph_diameter": 0,
    "avg_out_degree": 8.544973544973544,
    "max_out_degree": 1025,
    "num_nodes": 3591,
    "num_channels": 30685,
    "total_network_capacity": "73190955947",
    "avg_channel_size": 2385235.6508717616,
    "min_channel_size": "1100",
    "max_channel_size": "16777216"
}
