{
    "graph_diameter": 0,
    "avg_out_degree": 8.547731700528805,
    "max_out_degree": 1029,
    "num_nodes": 3593,
    "num_channels": 30712,
    "total_network_capacity": "73154823551",
    "avg_channel_size": 2381962.2151276376,
    "min_channel_size": "1100",
    "max_channel_size": "16777216"
}
