{
    "graph_diameter": 0,
    "avg_out_degree": 8.538825494016143,
    "max_out_degree": 1026,
    "num_nodes": 3593,
    "num_channels": 30680,
    "total_network_capacity": "73103727562",
    "avg_channel_size": 2382781.211277705,
    "min_channel_size": "1100",
    "max_channel_size": "16777216"
}
