{
    "graph_diameter": 0,
    "avg_out_degree": 8.550764951321279,
    "max_out_degree": 1030,
    "num_nodes": 3595,
    "num_channels": 30740,
    "total_network_capacity": "73178435782",
    "avg_channel_size": 2380560.695575797,
    "min_channel_size": "1100",
    "max_channel_size": "16777216"
}
