{
    "graph_diameter": 0,
    "avg_out_degree": 8.554441659704818,
    "max_out_degree": 1029,
    "num_nodes": 3591,
    "num_channels": 30719,
    "total_network_capacity": "73162586992",
    "avg_channel_size": 2381672.1570363618,
    "min_channel_size": "1100",
    "max_channel_size": "16777216"
}
