{
    "graph_diameter": 0,
    "avg_out_degree": 8.552960800667222,
    "max_out_degree": 1031,
    "num_nodes": 3597,
    "num_channels": 30765,
    "total_network_capacity": "73186326202",
    "avg_channel_size": 2378882.6979359663,
    "min_channel_size": "1100",
    "max_channel_size": "16777216"
}
