{
    "graph_diameter": 0,
    "avg_out_degree": 8.56420233463035,
    "max_out_degree": 1031,
    "num_nodes": 3598,
    "num_channels": 30814,
    "total_network_capacity": "73220711397",
    "avg_channel_size": 2376215.7265204126,
    "min_channel_size": "1100",
    "max_channel_size": "16777216"
}
