{
    "graph_diameter": 0,
    "avg_out_degree": 8.549860724233984,
    "max_out_degree": 1030,
    "num_nodes": 3590,
    "num_channels": 30694,
    "total_network_capacity": "73153198400",
    "avg_channel_size": 2383306.1314914967,
    "min_channel_size": "1100",
    "max_channel_size": "16777216"
}
