{
    "graph_diameter": 0,
    "avg_out_degree": 8.538633193863319,
    "max_out_degree": 1026,
    "num_nodes": 3585,
    "num_channels": 30611,
    "total_network_capacity": "73065913996",
    "avg_channel_size": 2386916.925157623,
    "min_channel_size": "1100",
    "max_channel_size": "16777216"
}
