{
    "graph_diameter": 0,
    "avg_out_degree": 8.548702204856266,
    "max_out_degree": 1028,
    "num_nodes": 3583,
    "num_channels": 30630,
    "total_network_capacity": "73089213862",
    "avg_channel_size": 2386196.991903363,
    "min_channel_size": "1100",
    "max_channel_size": "16777216"
}
