{
    "graph_diameter": 0,
    "avg_out_degree": 8.55766016713092,
    "max_out_degree": 1027,
    "num_nodes": 3590,
    "num_channels": 30722,
    "total_network_capacity": "73170944489",
    "avg_channel_size": 2381711.6232341644,
    "min_channel_size": "1100",
    "max_channel_size": "16777216"
}
