{
    "graph_diameter": 0,
    "avg_out_degree": 8.553824756606398,
    "max_out_degree": 1030,
    "num_nodes": 3595,
    "num_channels": 30751,
    "total_network_capacity": "73181645782",
    "avg_channel_size": 2379813.527430002,
    "min_channel_size": "1100",
    "max_channel_size": "16777216"
}
