{
    "graph_diameter": 0,
    "avg_out_degree": 8.548773690078038,
    "max_out_degree": 1026,
    "num_nodes": 3588,
    "num_channels": 30673,
    "total_network_capacity": "73171818567",
    "avg_channel_size": 2385544.895086884,
    "min_channel_size": "1100",
    "max_channel_size": "16777216"
}
