{
    "graph_diameter": 0,
    "avg_out_degree": 8.547222222222222,
    "max_out_degree": 1026,
    "num_nodes": 3600,
    "num_channels": 30770,
    "total_network_capacity": "73258411609",
    "avg_channel_size": 2380838.8563210918,
    "min_channel_size": "1100",
    "max_channel_size": "16777216"
}
