{
    "graph_diameter": 0,
    "avg_out_degree": 8.550305725403001,
    "max_out_degree": 1026,
    "num_nodes": 3598,
    "num_channels": 30764,
    "total_network_capacity": "73206378138",
    "avg_channel_size": 2379611.823494994,
    "min_channel_size": "1100",
    "max_channel_size": "16777216"
}
