{
    "graph_diameter": 0,
    "avg_out_degree": 8.548010019482327,
    "max_out_degree": 1027,
    "num_nodes": 3593,
    "num_channels": 30713,
    "total_network_capacity": "73141128453",
    "avg_channel_size": 2381438.754045518,
    "min_channel_size": "1100",
    "max_channel_size": "16777216"
}
