{
    "graph_diameter": 0,
    "avg_out_degree": 8.546514856984171,
    "max_out_degree": 1027,
    "num_nodes": 3601,
    "num_channels": 30776,
    "total_network_capacity": "73277431607",
    "avg_channel_size": 2380992.708831557,
    "min_channel_size": "1100",
    "max_channel_size": "16777216"
}
