{
    "graph_diameter": 0,
    "avg_out_degree": 8.55199330917201,
    "max_out_degree": 1030,
    "num_nodes": 3587,
    "num_channels": 30676,
    "total_network_capacity": "73163273042",
    "avg_channel_size": 2385033.0239275005,
    "min_channel_size": "1100",
    "max_channel_size": "16777216"
}
