{
    "graph_diameter": 0,
    "avg_out_degree": 8.552800222903315,
    "max_out_degree": 1027,
    "num_nodes": 3589,
    "num_channels": 30696,
    "total_network_capacity": "73199866539",
    "avg_channel_size": 2384671.179925723,
    "min_channel_size": "1100",
    "max_channel_size": "16777216"
}
