{
    "graph_diameter": 0,
    "avg_out_degree": 8.547154017857142,
    "max_out_degree": 1027,
    "num_nodes": 3584,
    "num_channels": 30633,
    "total_network_capacity": "73079763402",
    "avg_channel_size": 2385654.797179512,
    "min_channel_size": "1100",
    "max_channel_size": "16777216"
}
