{
    "graph_diameter": 0,
    "avg_out_degree": 8.549079754601227,
    "max_out_degree": 1029,
    "num_nodes": 3586,
    "num_channels": 30657,
    "total_network_capacity": "73120791011",
    "avg_channel_size": 2385125.452947125,
    "min_channel_size": "1100",
    "max_channel_size": "16777216"
}
