{
    "graph_diameter": 0,
    "avg_out_degree": 8.551685706324882,
    "max_out_degree": 1030,
    "num_nodes": 3589,
    "num_channels": 30692,
    "total_network_capacity": "73153099800",
    "avg_channel_size": 2383458.2236413397,
    "min_channel_size": "1100",
    "max_channel_size": "16777216"
}
