{
    "graph_diameter": 0,
    "avg_out_degree": 8.54831523252576,
    "max_out_degree": 1027,
    "num_nodes": 3591,
    "num_channels": 30697,
    "total_network_capacity": "73213941539",
    "avg_channel_size": 2385052.0096100597,
    "min_channel_size": "1100",
    "max_channel_size": "16777216"
}
