{
    "graph_diameter": 0,
    "avg_out_degree": 8.555122494432071,
    "max_out_degree": 1030,
    "num_nodes": 3592,
    "num_channels": 30730,
    "total_network_capacity": "73170545288",
    "avg_channel_size": 2381078.597071266,
    "min_channel_size": "1100",
    "max_channel_size": "16777216"
}
