{
    "graph_diameter": 0,
    "avg_out_degree": 8.55354659248957,
    "max_out_degree": 1030,
    "num_nodes": 3595,
    "num_channels": 30750,
    "total_network_capacity": "73181625782",
    "avg_channel_size": 2379890.2693333332,
    "min_channel_size": "1100",
    "max_channel_size": "16777216"
}
