{
    "graph_diameter": 0,
    "avg_out_degree": 8.5515895147797,
    "max_out_degree": 1029,
    "num_nodes": 3586,
    "num_channels": 30666,
    "total_network_capacity": "73139719438",
    "avg_channel_size": 2385042.699993478,
    "min_channel_size": "1100",
    "max_channel_size": "16777216"
}
