{
    "graph_diameter": 0,
    "avg_out_degree": 8.539748953974895,
    "max_out_degree": 1027,
    "num_nodes": 3585,
    "num_channels": 30615,
    "total_network_capacity": "73056983680",
    "avg_channel_size": 2386313.365343786,
    "min_channel_size": "1100",
    "max_channel_size": "16777216"
}
