{
    "graph_diameter": 0,
    "avg_out_degree": 8.55462885738115,
    "max_out_degree": 1031,
    "num_nodes": 3597,
    "num_channels": 30771,
    "total_network_capacity": "73186826068",
    "avg_channel_size": 2378435.0871924865,
    "min_channel_size": "1100",
    "max_channel_size": "16777216"
}
