{
    "graph_diameter": 0,
    "avg_out_degree": 8.535077951002227,
    "max_out_degree": 1025,
    "num_nodes": 3592,
    "num_channels": 30658,
    "total_network_capacity": "73103782694",
    "avg_channel_size": 2384492.879313719,
    "min_channel_size": "1100",
    "max_channel_size": "16777216"
}
