{
    "graph_diameter": 0,
    "avg_out_degree": 8.545530492898914,
    "max_out_degree": 1025,
    "num_nodes": 3591,
    "num_channels": 30687,
    "total_network_capacity": "73192255947",
    "avg_channel_size": 2385122.558314596,
    "min_channel_size": "1100",
    "max_channel_size": "16777216"
}
