{
    "graph_diameter": 0,
    "avg_out_degree": 8.552529182879377,
    "max_out_degree": 1031,
    "num_nodes": 3598,
    "num_channels": 30772,
    "total_network_capacity": "73192826068",
    "avg_channel_size": 2378552.7774600284,
    "min_channel_size": "1100",
    "max_channel_size": "16777216"
}
