{
    "graph_diameter": 0,
    "avg_out_degree": 8.55048678720445,
    "max_out_degree": 1030,
    "num_nodes": 3595,
    "num_channels": 30739,
    "total_network_capacity": "73177435782",
    "avg_channel_size": 2380605.607924786,
    "min_channel_size": "1100",
    "max_channel_size": "16777216"
}
