{
    "graph_diameter": 0,
    "avg_out_degree": 8.550878171173682,
    "max_out_degree": 1029,
    "num_nodes": 3587,
    "num_channels": 30672,
    "total_network_capacity": "73145010192",
    "avg_channel_size": 2384748.6369327074,
    "min_channel_size": "1100",
    "max_channel_size": "16777216"
}
