{
    "graph_diameter": 0,
    "avg_out_degree": 8.54424040066778,
    "max_out_degree": 1026,
    "num_nodes": 3594,
    "num_channels": 30708,
    "total_network_capacity": "73114489126",
    "avg_channel_size": 2380959.0050149797,
    "min_channel_size": "1100",
    "max_channel_size": "16777216"
}
