{
    "graph_diameter": 0,
    "avg_out_degree": 8.548270089285714,
    "max_out_degree": 1027,
    "num_nodes": 3584,
    "num_channels": 30637,
    "total_network_capacity": "73081408402",
    "avg_channel_size": 2385397.0167444595,
    "min_channel_size": "1100",
    "max_channel_size": "16777216"
}
