{
    "graph_diameter": 0,
    "avg_out_degree": 8.550861589772095,
    "max_out_degree": 1026,
    "num_nodes": 3598,
    "num_channels": 30766,
    "total_network_capacity": "73257089409",
    "avg_channel_size": 2381105.4218617957,
    "min_channel_size": "1100",
    "max_channel_size": "16777216"
}
