{
    "graph_diameter": 0,
    "avg_out_degree": 8.549888517279822,
    "max_out_degree": 1030,
    "num_nodes": 3588,
    "num_channels": 30677,
    "total_network_capacity": "73163378525",
    "avg_channel_size": 2384958.7158131497,
    "min_channel_size": "1100",
    "max_channel_size": "16777216"
}
