{
    "graph_diameter": 0,
    "avg_out_degree": 8.551877607788596,
    "max_out_degree": 1026,
    "num_nodes": 3595,
    "num_channels": 30744,
    "total_network_capacity": "73187556931",
    "avg_channel_size": 2380547.6493299506,
    "min_channel_size": "1100",
    "max_channel_size": "16777216"
}
