{
    "graph_diameter": 0,
    "avg_out_degree": 8.549429128376497,
    "max_out_degree": 1029,
    "num_nodes": 3591,
    "num_channels": 30701,
    "total_network_capacity": "73153474143",
    "avg_channel_size": 2382771.7059053453,
    "min_channel_size": "1100",
    "max_channel_size": "16777216"
}
