{
    "graph_diameter": 0,
    "avg_out_degree": 8.548872180451127,
    "max_out_degree": 1029,
    "num_nodes": 3591,
    "num_channels": 30699,
    "total_network_capacity": "73153354143",
    "avg_channel_size": 2382923.031466823,
    "min_channel_size": "1100",
    "max_channel_size": "16777216"
}
