{
    "graph_diameter": 0,
    "avg_out_degree": 8.553049289891396,
    "max_out_degree": 1027,
    "num_nodes": 3591,
    "num_channels": 30714,
    "total_network_capacity": "73229849358",
    "avg_channel_size": 2384249.832584489,
    "min_channel_size": "1100",
    "max_channel_size": "16777216"
}
