{
    "graph_diameter": 0,
    "avg_out_degree": 8.55026455026455,
    "max_out_degree": 1029,
    "num_nodes": 3591,
    "num_channels": 30704,
    "total_network_capacity": "73152017558",
    "avg_channel_size": 2382491.4525143304,
    "min_channel_size": "1100",
    "max_channel_size": "16777216"
}
