{
    "graph_diameter": 0,
    "avg_out_degree": 8.546944444444444,
    "max_out_degree": 1026,
    "num_nodes": 3600,
    "num_channels": 30769,
    "total_network_capacity": "73257911609",
    "avg_channel_size": 2380899.9840423805,
    "min_channel_size": "1100",
    "max_channel_size": "16777216"
}
