{
    "graph_diameter": 0,
    "avg_out_degree": 8.538418708240535,
    "max_out_degree": 1025,
    "num_nodes": 3592,
    "num_channels": 30670,
    "total_network_capacity": "73137800716",
    "avg_channel_size": 2384669.0810564067,
    "min_channel_size": "1100",
    "max_channel_size": "16777216"
}
