{
    "graph_diameter": 0,
    "avg_out_degree": 8.553298079599221,
    "max_out_degree": 1030,
    "num_nodes": 3593,
    "num_channels": 30732,
    "total_network_capacity": "73171295288",
    "avg_channel_size": 2380948.043993232,
    "min_channel_size": "1100",
    "max_channel_size": "16777216"
}
