{
    "graph_diameter": 0,
    "avg_out_degree": 8.77977797779778,
    "max_out_degree": 1007,
    "num_nodes": 3333,
    "num_channels": 29263,
    "total_network_capacity": "71430681112",
    "avg_channel_size": 2440989.6836277894,
    "min_channel_size": "1100",
    "max_channel_size": "16777216"
}
