{
    "graph_diameter": 0,
    "avg_out_degree": 8.694227300060133,
    "max_out_degree": 1008,
    "num_nodes": 3326,
    "num_channels": 28917,
    "total_network_capacity": "71021994751",
    "avg_channel_size": 2456063.725524778,
    "min_channel_size": "1100",
    "max_channel_size": "16777216"
}
