{
    "graph_diameter": 0,
    "avg_out_degree": 8.67107636800962,
    "max_out_degree": 1006,
    "num_nodes": 3326,
    "num_channels": 28840,
    "total_network_capacity": "71005507273",
    "avg_channel_size": 2462049.4893550626,
    "min_channel_size": "1100",
    "max_channel_size": "16777216"
}
