{
    "graph_diameter": 0,
    "avg_out_degree": 8.668872180451128,
    "max_out_degree": 1006,
    "num_nodes": 3325,
    "num_channels": 28824,
    "total_network_capacity": "70982667273",
    "avg_channel_size": 2462623.760512073,
    "min_channel_size": "1100",
    "max_channel_size": "16777216"
}
