{
    "graph_diameter": 0,
    "avg_out_degree": 8.662052362323202,
    "max_out_degree": 1005,
    "num_nodes": 3323,
    "num_channels": 28784,
    "total_network_capacity": "70977448728",
    "avg_channel_size": 2465864.6723179542,
    "min_channel_size": "1100",
    "max_channel_size": "16777216"
}
