{
    "graph_diameter": 0,
    "avg_out_degree": 8.649894546550165,
    "max_out_degree": 1006,
    "num_nodes": 3319,
    "num_channels": 28709,
    "total_network_capacity": "70865025203",
    "avg_channel_size": 2468390.5814552926,
    "min_channel_size": "1100",
    "max_channel_size": "16777216"
}
