{
    "graph_diameter": 0,
    "avg_out_degree": 8.781456953642385,
    "max_out_degree": 1012,
    "num_nodes": 3322,
    "num_channels": 29172,
    "total_network_capacity": "71344928953",
    "avg_channel_size": 2445664.642568216,
    "min_channel_size": "1100",
    "max_channel_size": "16777216"
}
