{
    "graph_diameter": 0,
    "avg_out_degree": 8.641156974992468,
    "max_out_degree": 1003,
    "num_nodes": 3319,
    "num_channels": 28680,
    "total_network_capacity": "70780225529",
    "avg_channel_size": 2467929.7604253837,
    "min_channel_size": "1100",
    "max_channel_size": "16777216"
}
