{
    "graph_diameter": 0,
    "avg_out_degree": 8.645569620253164,
    "max_out_degree": 1006,
    "num_nodes": 3318,
    "num_channels": 28686,
    "total_network_capacity": "70824784730",
    "avg_channel_size": 2468966.908247926,
    "min_channel_size": "1100",
    "max_channel_size": "16777216"
}
