{
    "graph_diameter": 0,
    "avg_out_degree": 8.639951792708647,
    "max_out_degree": 1002,
    "num_nodes": 3319,
    "num_channels": 28676,
    "total_network_capacity": "70773435529",
    "avg_channel_size": 2468037.2272632164,
    "min_channel_size": "1100",
    "max_channel_size": "16777216"
}
