{
    "graph_diameter": 0,
    "avg_out_degree": 8.775037593984962,
    "max_out_degree": 1016,
    "num_nodes": 3325,
    "num_channels": 29177,
    "total_network_capacity": "71356302609",
    "avg_channel_size": 2445635.350070261,
    "min_channel_size": "1100",
    "max_channel_size": "16777216"
}
