{
    "graph_diameter": 0,
    "avg_out_degree": 8.673984962406015,
    "max_out_degree": 1007,
    "num_nodes": 3325,
    "num_channels": 28841,
    "total_network_capacity": "70983067732",
    "avg_channel_size": 2461186.079955619,
    "min_channel_size": "1100",
    "max_channel_size": "16777216"
}
