{
    "graph_diameter": 0,
    "avg_out_degree": 8.653116531165312,
    "max_out_degree": 1006,
    "num_nodes": 3321,
    "num_channels": 28737,
    "total_network_capacity": "70907809300",
    "avg_channel_size": 2467474.311862755,
    "min_channel_size": "1100",
    "max_channel_size": "16777216"
}
