{
    "graph_diameter": 0,
    "avg_out_degree": 8.671480144404333,
    "max_out_degree": 1006,
    "num_nodes": 3324,
    "num_channels": 28824,
    "total_network_capacity": "70983128474",
    "avg_channel_size": 2462639.7611018596,
    "min_channel_size": "1100",
    "max_channel_size": "16777216"
}
