{
    "graph_diameter": 0,
    "avg_out_degree": 8.65833835039133,
    "max_out_degree": 1005,
    "num_nodes": 3322,
    "num_channels": 28763,
    "total_network_capacity": "70951056507",
    "avg_channel_size": 2466747.436185377,
    "min_channel_size": "1100",
    "max_channel_size": "16777216"
}
