{
    "graph_diameter": 0,
    "avg_out_degree": 8.779650812763396,
    "max_out_degree": 1015,
    "num_nodes": 3322,
    "num_channels": 29166,
    "total_network_capacity": "71356875124",
    "avg_channel_size": 2446577.354590962,
    "min_channel_size": "1100",
    "max_channel_size": "16777216"
}
