{
    "graph_diameter": 0,
    "avg_out_degree": 8.662353295215167,
    "max_out_degree": 1005,
    "num_nodes": 3323,
    "num_channels": 28785,
    "total_network_capacity": "70977648728",
    "avg_channel_size": 2465785.955462915,
    "min_channel_size": "1100",
    "max_channel_size": "16777216"
}
