{
    "graph_diameter": 0,
    "avg_out_degree": 8.645268233875829,
    "max_out_degree": 1003,
    "num_nodes": 3318,
    "num_channels": 28685,
    "total_network_capacity": "70827386274",
    "avg_channel_size": 2469143.673487886,
    "min_channel_size": "1100",
    "max_channel_size": "16777216"
}
