{
    "graph_diameter": 0,
    "avg_out_degree": 8.657134256472006,
    "max_out_degree": 1005,
    "num_nodes": 3322,
    "num_channels": 28759,
    "total_network_capacity": "70943520232",
    "avg_channel_size": 2466828.4791543516,
    "min_channel_size": "1100",
    "max_channel_size": "16777216"
}
