{
    "graph_diameter": 0,
    "avg_out_degree": 8.669172932330827,
    "max_out_degree": 1006,
    "num_nodes": 3325,
    "num_channels": 28825,
    "total_network_capacity": "70982767273",
    "avg_channel_size": 2462541.796114484,
    "min_channel_size": "1100",
    "max_channel_size": "16777216"
}
