{
    "graph_diameter": 0,
    "avg_out_degree": 8.78007800780078,
    "max_out_degree": 1008,
    "num_nodes": 3333,
    "num_channels": 29264,
    "total_network_capacity": "71438981112",
    "avg_channel_size": 2441189.895844724,
    "min_channel_size": "1100",
    "max_channel_size": "16777216"
}
