{
    "graph_diameter": 0,
    "avg_out_degree": 8.687011425135298,
    "max_out_degree": 1007,
    "num_nodes": 3326,
    "num_channels": 28893,
    "total_network_capacity": "71011572397",
    "avg_channel_size": 2457743.13491157,
    "min_channel_size": "1100",
    "max_channel_size": "16777216"
}
