{
    "graph_diameter": 0,
    "avg_out_degree": 8.662955160999097,
    "max_out_degree": 1005,
    "num_nodes": 3323,
    "num_channels": 28787,
    "total_network_capacity": "70977548728",
    "avg_channel_size": 2465611.169208323,
    "min_channel_size": "1100",
    "max_channel_size": "16777216"
}
