{
    "graph_diameter": 0,
    "avg_out_degree": 8.656833232992174,
    "max_out_degree": 1005,
    "num_nodes": 3322,
    "num_channels": 28758,
    "total_network_capacity": "70943220232",
    "avg_channel_size": 2466903.8261353364,
    "min_channel_size": "1100",
    "max_channel_size": "16777216"
}
