{
    "graph_diameter": 0,
    "avg_out_degree": 8.783013205282113,
    "max_out_degree": 1007,
    "num_nodes": 3332,
    "num_channels": 29265,
    "total_network_capacity": "71426581112",
    "avg_channel_size": 2440682.764804374,
    "min_channel_size": "1100",
    "max_channel_size": "16777216"
}
