{
    "graph_diameter": 0,
    "avg_out_degree": 8.635131063573365,
    "max_out_degree": 1002,
    "num_nodes": 3319,
    "num_channels": 28660,
    "total_network_capacity": "70760145741",
    "avg_channel_size": 2468951.3517445917,
    "min_channel_size": "1100",
    "max_channel_size": "16777216"
}
