{
    "graph_diameter": 0,
    "avg_out_degree": 8.64477252184393,
    "max_out_degree": 1006,
    "num_nodes": 3319,
    "num_channels": 28692,
    "total_network_capacity": "70847165203",
    "avg_channel_size": 2469230.628851248,
    "min_channel_size": "1100",
    "max_channel_size": "16777216"
}
