{
    "graph_diameter": 0,
    "avg_out_degree": 8.646775165762508,
    "max_out_degree": 1006,
    "num_nodes": 3318,
    "num_channels": 28690,
    "total_network_capacity": "70830622989",
    "avg_channel_size": 2468826.1759846634,
    "min_channel_size": "1100",
    "max_channel_size": "16777216"
}
