{
    "graph_diameter": 0,
    "avg_out_degree": 8.779717123081554,
    "max_out_degree": 1015,
    "num_nodes": 3323,
    "num_channels": 29175,
    "total_network_capacity": "71363144735",
    "avg_channel_size": 2446037.523050557,
    "min_channel_size": "1100",
    "max_channel_size": "16777216"
}
