{
    "graph_diameter": 0,
    "avg_out_degree": 8.66837195305447,
    "max_out_degree": 1005,
    "num_nodes": 3323,
    "num_channels": 28805,
    "total_network_capacity": "70990187811",
    "avg_channel_size": 2464509.2105884394,
    "min_channel_size": "1100",
    "max_channel_size": "16777216"
}
