{
    "graph_diameter": 0,
    "avg_out_degree": 8.782857142857143,
    "max_out_degree": 1011,
    "num_nodes": 3325,
    "num_channels": 29203,
    "total_network_capacity": "71347935055",
    "avg_channel_size": 2443171.4226278123,
    "min_channel_size": "1100",
    "max_channel_size": "16777216"
}
