{
    "graph_diameter": 0,
    "avg_out_degree": 8.779650812763396,
    "max_out_degree": 1012,
    "num_nodes": 3322,
    "num_channels": 29166,
    "total_network_capacity": "71345944190",
    "avg_channel_size": 2446202.5711444835,
    "min_channel_size": "1100",
    "max_channel_size": "16777216"
}
