{
    "graph_diameter": 0,
    "avg_out_degree": 8.670174383644017,
    "max_out_degree": 1006,
    "num_nodes": 3326,
    "num_channels": 28837,
    "total_network_capacity": "71005349579",
    "avg_channel_size": 2462300.155321289,
    "min_channel_size": "1100",
    "max_channel_size": "16777216"
}
