{
    "graph_diameter": 0,
    "avg_out_degree": 8.64367469879518,
    "max_out_degree": 1003,
    "num_nodes": 3320,
    "num_channels": 28697,
    "total_network_capacity": "70827188214",
    "avg_channel_size": 2468104.2692267485,
    "min_channel_size": "1100",
    "max_channel_size": "16777216"
}
