{
    "graph_diameter": 0,
    "avg_out_degree": 8.783328317785134,
    "max_out_degree": 1011,
    "num_nodes": 3323,
    "num_channels": 29187,
    "total_network_capacity": "71358592670",
    "avg_channel_size": 2444875.8923493335,
    "min_channel_size": "1100",
    "max_channel_size": "16777216"
}
