{
    "graph_diameter": 0,
    "avg_out_degree": 8.67077570655442,
    "max_out_degree": 1007,
    "num_nodes": 3326,
    "num_channels": 28839,
    "total_network_capacity": "70976360458",
    "avg_channel_size": 2461124.188009293,
    "min_channel_size": "1100",
    "max_channel_size": "16777216"
}
