{
    "graph_diameter": 0,
    "avg_out_degree": 8.77563909774436,
    "max_out_degree": 1015,
    "num_nodes": 3325,
    "num_channels": 29179,
    "total_network_capacity": "71368064777",
    "avg_channel_size": 2445870.824120086,
    "min_channel_size": "1100",
    "max_channel_size": "16777216"
}
