{
    "graph_diameter": 0,
    "avg_out_degree": 8.692723992784124,
    "max_out_degree": 1008,
    "num_nodes": 3326,
    "num_channels": 28912,
    "total_network_capacity": "71013112397",
    "avg_channel_size": 2456181.253355008,
    "min_channel_size": "1100",
    "max_channel_size": "16777216"
}
