{
    "graph_diameter": 0,
    "avg_out_degree": 8.671179302045728,
    "max_out_degree": 1006,
    "num_nodes": 3324,
    "num_channels": 28823,
    "total_network_capacity": "70982110146",
    "avg_channel_size": 2462689.8707976267,
    "min_channel_size": "1100",
    "max_channel_size": "16777216"
}
