{
    "graph_diameter": 0,
    "avg_out_degree": 8.694527961515334,
    "max_out_degree": 1008,
    "num_nodes": 3326,
    "num_channels": 28918,
    "total_network_capacity": "71020514751",
    "avg_channel_size": 2455927.614323259,
    "min_channel_size": "1100",
    "max_channel_size": "16777216"
}
