{
    "graph_diameter": 0,
    "avg_out_degree": 8.660547697863377,
    "max_out_degree": 1005,
    "num_nodes": 3323,
    "num_channels": 28779,
    "total_network_capacity": "70963848728",
    "avg_channel_size": 2465820.519406512,
    "min_channel_size": "1100",
    "max_channel_size": "16777216"
}
