{
    "graph_diameter": 0,
    "avg_out_degree": 8.787087087087087,
    "max_out_degree": 1009,
    "num_nodes": 3330,
    "num_channels": 29261,
    "total_network_capacity": "71415189372",
    "avg_channel_size": 2440627.093127371,
    "min_channel_size": "1100",
    "max_channel_size": "16777216"
}
