{
    "graph_diameter": 0,
    "avg_out_degree": 8.781155930162553,
    "max_out_degree": 1014,
    "num_nodes": 3322,
    "num_channels": 29171,
    "total_network_capacity": "71353494190",
    "avg_channel_size": 2446042.1031161086,
    "min_channel_size": "1100",
    "max_channel_size": "16777216"
}
