{
    "graph_diameter": 0,
    "avg_out_degree": 8.79212976869931,
    "max_out_degree": 1009,
    "num_nodes": 3329,
    "num_channels": 29269,
    "total_network_capacity": "71407429425",
    "avg_channel_size": 2439694.879394581,
    "min_channel_size": "1100",
    "max_channel_size": "16777216"
}
