{
    "graph_diameter": 0,
    "avg_out_degree": 8.77624060150376,
    "max_out_degree": 1016,
    "num_nodes": 3325,
    "num_channels": 29181,
    "total_network_capacity": "71368564777",
    "avg_channel_size": 2445720.3240807373,
    "min_channel_size": "1100",
    "max_channel_size": "16777216"
}
