{
    "graph_diameter": 0,
    "avg_out_degree": 8.64959325097921,
    "max_out_degree": 1006,
    "num_nodes": 3319,
    "num_channels": 28708,
    "total_network_capacity": "70860612611",
    "avg_channel_size": 2468322.858123171,
    "min_channel_size": "1100",
    "max_channel_size": "16777216"
}
