{
    "graph_diameter": 0,
    "avg_out_degree": 8.77593984962406,
    "max_out_degree": 1015,
    "num_nodes": 3325,
    "num_channels": 29180,
    "total_network_capacity": "71368564777",
    "avg_channel_size": 2445804.139033585,
    "min_channel_size": "1100",
    "max_channel_size": "16777216"
}
