{
    "graph_diameter": 0,
    "avg_out_degree": 8.670475045099218,
    "max_out_degree": 1007,
    "num_nodes": 3326,
    "num_channels": 28838,
    "total_network_capacity": "71005599579",
    "avg_channel_size": 2462223.4405645328,
    "min_channel_size": "1100",
    "max_channel_size": "16777216"
}
