{
    "graph_diameter": 0,
    "avg_out_degree": 8.782948063644552,
    "max_out_degree": 1007,
    "num_nodes": 3331,
    "num_channels": 29256,
    "total_network_capacity": "71375244993",
    "avg_channel_size": 2439678.869052502,
    "min_channel_size": "1100",
    "max_channel_size": "16777216"
}
