{
    "graph_diameter": 0,
    "avg_out_degree": 8.782190132370637,
    "max_out_degree": 1012,
    "num_nodes": 3324,
    "num_channels": 29192,
    "total_network_capacity": "71360168652",
    "avg_channel_size": 2444511.1212661,
    "min_channel_size": "1100",
    "max_channel_size": "16777216"
}
