{
    "graph_diameter": 0,
    "avg_out_degree": 8.782112845138055,
    "max_out_degree": 1007,
    "num_nodes": 3332,
    "num_channels": 29262,
    "total_network_capacity": "71380067512",
    "avg_channel_size": 2439343.432164582,
    "min_channel_size": "1100",
    "max_channel_size": "16777216"
}
