{
    "graph_diameter": 0,
    "avg_out_degree": 8.757894736842106,
    "max_out_degree": 1008,
    "num_nodes": 3325,
    "num_channels": 29120,
    "total_network_capacity": "71289811260",
    "avg_channel_size": 2448139.1229395606,
    "min_channel_size": "1100",
    "max_channel_size": "16777216"
}
