{
    "graph_diameter": 0,
    "avg_out_degree": 8.644665461121157,
    "max_out_degree": 1006,
    "num_nodes": 3318,
    "num_channels": 28683,
    "total_network_capacity": "70819434730",
    "avg_channel_size": 2469038.6197399157,
    "min_channel_size": "1100",
    "max_channel_size": "16777216"
}
