{
    "graph_diameter": 0,
    "avg_out_degree": 8.639759036144579,
    "max_out_degree": 1003,
    "num_nodes": 3320,
    "num_channels": 28684,
    "total_network_capacity": "70786004339",
    "avg_channel_size": 2467787.070806024,
    "min_channel_size": "1100",
    "max_channel_size": "16777216"
}
