{
    "graph_diameter": 0,
    "avg_out_degree": 8.6876127480457,
    "max_out_degree": 1008,
    "num_nodes": 3326,
    "num_channels": 28895,
    "total_network_capacity": "71012372397",
    "avg_channel_size": 2457600.7059006747,
    "min_channel_size": "1100",
    "max_channel_size": "16777216"
}
