{
    "graph_diameter": 0,
    "avg_out_degree": 8.649397590361446,
    "max_out_degree": 1006,
    "num_nodes": 3320,
    "num_channels": 28716,
    "total_network_capacity": "70871715738",
    "avg_channel_size": 2468021.8602173002,
    "min_channel_size": "1100",
    "max_channel_size": "16777216"
}
