{
    "graph_diameter": 0,
    "avg_out_degree": 8.667769092002406,
    "max_out_degree": 1006,
    "num_nodes": 3326,
    "num_channels": 28829,
    "total_network_capacity": "71000034488",
    "avg_channel_size": 2462799.0734330015,
    "min_channel_size": "1100",
    "max_channel_size": "16777216"
}
