{
    "graph_diameter": 0,
    "avg_out_degree": 8.78391356542617,
    "max_out_degree": 1007,
    "num_nodes": 3332,
    "num_channels": 29268,
    "total_network_capacity": "71388737512",
    "avg_channel_size": 2439139.589722564,
    "min_channel_size": "1100",
    "max_channel_size": "16777216"
}
