{
    "graph_diameter": 0,
    "avg_out_degree": 8.78552117753079,
    "max_out_degree": 1009,
    "num_nodes": 3329,
    "num_channels": 29247,
    "total_network_capacity": "71408522494",
    "avg_channel_size": 2441567.425513728,
    "min_channel_size": "1100",
    "max_channel_size": "16777216"
}
