{
    "graph_diameter": 0,
    "avg_out_degree": 8.646172393007836,
    "max_out_degree": 1006,
    "num_nodes": 3318,
    "num_channels": 28688,
    "total_network_capacity": "70830242989",
    "avg_channel_size": 2468985.0456288345,
    "min_channel_size": "1100",
    "max_channel_size": "16777216"
}
