{
    "graph_diameter": 0,
    "avg_out_degree": 8.687312086590499,
    "max_out_degree": 1008,
    "num_nodes": 3326,
    "num_channels": 28894,
    "total_network_capacity": "71012072397",
    "avg_channel_size": 2457675.3788675847,
    "min_channel_size": "1100",
    "max_channel_size": "16777216"
}
