{
    "graph_diameter": 0,
    "avg_out_degree": 8.787687687687688,
    "max_out_degree": 1009,
    "num_nodes": 3330,
    "num_channels": 29263,
    "total_network_capacity": "71417503997",
    "avg_channel_size": 2440539.384102792,
    "min_channel_size": "1100",
    "max_channel_size": "16777216"
}
