{
    "graph_diameter": 0,
    "avg_out_degree": 8.788461538461538,
    "max_out_degree": 1010,
    "num_nodes": 3328,
    "num_channels": 29248,
    "total_network_capacity": "71410842494",
    "avg_channel_size": 2441563.2690782277,
    "min_channel_size": "1100",
    "max_channel_size": "16777216"
}
