{
    "graph_diameter": 0,
    "avg_out_degree": 8.782412965186074,
    "max_out_degree": 1007,
    "num_nodes": 3332,
    "num_channels": 29263,
    "total_network_capacity": "71380367512",
    "avg_channel_size": 2439270.324710385,
    "min_channel_size": "1100",
    "max_channel_size": "16777216"
}
