{
    "graph_diameter": 0,
    "avg_out_degree": 8.792730549714628,
    "max_out_degree": 1009,
    "num_nodes": 3329,
    "num_channels": 29271,
    "total_network_capacity": "71415429425",
    "avg_channel_size": 2439801.490382973,
    "min_channel_size": "1100",
    "max_channel_size": "16777216"
}
