{
    "graph_diameter": 0,
    "avg_out_degree": 8.778747742323901,
    "max_out_degree": 1012,
    "num_nodes": 3322,
    "num_channels": 29163,
    "total_network_capacity": "71345647547",
    "avg_channel_size": 2446444.0402907794,
    "min_channel_size": "1100",
    "max_channel_size": "16777216"
}
