{
    "graph_diameter": 0,
    "avg_out_degree": 8.648192771084338,
    "max_out_degree": 1006,
    "num_nodes": 3320,
    "num_channels": 28712,
    "total_network_capacity": "70863712611",
    "avg_channel_size": 2468086.953573419,
    "min_channel_size": "1100",
    "max_channel_size": "16777216"
}
