{
    "graph_diameter": 0,
    "avg_out_degree": 8.775737507525587,
    "max_out_degree": 1014,
    "num_nodes": 3322,
    "num_channels": 29153,
    "total_network_capacity": "71345331720",
    "avg_channel_size": 2447272.380887044,
    "min_channel_size": "1100",
    "max_channel_size": "16777216"
}
