{
    "graph_diameter": 0,
    "avg_out_degree": 8.7890625,
    "max_out_degree": 1010,
    "num_nodes": 3328,
    "num_channels": 29250,
    "total_network_capacity": "71411092494",
    "avg_channel_size": 2441404.8715897435,
    "min_channel_size": "1100",
    "max_channel_size": "16777216"
}
