{
    "graph_diameter": 0,
    "avg_out_degree": 8.67258501354198,
    "max_out_degree": 1006,
    "num_nodes": 3323,
    "num_channels": 28819,
    "total_network_capacity": "70980920928",
    "avg_channel_size": 2462990.4204864847,
    "min_channel_size": "1100",
    "max_channel_size": "16777216"
}
