{
    "graph_diameter": 0,
    "avg_out_degree": 8.647289156626506,
    "max_out_degree": 1006,
    "num_nodes": 3320,
    "num_channels": 28709,
    "total_network_capacity": "70861612611",
    "avg_channel_size": 2468271.7130864887,
    "min_channel_size": "1100",
    "max_channel_size": "16777216"
}
