{
    "graph_diameter": 0,
    "avg_out_degree": 8.663256093891063,
    "max_out_degree": 1005,
    "num_nodes": 3323,
    "num_channels": 28788,
    "total_network_capacity": "70977748728",
    "avg_channel_size": 2465532.469362234,
    "min_channel_size": "1100",
    "max_channel_size": "16777216"
}
