{
    "graph_diameter": 0,
    "avg_out_degree": 8.674684305472038,
    "max_out_degree": 1007,
    "num_nodes": 3326,
    "num_channels": 28852,
    "total_network_capacity": "70989106820",
    "avg_channel_size": 2460457.050464439,
    "min_channel_size": "1100",
    "max_channel_size": "16777216"
}
