{
    "graph_diameter": 0,
    "avg_out_degree": 8.787924301592069,
    "max_out_degree": 1007,
    "num_nodes": 3329,
    "num_channels": 29255,
    "total_network_capacity": "71421140901",
    "avg_channel_size": 2441331.085318749,
    "min_channel_size": "1100",
    "max_channel_size": "16777216"
}
