{
    "graph_diameter": 0,
    "avg_out_degree": 8.694828622970535,
    "max_out_degree": 1008,
    "num_nodes": 3326,
    "num_channels": 28919,
    "total_network_capacity": "71023544751",
    "avg_channel_size": 2455947.4653687887,
    "min_channel_size": "1100",
    "max_channel_size": "16777216"
}
