{
    "graph_diameter": 0,
    "avg_out_degree": 8.63000903886713,
    "max_out_degree": 1002,
    "num_nodes": 3319,
    "num_channels": 28643,
    "total_network_capacity": "70741578933",
    "avg_channel_size": 2469768.4925810844,
    "min_channel_size": "1100",
    "max_channel_size": "16777216"
}
