{
    "graph_diameter": 0,
    "avg_out_degree": 8.783313325330132,
    "max_out_degree": 1007,
    "num_nodes": 3332,
    "num_channels": 29266,
    "total_network_capacity": "71388265126",
    "avg_channel_size": 2439290.136199002,
    "min_channel_size": "1100",
    "max_channel_size": "16777216"
}
