{
    "graph_diameter": 0,
    "avg_out_degree": 8.783613445378151,
    "max_out_degree": 1007,
    "num_nodes": 3332,
    "num_channels": 29267,
    "total_network_capacity": "71388865126",
    "avg_channel_size": 2439227.291010353,
    "min_channel_size": "1100",
    "max_channel_size": "16777216"
}
