{
    "graph_diameter": 0,
    "avg_out_degree": 8.779416190189588,
    "max_out_degree": 1012,
    "num_nodes": 3323,
    "num_channels": 29174,
    "total_network_capacity": "71327552958",
    "avg_channel_size": 2444901.383355042,
    "min_channel_size": "1100",
    "max_channel_size": "16777216"
}
