{
    "graph_diameter": 0,
    "avg_out_degree": 8.666065524496544,
    "max_out_degree": 1006,
    "num_nodes": 3327,
    "num_channels": 28832,
    "total_network_capacity": "71004244488",
    "avg_channel_size": 2462688.8349056602,
    "min_channel_size": "1100",
    "max_channel_size": "16777216"
}
