{
    "graph_diameter": 0,
    "avg_out_degree": 8.78158844765343,
    "max_out_degree": 1012,
    "num_nodes": 3324,
    "num_channels": 29190,
    "total_network_capacity": "71359918652",
    "avg_channel_size": 2444670.046317232,
    "min_channel_size": "1100",
    "max_channel_size": "16777216"
}
