{
    "graph_diameter": 0,
    "avg_out_degree": 8.64367469879518,
    "max_out_degree": 1003,
    "num_nodes": 3320,
    "num_channels": 28697,
    "total_network_capacity": "70823723736",
    "avg_channel_size": 2467983.543088128,
    "min_channel_size": "1100",
    "max_channel_size": "16777216"
}
