{
    "graph_diameter": 0,
    "avg_out_degree": 8.76333628057766,
    "max_out_degree": 995,
    "num_nodes": 3393,
    "num_channels": 29734,
    "total_network_capacity": "71750200863",
    "avg_channel_size": 2413069.242718773,
    "min_channel_size": "1100",
    "max_channel_size": "16777216"
}
