{
    "graph_diameter": 0,
    "avg_out_degree": 8.759799587385794,
    "max_out_degree": 995,
    "num_nodes": 3393,
    "num_channels": 29722,
    "total_network_capacity": "71731950863",
    "avg_channel_size": 2413429.475237198,
    "min_channel_size": "1100",
    "max_channel_size": "16777216"
}
