{
    "graph_diameter": 0,
    "avg_out_degree": 8.769253467099439,
    "max_out_degree": 997,
    "num_nodes": 3389,
    "num_channels": 29719,
    "total_network_capacity": "71754061405",
    "avg_channel_size": 2414417.086880447,
    "min_channel_size": "1100",
    "max_channel_size": "16777216"
}
