{
    "graph_diameter": 0,
    "avg_out_degree": 8.758823529411766,
    "max_out_degree": 995,
    "num_nodes": 3400,
    "num_channels": 29780,
    "total_network_capacity": "71798419704",
    "avg_channel_size": 2410961.037743452,
    "min_channel_size": "1100",
    "max_channel_size": "16777216"
}
