{
    "graph_diameter": 0,
    "avg_out_degree": 8.763631005010316,
    "max_out_degree": 995,
    "num_nodes": 3393,
    "num_channels": 29735,
    "total_network_capacity": "71744434346",
    "avg_channel_size": 2412794.159946191,
    "min_channel_size": "1100",
    "max_channel_size": "16777216"
}
