{
    "graph_diameter": 0,
    "avg_out_degree": 8.776242281681858,
    "max_out_degree": 996,
    "num_nodes": 3401,
    "num_channels": 29848,
    "total_network_capacity": "72026246364",
    "avg_channel_size": 2413101.258509783,
    "min_channel_size": "1100",
    "max_channel_size": "16777216"
}
