{
    "graph_diameter": 0,
    "avg_out_degree": 8.76394216583063,
    "max_out_degree": 996,
    "num_nodes": 3389,
    "num_channels": 29701,
    "total_network_capacity": "71798976284",
    "avg_channel_size": 2417392.5552674993,
    "min_channel_size": "1100",
    "max_channel_size": "16777216"
}
