{
    "graph_diameter": 0,
    "avg_out_degree": 8.774705882352942,
    "max_out_degree": 996,
    "num_nodes": 3400,
    "num_channels": 29834,
    "total_network_capacity": "71980542872",
    "avg_channel_size": 2412701.71187236,
    "min_channel_size": "1100",
    "max_channel_size": "16777216"
}
