{
    "graph_diameter": 0,
    "avg_out_degree": 8.760837511058686,
    "max_out_degree": 996,
    "num_nodes": 3391,
    "num_channels": 29708,
    "total_network_capacity": "71807154865",
    "avg_channel_size": 2417098.251817692,
    "min_channel_size": "1100",
    "max_channel_size": "16777216"
}
