{
    "graph_diameter": 0,
    "avg_out_degree": 8.781554832988471,
    "max_out_degree": 997,
    "num_nodes": 3383,
    "num_channels": 29708,
    "total_network_capacity": "71751646536",
    "avg_channel_size": 2415229.7878012657,
    "min_channel_size": "1100",
    "max_channel_size": "16777216"
}
