{
    "graph_diameter": 0,
    "avg_out_degree": 8.765053128689493,
    "max_out_degree": 996,
    "num_nodes": 3388,
    "num_channels": 29696,
    "total_network_capacity": "71795526284",
    "avg_channel_size": 2417683.4012661637,
    "min_channel_size": "1100",
    "max_channel_size": "16777216"
}
