{
    "graph_diameter": 0,
    "avg_out_degree": 8.781764705882352,
    "max_out_degree": 996,
    "num_nodes": 3400,
    "num_channels": 29858,
    "total_network_capacity": "72150551407",
    "avg_channel_size": 2416456.273260098,
    "min_channel_size": "1100",
    "max_channel_size": "16777216"
}
