{
    "graph_diameter": 0,
    "avg_out_degree": 8.77314134587129,
    "max_out_degree": 996,
    "num_nodes": 3403,
    "num_channels": 29855,
    "total_network_capacity": "72134788391",
    "avg_channel_size": 2416171.106715793,
    "min_channel_size": "1100",
    "max_channel_size": "16777216"
}
