{
    "graph_diameter": 0,
    "avg_out_degree": 8.764499121265377,
    "max_out_degree": 1002,
    "num_nodes": 3414,
    "num_channels": 29922,
    "total_network_capacity": "72193862159",
    "avg_channel_size": 2412735.18344362,
    "min_channel_size": "1100",
    "max_channel_size": "16777216"
}
