{
    "graph_diameter": 0,
    "avg_out_degree": 8.764827382708763,
    "max_out_degree": 995,
    "num_nodes": 3389,
    "num_channels": 29704,
    "total_network_capacity": "71679617551",
    "avg_channel_size": 2413130.135705629,
    "min_channel_size": "1100",
    "max_channel_size": "16777216"
}
