{
    "graph_diameter": 0,
    "avg_out_degree": 8.765505020673361,
    "max_out_degree": 996,
    "num_nodes": 3386,
    "num_channels": 29680,
    "total_network_capacity": "71781961361",
    "avg_channel_size": 2418529.6954514827,
    "min_channel_size": "1100",
    "max_channel_size": "16777216"
}
