{
    "graph_diameter": 0,
    "avg_out_degree": 8.772713907674213,
    "max_out_degree": 996,
    "num_nodes": 3401,
    "num_channels": 29836,
    "total_network_capacity": "71975967872",
    "avg_channel_size": 2412386.6427135007,
    "min_channel_size": "1100",
    "max_channel_size": "16777216"
}
