{
    "graph_diameter": 0,
    "avg_out_degree": 8.778594531020287,
    "max_out_degree": 995,
    "num_nodes": 3401,
    "num_channels": 29856,
    "total_network_capacity": "72100073511",
    "avg_channel_size": 2414927.4353898712,
    "min_channel_size": "1100",
    "max_channel_size": "16777216"
}
