{
    "graph_diameter": 0,
    "avg_out_degree": 8.764723117491943,
    "max_out_degree": 1002,
    "num_nodes": 3413,
    "num_channels": 29914,
    "total_network_capacity": "72152300147",
    "avg_channel_size": 2411991.0458982415,
    "min_channel_size": "1100",
    "max_channel_size": "16777216"
}
