{
    "graph_diameter": 0,
    "avg_out_degree": 8.77456476836825,
    "max_out_degree": 997,
    "num_nodes": 3389,
    "num_channels": 29737,
    "total_network_capacity": "71781830858",
    "avg_channel_size": 2413889.4595285333,
    "min_channel_size": "1100",
    "max_channel_size": "16777216"
}
