{
    "graph_diameter": 0,
    "avg_out_degree": 8.79171597633136,
    "max_out_degree": 997,
    "num_nodes": 3380,
    "num_channels": 29716,
    "total_network_capacity": "71776050556",
    "avg_channel_size": 2415400.8128954098,
    "min_channel_size": "1100",
    "max_channel_size": "16777216"
}
