{
    "graph_diameter": 0,
    "avg_out_degree": 8.76764705882353,
    "max_out_degree": 995,
    "num_nodes": 3400,
    "num_channels": 29810,
    "total_network_capacity": "71822139949",
    "avg_channel_size": 2409330.424320698,
    "min_channel_size": "1100",
    "max_channel_size": "16777216"
}
