{
    "graph_diameter": 0,
    "avg_out_degree": 8.775132275132275,
    "max_out_degree": 996,
    "num_nodes": 3402,
    "num_channels": 29853,
    "total_network_capacity": "72121788391",
    "avg_channel_size": 2415897.5108364318,
    "min_channel_size": "1100",
    "max_channel_size": "16777216"
}
