{
    "graph_diameter": 0,
    "avg_out_degree": 8.777843426883308,
    "max_out_degree": 996,
    "num_nodes": 3385,
    "num_channels": 29713,
    "total_network_capacity": "71752696536",
    "avg_channel_size": 2414858.6994244945,
    "min_channel_size": "1100",
    "max_channel_size": "16777216"
}
