{
    "graph_diameter": 0,
    "avg_out_degree": 8.782146024238841,
    "max_out_degree": 996,
    "num_nodes": 3383,
    "num_channels": 29710,
    "total_network_capacity": "71752406536",
    "avg_channel_size": 2415092.781420397,
    "min_channel_size": "1100",
    "max_channel_size": "16777216"
}
