{
    "graph_diameter": 0,
    "avg_out_degree": 8.772007042253522,
    "max_out_degree": 1001,
    "num_nodes": 3408,
    "num_channels": 29895,
    "total_network_capacity": "72174345217",
    "avg_channel_size": 2414261.422211072,
    "min_channel_size": "1100",
    "max_channel_size": "16777216"
}
