{
    "graph_diameter": 0,
    "avg_out_degree": 8.763412489006157,
    "max_out_degree": 1001,
    "num_nodes": 3411,
    "num_channels": 29892,
    "total_network_capacity": "72152282527",
    "avg_channel_size": 2413765.6405392746,
    "min_channel_size": "1100",
    "max_channel_size": "16777216"
}
