{
    "graph_diameter": 0,
    "avg_out_degree": 8.764028352037803,
    "max_out_degree": 996,
    "num_nodes": 3386,
    "num_channels": 29675,
    "total_network_capacity": "71776821362",
    "avg_channel_size": 2418763.988609941,
    "min_channel_size": "1100",
    "max_channel_size": "16777216"
}
