{
    "graph_diameter": 0,
    "avg_out_degree": 8.780588235294118,
    "max_out_degree": 996,
    "num_nodes": 3400,
    "num_channels": 29854,
    "total_network_capacity": "72148812490",
    "avg_channel_size": 2416721.795739264,
    "min_channel_size": "1100",
    "max_channel_size": "16777216"
}
