{
    "graph_diameter": 0,
    "avg_out_degree": 8.766509433962264,
    "max_out_degree": 995,
    "num_nodes": 3392,
    "num_channels": 29736,
    "total_network_capacity": "71741869398",
    "avg_channel_size": 2412626.7621065374,
    "min_channel_size": "1100",
    "max_channel_size": "16777216"
}
