{
    "graph_diameter": 0,
    "avg_out_degree": 8.777124375183769,
    "max_out_degree": 995,
    "num_nodes": 3401,
    "num_channels": 29851,
    "total_network_capacity": "72093495980",
    "avg_channel_size": 2415111.5868815114,
    "min_channel_size": "1100",
    "max_channel_size": "16777216"
}
