{
    "graph_diameter": 0,
    "avg_out_degree": 8.787403903015967,
    "max_out_degree": 997,
    "num_nodes": 3382,
    "num_channels": 29719,
    "total_network_capacity": "71763644245",
    "avg_channel_size": 2414739.535145866,
    "min_channel_size": "1100",
    "max_channel_size": "16777216"
}
