{
    "graph_diameter": 0,
    "avg_out_degree": 8.7626870049868,
    "max_out_degree": 1001,
    "num_nodes": 3409,
    "num_channels": 29872,
    "total_network_capacity": "72149358477",
    "avg_channel_size": 2415283.826894751,
    "min_channel_size": "1100",
    "max_channel_size": "16777216"
}
