{
    "graph_diameter": 0,
    "avg_out_degree": 8.76526098496019,
    "max_out_degree": 995,
    "num_nodes": 3391,
    "num_channels": 29723,
    "total_network_capacity": "71708790898",
    "avg_channel_size": 2412569.0844800323,
    "min_channel_size": "1100",
    "max_channel_size": "16777216"
}
