{
    "graph_diameter": 0,
    "avg_out_degree": 8.769953051643192,
    "max_out_degree": 1000,
    "num_nodes": 3408,
    "num_channels": 29888,
    "total_network_capacity": "72168437135",
    "avg_channel_size": 2414629.1867973767,
    "min_channel_size": "1100",
    "max_channel_size": "16777216"
}
