{
    "graph_diameter": 0,
    "avg_out_degree": 8.778400708173503,
    "max_out_degree": 997,
    "num_nodes": 3389,
    "num_channels": 29750,
    "total_network_capacity": "71790091672",
    "avg_channel_size": 2413112.325109244,
    "min_channel_size": "1100",
    "max_channel_size": "16777216"
}
