{
    "graph_diameter": 0,
    "avg_out_degree": 8.76002358490566,
    "max_out_degree": 995,
    "num_nodes": 3392,
    "num_channels": 29714,
    "total_network_capacity": "71695259083",
    "avg_channel_size": 2412844.4195665345,
    "min_channel_size": "1100",
    "max_channel_size": "16777216"
}
