{
    "graph_diameter": 0,
    "avg_out_degree": 8.75927015891701,
    "max_out_degree": 995,
    "num_nodes": 3398,
    "num_channels": 29764,
    "total_network_capacity": "71764926403",
    "avg_channel_size": 2411131.7834632443,
    "min_channel_size": "1100",
    "max_channel_size": "16777216"
}
