{
    "graph_diameter": 0,
    "avg_out_degree": 8.772233636630467,
    "max_out_degree": 1000,
    "num_nodes": 3407,
    "num_channels": 29887,
    "total_network_capacity": "72168137135",
    "avg_channel_size": 2414699.940944223,
    "min_channel_size": "1100",
    "max_channel_size": "16777216"
}
