{
    "graph_diameter": 0,
    "avg_out_degree": 8.774838330393885,
    "max_out_degree": 996,
    "num_nodes": 3402,
    "num_channels": 29852,
    "total_network_capacity": "72118989283",
    "avg_channel_size": 2415884.6738241995,
    "min_channel_size": "1100",
    "max_channel_size": "16777216"
}
