{
    "graph_diameter": 0,
    "avg_out_degree": 8.79106244451021,
    "max_out_degree": 997,
    "num_nodes": 3379,
    "num_channels": 29705,
    "total_network_capacity": "71741089275",
    "avg_channel_size": 2415118.3058407675,
    "min_channel_size": "1100",
    "max_channel_size": "16777216"
}
