{
    "graph_diameter": 0,
    "avg_out_degree": 8.773250664304694,
    "max_out_degree": 996,
    "num_nodes": 3387,
    "num_channels": 29715,
    "total_network_capacity": "71751176371",
    "avg_channel_size": 2414645.0065959953,
    "min_channel_size": "1100",
    "max_channel_size": "16777216"
}
