{
    "graph_diameter": 0,
    "avg_out_degree": 8.788586635127144,
    "max_out_degree": 997,
    "num_nodes": 3382,
    "num_channels": 29723,
    "total_network_capacity": "71758008872",
    "avg_channel_size": 2414224.9729838846,
    "min_channel_size": "1100",
    "max_channel_size": "16777216"
}
