{
    "graph_diameter": 0,
    "avg_out_degree": 8.764914353219138,
    "max_out_degree": 996,
    "num_nodes": 3386,
    "num_channels": 29678,
    "total_network_capacity": "71780061362",
    "avg_channel_size": 2418628.6596805714,
    "min_channel_size": "1100",
    "max_channel_size": "16777216"
}
