{
    "graph_diameter": 0,
    "avg_out_degree": 8.76530911221799,
    "max_out_degree": 1000,
    "num_nodes": 3413,
    "num_channels": 29916,
    "total_network_capacity": "72141097713",
    "avg_channel_size": 2411455.332029683,
    "min_channel_size": "1100",
    "max_channel_size": "16777216"
}
