{
    "graph_diameter": 0,
    "avg_out_degree": 8.760247714538485,
    "max_out_degree": 996,
    "num_nodes": 3391,
    "num_channels": 29706,
    "total_network_capacity": "71805854865",
    "avg_channel_size": 2417217.2242981214,
    "min_channel_size": "1100",
    "max_channel_size": "16777216"
}
