{
    "graph_diameter": 0,
    "avg_out_degree": 8.778823529411765,
    "max_out_degree": 996,
    "num_nodes": 3400,
    "num_channels": 29848,
    "total_network_capacity": "72029206890",
    "avg_channel_size": 2413200.4452559636,
    "min_channel_size": "1100",
    "max_channel_size": "16777216"
}
