{
    "graph_diameter": 0,
    "avg_out_degree": 8.763421828908555,
    "max_out_degree": 996,
    "num_nodes": 3390,
    "num_channels": 29708,
    "total_network_capacity": "71700120850",
    "avg_channel_size": 2413495.3833984113,
    "min_channel_size": "1100",
    "max_channel_size": "16777216"
}
