{
    "graph_diameter": 0,
    "avg_out_degree": 8.764619019492025,
    "max_out_degree": 996,
    "num_nodes": 3386,
    "num_channels": 29677,
    "total_network_capacity": "71776861362",
    "avg_channel_size": 2418602.3304916266,
    "min_channel_size": "1100",
    "max_channel_size": "16777216"
}
