{
    "graph_diameter": 0,
    "avg_out_degree": 8.781850428613657,
    "max_out_degree": 997,
    "num_nodes": 3383,
    "num_channels": 29709,
    "total_network_capacity": "71752646536",
    "avg_channel_size": 2415182.151401932,
    "min_channel_size": "1100",
    "max_channel_size": "16777216"
}
