{
    "graph_diameter": 0,
    "avg_out_degree": 8.782017154687962,
    "max_out_degree": 997,
    "num_nodes": 3381,
    "num_channels": 29692,
    "total_network_capacity": "71708471844",
    "avg_channel_size": 2415077.1872558263,
    "min_channel_size": "1100",
    "max_channel_size": "16777216"
}
