{
    "graph_diameter": 0,
    "avg_out_degree": 8.763119319847553,
    "max_out_degree": 1001,
    "num_nodes": 3411,
    "num_channels": 29891,
    "total_network_capacity": "72151006723",
    "avg_channel_size": 2413803.710916329,
    "min_channel_size": "1100",
    "max_channel_size": "16777216"
}
