{
    "graph_diameter": 0,
    "avg_out_degree": 8.788882318154938,
    "max_out_degree": 997,
    "num_nodes": 3382,
    "num_channels": 29724,
    "total_network_capacity": "71759008872",
    "avg_channel_size": 2414177.3944287444,
    "min_channel_size": "1100",
    "max_channel_size": "16777216"
}
