{
    "graph_diameter": 0,
    "avg_out_degree": 8.769072769953052,
    "max_out_degree": 1000,
    "num_nodes": 3408,
    "num_channels": 29885,
    "total_network_capacity": "72167859367",
    "avg_channel_size": 2414852.245842396,
    "min_channel_size": "1100",
    "max_channel_size": "16777216"
}
