{
    "graph_diameter": 0,
    "avg_out_degree": 8.760306242638398,
    "max_out_degree": 995,
    "num_nodes": 3396,
    "num_channels": 29750,
    "total_network_capacity": "71780371774",
    "avg_channel_size": 2412785.6058487394,
    "min_channel_size": "1100",
    "max_channel_size": "16777216"
}
