{
    "graph_diameter": 0,
    "avg_out_degree": 8.779182593354896,
    "max_out_degree": 996,
    "num_nodes": 3401,
    "num_channels": 29858,
    "total_network_capacity": "72140094519",
    "avg_channel_size": 2416106.0526157143,
    "min_channel_size": "1100",
    "max_channel_size": "16777216"
}
