{
    "graph_diameter": 0,
    "avg_out_degree": 8.775360188179947,
    "max_out_degree": 996,
    "num_nodes": 3401,
    "num_channels": 29845,
    "total_network_capacity": "72024376214",
    "avg_channel_size": 2413281.15979226,
    "min_channel_size": "1100",
    "max_channel_size": "16777216"
}
