{
    "graph_diameter": 0,
    "avg_out_degree": 8.764206209724664,
    "max_out_degree": 1002,
    "num_nodes": 3414,
    "num_channels": 29921,
    "total_network_capacity": "72192862159",
    "avg_channel_size": 2412782.39895057,
    "min_channel_size": "1100",
    "max_channel_size": "16777216"
}
