{
    "graph_diameter": 0,
    "avg_out_degree": 8.773007938841518,
    "max_out_degree": 996,
    "num_nodes": 3401,
    "num_channels": 29837,
    "total_network_capacity": "71980967872",
    "avg_channel_size": 2412473.3676978247,
    "min_channel_size": "1100",
    "max_channel_size": "16777216"
}
