{
    "graph_diameter": 0,
    "avg_out_degree": 8.774431650428108,
    "max_out_degree": 996,
    "num_nodes": 3387,
    "num_channels": 29719,
    "total_network_capacity": "71753275964",
    "avg_channel_size": 2414390.657962919,
    "min_channel_size": "1100",
    "max_channel_size": "16777216"
}
