{
    "graph_diameter": 0,
    "avg_out_degree": 8.775066157012644,
    "max_out_degree": 996,
    "num_nodes": 3401,
    "num_channels": 29844,
    "total_network_capacity": "71992501854",
    "avg_channel_size": 2412293.9905508645,
    "min_channel_size": "1100",
    "max_channel_size": "16777216"
}
