{
    "graph_diameter": 0,
    "avg_out_degree": 8.76614567974049,
    "max_out_degree": 995,
    "num_nodes": 3391,
    "num_channels": 29726,
    "total_network_capacity": "71721477601",
    "avg_channel_size": 2412752.391879163,
    "min_channel_size": "1100",
    "max_channel_size": "16777216"
}
