{
    "graph_diameter": 0,
    "avg_out_degree": 8.778529411764707,
    "max_out_degree": 996,
    "num_nodes": 3400,
    "num_channels": 29847,
    "total_network_capacity": "72028556890",
    "avg_channel_size": 2413259.5198847456,
    "min_channel_size": "1100",
    "max_channel_size": "16777216"
}
