{
    "graph_diameter": 0,
    "avg_out_degree": 8.760984182776802,
    "max_out_degree": 1001,
    "num_nodes": 3414,
    "num_channels": 29910,
    "total_network_capacity": "72166132527",
    "avg_channel_size": 2412776.0791374124,
    "min_channel_size": "1100",
    "max_channel_size": "16777216"
}
