{
    "graph_diameter": 0,
    "avg_out_degree": 8.777027027027026,
    "max_out_degree": 997,
    "num_nodes": 3404,
    "num_channels": 29877,
    "total_network_capacity": "72141364963",
    "avg_channel_size": 2414612.0749405897,
    "min_channel_size": "1100",
    "max_channel_size": "16777216"
}
