{
    "graph_diameter": 0,
    "avg_out_degree": 8.76047197640118,
    "max_out_degree": 996,
    "num_nodes": 3390,
    "num_channels": 29698,
    "total_network_capacity": "71676704899",
    "avg_channel_size": 2413519.593878376,
    "min_channel_size": "1100",
    "max_channel_size": "16777216"
}
