{
    "graph_diameter": 0,
    "avg_out_degree": 8.762448740480375,
    "max_out_degree": 1002,
    "num_nodes": 3414,
    "num_channels": 29915,
    "total_network_capacity": "72186361159",
    "avg_channel_size": 2413049.010830687,
    "min_channel_size": "1100",
    "max_channel_size": "16777216"
}
