{
    "graph_diameter": 0,
    "avg_out_degree": 8.764515178308281,
    "max_out_degree": 995,
    "num_nodes": 3393,
    "num_channels": 29738,
    "total_network_capacity": "71741969398",
    "avg_channel_size": 2412467.8659627414,
    "min_channel_size": "1100",
    "max_channel_size": "16777216"
}
