{
    "graph_diameter": 0,
    "avg_out_degree": 8.763620386643234,
    "max_out_degree": 1002,
    "num_nodes": 3414,
    "num_channels": 29919,
    "total_network_capacity": "72189362159",
    "avg_channel_size": 2412826.7040676493,
    "min_channel_size": "1100",
    "max_channel_size": "16777216"
}
