{
    "graph_diameter": 0,
    "avg_out_degree": 8.792307692307693,
    "max_out_degree": 997,
    "num_nodes": 3380,
    "num_channels": 29718,
    "total_network_capacity": "71783856810",
    "avg_channel_size": 2415500.935796487,
    "min_channel_size": "1100",
    "max_channel_size": "16777216"
}
