{
    "graph_diameter": 0,
    "avg_out_degree": 8.764499121265377,
    "max_out_degree": 999,
    "num_nodes": 3414,
    "num_channels": 29922,
    "total_network_capacity": "72145723515",
    "avg_channel_size": 2411126.3790856227,
    "min_channel_size": "1100",
    "max_channel_size": "16777216"
}
