{
    "graph_diameter": 0,
    "avg_out_degree": 8.760978485116416,
    "max_out_degree": 995,
    "num_nodes": 3393,
    "num_channels": 29726,
    "total_network_capacity": "71733460863",
    "avg_channel_size": 2413155.5158110745,
    "min_channel_size": "1100",
    "max_channel_size": "16777216"
}
