{
    "graph_diameter": 0,
    "avg_out_degree": 8.762532981530343,
    "max_out_degree": 1001,
    "num_nodes": 3411,
    "num_channels": 29889,
    "total_network_capacity": "72150406723",
    "avg_channel_size": 2413945.154505002,
    "min_channel_size": "1100",
    "max_channel_size": "16777216"
}
