{
    "graph_diameter": 0,
    "avg_out_degree": 8.782416936195236,
    "max_out_degree": 996,
    "num_nodes": 3401,
    "num_channels": 29869,
    "total_network_capacity": "72167253828",
    "avg_channel_size": 2416125.54246878,
    "min_channel_size": "1100",
    "max_channel_size": "16777216"
}
