{
    "graph_diameter": 0,
    "avg_out_degree": 8.765327075388678,
    "max_out_degree": 1001,
    "num_nodes": 3409,
    "num_channels": 29881,
    "total_network_capacity": "72142451070",
    "avg_channel_size": 2414325.1922626416,
    "min_channel_size": "1100",
    "max_channel_size": "16777216"
}
