{
    "graph_diameter": 0,
    "avg_out_degree": 8.77366255144033,
    "max_out_degree": 996,
    "num_nodes": 3402,
    "num_channels": 29848,
    "total_network_capacity": "72026435214",
    "avg_channel_size": 2413107.5855668723,
    "min_channel_size": "1100",
    "max_channel_size": "16777216"
}
