{
    "graph_diameter": 0,
    "avg_out_degree": 8.756764705882352,
    "max_out_degree": 995,
    "num_nodes": 3400,
    "num_channels": 29773,
    "total_network_capacity": "71787873012",
    "avg_channel_size": 2411173.64766735,
    "min_channel_size": "1100",
    "max_channel_size": "16777216"
}
