{
    "graph_diameter": 0,
    "avg_out_degree": 8.765279007971657,
    "max_out_degree": 996,
    "num_nodes": 3387,
    "num_channels": 29688,
    "total_network_capacity": "71794379041",
    "avg_channel_size": 2418296.2490231744,
    "min_channel_size": "1100",
    "max_channel_size": "16777216"
}
