{
    "graph_diameter": 0,
    "avg_out_degree": 8.764983761440803,
    "max_out_degree": 996,
    "num_nodes": 3387,
    "num_channels": 29687,
    "total_network_capacity": "71784379041",
    "avg_channel_size": 2418040.8610166064,
    "min_channel_size": "1100",
    "max_channel_size": "16777216"
}
