{
    "graph_diameter": 0,
    "avg_out_degree": 8.779025110782866,
    "max_out_degree": 996,
    "num_nodes": 3385,
    "num_channels": 29717,
    "total_network_capacity": "71753150964",
    "avg_channel_size": 2414548.943836861,
    "min_channel_size": "1100",
    "max_channel_size": "16777216"
}
