{
    "graph_diameter": 0,
    "avg_out_degree": 8.757469244288226,
    "max_out_degree": 1001,
    "num_nodes": 3414,
    "num_channels": 29898,
    "total_network_capacity": "72162132527",
    "avg_channel_size": 2413610.693926015,
    "min_channel_size": "1100",
    "max_channel_size": "16777216"
}
