{
    "graph_diameter": 0,
    "avg_out_degree": 8.760459634649381,
    "max_out_degree": 995,
    "num_nodes": 3394,
    "num_channels": 29733,
    "total_network_capacity": "71737833015",
    "avg_channel_size": 2412734.436989204,
    "min_channel_size": "1100",
    "max_channel_size": "16777216"
}
