{
    "graph_diameter": 0,
    "avg_out_degree": 8.787995269071555,
    "max_out_degree": 997,
    "num_nodes": 3382,
    "num_channels": 29721,
    "total_network_capacity": "71763844245",
    "avg_channel_size": 2414583.7705662665,
    "min_channel_size": "1100",
    "max_channel_size": "16777216"
}
