{
    "graph_diameter": 0,
    "avg_out_degree": 8.765602109581014,
    "max_out_degree": 1000,
    "num_nodes": 3413,
    "num_channels": 29917,
    "total_network_capacity": "72141397713",
    "avg_channel_size": 2411384.754921951,
    "min_channel_size": "1100",
    "max_channel_size": "16777216"
}
