{
    "graph_diameter": 0,
    "avg_out_degree": 8.774117647058823,
    "max_out_degree": 995,
    "num_nodes": 3400,
    "num_channels": 29832,
    "total_network_capacity": "72042582576",
    "avg_channel_size": 2414943.1005631536,
    "min_channel_size": "1100",
    "max_channel_size": "16777216"
}
