{
    "graph_diameter": 0,
    "avg_out_degree": 8.76536312849162,
    "max_out_degree": 995,
    "num_nodes": 3401,
    "num_channels": 29811,
    "total_network_capacity": "71823028821",
    "avg_channel_size": 2409279.4210526315,
    "min_channel_size": "1100",
    "max_channel_size": "16777216"
}
