{
    "graph_diameter": 0,
    "avg_out_degree": 8.764792032806092,
    "max_out_degree": 1002,
    "num_nodes": 3414,
    "num_channels": 29923,
    "total_network_capacity": "72194062159",
    "avg_channel_size": 2412661.2358052335,
    "min_channel_size": "1100",
    "max_channel_size": "16777216"
}
