{
    "graph_diameter": 0,
    "avg_out_degree": 8.76084407971864,
    "max_out_degree": 1001,
    "num_nodes": 3412,
    "num_channels": 29892,
    "total_network_capacity": "72152292527",
    "avg_channel_size": 2413765.9750769436,
    "min_channel_size": "1100",
    "max_channel_size": "16777216"
}
