{
    "graph_diameter": 0,
    "avg_out_degree": 8.761722205838986,
    "max_out_degree": 995,
    "num_nodes": 3391,
    "num_channels": 29711,
    "total_network_capacity": "71684609083",
    "avg_channel_size": 2412729.5978930364,
    "min_channel_size": "1100",
    "max_channel_size": "16777216"
}
