{
    "graph_diameter": 0,
    "avg_out_degree": 8.766774099033109,
    "max_out_degree": 1000,
    "num_nodes": 3413,
    "num_channels": 29921,
    "total_network_capacity": "72143047713",
    "avg_channel_size": 2411117.5332709467,
    "min_channel_size": "1100",
    "max_channel_size": "16777216"
}
