{
    "graph_diameter": 0,
    "avg_out_degree": 8.768958394806727,
    "max_out_degree": 997,
    "num_nodes": 3389,
    "num_channels": 29718,
    "total_network_capacity": "71753061405",
    "avg_channel_size": 2414464.681506158,
    "min_channel_size": "1100",
    "max_channel_size": "16777216"
}
