{
    "graph_diameter": 0,
    "avg_out_degree": 8.764187003822405,
    "max_out_degree": 995,
    "num_nodes": 3401,
    "num_channels": 29807,
    "total_network_capacity": "71821228821",
    "avg_channel_size": 2409542.3498171573,
    "min_channel_size": "1100",
    "max_channel_size": "16777216"
}
