{
    "graph_diameter": 0,
    "avg_out_degree": 8.761427307578884,
    "max_out_degree": 996,
    "num_nodes": 3391,
    "num_channels": 29710,
    "total_network_capacity": "71808754865",
    "avg_channel_size": 2416989.3929653317,
    "min_channel_size": "1100",
    "max_channel_size": "16777216"
}
