{
    "graph_diameter": 0,
    "avg_out_degree": 8.759929390997351,
    "max_out_degree": 995,
    "num_nodes": 3399,
    "num_channels": 29775,
    "total_network_capacity": "71796249704",
    "avg_channel_size": 2411293.0211251047,
    "min_channel_size": "1100",
    "max_channel_size": "16777216"
}
