{
    "graph_diameter": 0,
    "avg_out_degree": 8.770857814336075,
    "max_out_degree": 996,
    "num_nodes": 3404,
    "num_channels": 29856,
    "total_network_capacity": "72134864963",
    "avg_channel_size": 2416092.743937567,
    "min_channel_size": "1100",
    "max_channel_size": "16777216"
}
