{
    "graph_diameter": 0,
    "avg_out_degree": 8.772887323943662,
    "max_out_degree": 1001,
    "num_nodes": 3408,
    "num_channels": 29898,
    "total_network_capacity": "72175745217",
    "avg_channel_size": 2414065.9982942003,
    "min_channel_size": "1100",
    "max_channel_size": "16777216"
}
