{
    "graph_diameter": 0,
    "avg_out_degree": 8.75830638047633,
    "max_out_degree": 995,
    "num_nodes": 3401,
    "num_channels": 29787,
    "total_network_capacity": "71808849704",
    "avg_channel_size": 2410744.6101990803,
    "min_channel_size": "1100",
    "max_channel_size": "16777216"
}
