{
    "graph_diameter": 0,
    "avg_out_degree": 8.757058823529412,
    "max_out_degree": 995,
    "num_nodes": 3400,
    "num_channels": 29774,
    "total_network_capacity": "71787973012",
    "avg_channel_size": 2411096.023779136,
    "min_channel_size": "1100",
    "max_channel_size": "16777216"
}
