{
    "graph_diameter": 0,
    "avg_out_degree": 8.758975868157739,
    "max_out_degree": 995,
    "num_nodes": 3398,
    "num_channels": 29763,
    "total_network_capacity": "71764526403",
    "avg_channel_size": 2411199.355004536,
    "min_channel_size": "1100",
    "max_channel_size": "16777216"
}
