{
    "graph_diameter": 0,
    "avg_out_degree": 8.76212878565128,
    "max_out_degree": 995,
    "num_nodes": 3401,
    "num_channels": 29800,
    "total_network_capacity": "71815466991",
    "avg_channel_size": 2409914.9996979865,
    "min_channel_size": "1100",
    "max_channel_size": "16777216"
}
