{
    "graph_diameter": 0,
    "avg_out_degree": 8.774269696075539,
    "max_out_degree": 997,
    "num_nodes": 3389,
    "num_channels": 29736,
    "total_network_capacity": "71779829858",
    "avg_channel_size": 2413903.344700027,
    "min_channel_size": "1100",
    "max_channel_size": "16777216"
}
