{
    "graph_diameter": 0,
    "avg_out_degree": 8.774544385655497,
    "max_out_degree": 996,
    "num_nodes": 3402,
    "num_channels": 29851,
    "total_network_capacity": "72118489283",
    "avg_channel_size": 2415948.8554152288,
    "min_channel_size": "1100",
    "max_channel_size": "16777216"
}
