{
    "graph_diameter": 0,
    "avg_out_degree": 8.772136953955135,
    "max_out_degree": 996,
    "num_nodes": 3388,
    "num_channels": 29720,
    "total_network_capacity": "71753475964",
    "avg_channel_size": 2414316.149528937,
    "min_channel_size": "1100",
    "max_channel_size": "16777216"
}
