{
    "graph_diameter": 0,
    "avg_out_degree": 8.773974623782827,
    "max_out_degree": 997,
    "num_nodes": 3389,
    "num_channels": 29735,
    "total_network_capacity": "71777417858",
    "avg_channel_size": 2413903.408710274,
    "min_channel_size": "1100",
    "max_channel_size": "16777216"
}
