{
    "graph_diameter": 0,
    "avg_out_degree": 8.75985874043555,
    "max_out_degree": 995,
    "num_nodes": 3398,
    "num_channels": 29766,
    "total_network_capacity": "71769106403",
    "avg_channel_size": 2411110.2063764026,
    "min_channel_size": "1100",
    "max_channel_size": "16777216"
}
