{
    "graph_diameter": 0,
    "avg_out_degree": 8.775974025974026,
    "max_out_degree": 997,
    "num_nodes": 3388,
    "num_channels": 29733,
    "total_network_capacity": "71774817858",
    "avg_channel_size": 2413978.3357885177,
    "min_channel_size": "1100",
    "max_channel_size": "16777216"
}
