{
    "graph_diameter": 0,
    "avg_out_degree": 9.322663252240718,
    "max_out_degree": 1108,
    "num_nodes": 3905,
    "num_channels": 36405,
    "total_network_capacity": "82668206473",
    "avg_channel_size": 2270792.6513665705,
    "min_channel_size": "1100",
    "max_channel_size": "16777216"
}
