{
    "graph_diameter": 0,
    "avg_out_degree": 9.331283627978477,
    "max_out_degree": 1107,
    "num_nodes": 3903,
    "num_channels": 36420,
    "total_network_capacity": "82757711835",
    "avg_channel_size": 2272314.9872322897,
    "min_channel_size": "1100",
    "max_channel_size": "16777216"
}
