{
    "graph_diameter": 0,
    "avg_out_degree": 9.325480153649167,
    "max_out_degree": 1107,
    "num_nodes": 3905,
    "num_channels": 36416,
    "total_network_capacity": "82774748861",
    "avg_channel_size": 2273032.426982645,
    "min_channel_size": "1100",
    "max_channel_size": "16777216"
}
