{
    "graph_diameter": 0,
    "avg_out_degree": 9.358201328564128,
    "max_out_degree": 1131,
    "num_nodes": 3914,
    "num_channels": 36628,
    "total_network_capacity": "84544929401",
    "avg_channel_size": 2308204.9088402316,
    "min_channel_size": "1100",
    "max_channel_size": "16777216"
}
