{
    "graph_diameter": 0,
    "avg_out_degree": 9.645424420086668,
    "max_out_degree": 1146,
    "num_nodes": 3923,
    "num_channels": 37839,
    "total_network_capacity": "98082667150",
    "avg_channel_size": 2592105.160020085,
    "min_channel_size": "1100",
    "max_channel_size": "16777216"
}
