{
    "graph_diameter": 0,
    "avg_out_degree": 9.310035842293907,
    "max_out_degree": 1109,
    "num_nodes": 3906,
    "num_channels": 36365,
    "total_network_capacity": "82569466103",
    "avg_channel_size": 2270575.1712635774,
    "min_channel_size": "1100",
    "max_channel_size": "16777216"
}
