{
    "graph_diameter": 0,
    "avg_out_degree": 9.313524590163935,
    "max_out_degree": 1108,
    "num_nodes": 3904,
    "num_channels": 36360,
    "total_network_capacity": "82572465200",
    "avg_channel_size": 2270969.889988999,
    "min_channel_size": "1100",
    "max_channel_size": "16777216"
}
