{
    "graph_diameter": 0,
    "avg_out_degree": 9.40929994890138,
    "max_out_degree": 1132,
    "num_nodes": 3914,
    "num_channels": 36828,
    "total_network_capacity": "86570597134",
    "avg_channel_size": 2350673.3228521775,
    "min_channel_size": "1100",
    "max_channel_size": "16777216"
}
