{
    "graph_diameter": 0,
    "avg_out_degree": 9.327016645326504,
    "max_out_degree": 1108,
    "num_nodes": 3905,
    "num_channels": 36422,
    "total_network_capacity": "82720124000",
    "avg_channel_size": 2271158.201087255,
    "min_channel_size": "1100",
    "max_channel_size": "16777216"
}
