{
    "graph_diameter": 0,
    "avg_out_degree": 9.645588985211626,
    "max_out_degree": 1146,
    "num_nodes": 3922,
    "num_channels": 37830,
    "total_network_capacity": "98008860505",
    "avg_channel_size": 2590770.830161248,
    "min_channel_size": "1100",
    "max_channel_size": "16777216"
}
