{
    "graph_diameter": 0,
    "avg_out_degree": 9.26996682827252,
    "max_out_degree": 1106,
    "num_nodes": 3919,
    "num_channels": 36329,
    "total_network_capacity": "82563953369",
    "avg_channel_size": 2272673.4390982413,
    "min_channel_size": "1100",
    "max_channel_size": "16777216"
}
