{
    "graph_diameter": 0,
    "avg_out_degree": 9.636502676523069,
    "max_out_degree": 1145,
    "num_nodes": 3923,
    "num_channels": 37804,
    "total_network_capacity": "97722012453",
    "avg_channel_size": 2584964.8834250346,
    "min_channel_size": "1100",
    "max_channel_size": "16777216"
}
