{
    "graph_diameter": 0,
    "avg_out_degree": 9.639306653071628,
    "max_out_degree": 1145,
    "num_nodes": 3923,
    "num_channels": 37815,
    "total_network_capacity": "97736943083",
    "avg_channel_size": 2584607.7768874783,
    "min_channel_size": "1100",
    "max_channel_size": "16777216"
}
