{
    "graph_diameter": 0,
    "avg_out_degree": 9.620214395099541,
    "max_out_degree": 1151,
    "num_nodes": 3918,
    "num_channels": 37692,
    "total_network_capacity": "96690008353",
    "avg_channel_size": 2565266.0605168208,
    "min_channel_size": "1100",
    "max_channel_size": "16777216"
}
