{
    "graph_diameter": 0,
    "avg_out_degree": 9.319323423885187,
    "max_out_degree": 1108,
    "num_nodes": 3902,
    "num_channels": 36364,
    "total_network_capacity": "82583337162",
    "avg_channel_size": 2271019.0617643823,
    "min_channel_size": "1100",
    "max_channel_size": "16777216"
}
