{
    "graph_diameter": 0,
    "avg_out_degree": 9.414814814814815,
    "max_out_degree": 1132,
    "num_nodes": 3915,
    "num_channels": 36859,
    "total_network_capacity": "86781340243",
    "avg_channel_size": 2354413.8539569713,
    "min_channel_size": "1100",
    "max_channel_size": "16777216"
}
