{
    "graph_diameter": 0,
    "avg_out_degree": 9.32932138284251,
    "max_out_degree": 1108,
    "num_nodes": 3905,
    "num_channels": 36431,
    "total_network_capacity": "82726548176",
    "avg_channel_size": 2270773.4669923964,
    "min_channel_size": "1100",
    "max_channel_size": "16777216"
}
