{
    "graph_diameter": 0,
    "avg_out_degree": 9.417624521072797,
    "max_out_degree": 1132,
    "num_nodes": 3915,
    "num_channels": 36870,
    "total_network_capacity": "86871608986",
    "avg_channel_size": 2356159.7229726063,
    "min_channel_size": "1100",
    "max_channel_size": "16777216"
}
