{
    "graph_diameter": 0,
    "avg_out_degree": 9.621649221342864,
    "max_out_degree": 1151,
    "num_nodes": 3917,
    "num_channels": 37688,
    "total_network_capacity": "96669538353",
    "avg_channel_size": 2564995.1802430484,
    "min_channel_size": "1100",
    "max_channel_size": "16777216"
}
