{
    "graph_diameter": 0,
    "avg_out_degree": 9.328381147540984,
    "max_out_degree": 1108,
    "num_nodes": 3904,
    "num_channels": 36418,
    "total_network_capacity": "82747667842",
    "avg_channel_size": 2272163.9805041463,
    "min_channel_size": "1100",
    "max_channel_size": "16777216"
}
