{
    "graph_diameter": 0,
    "avg_out_degree": 9.638867635807191,
    "max_out_degree": 1145,
    "num_nodes": 3921,
    "num_channels": 37794,
    "total_network_capacity": "97681156294",
    "avg_channel_size": 2584567.822776102,
    "min_channel_size": "1100",
    "max_channel_size": "16777216"
}
