{
    "graph_diameter": 0,
    "avg_out_degree": 9.48251212662752,
    "max_out_degree": 1131,
    "num_nodes": 3917,
    "num_channels": 37143,
    "total_network_capacity": "90823429498",
    "avg_channel_size": 2445236.7740354845,
    "min_channel_size": "1100",
    "max_channel_size": "16777216"
}
