{
    "graph_diameter": 0,
    "avg_out_degree": 9.315573770491802,
    "max_out_degree": 1108,
    "num_nodes": 3904,
    "num_channels": 36368,
    "total_network_capacity": "82601035013",
    "avg_channel_size": 2271255.912148042,
    "min_channel_size": "1100",
    "max_channel_size": "16777216"
}
