{
    "graph_diameter": 0,
    "avg_out_degree": 9.318670076726344,
    "max_out_degree": 1132,
    "num_nodes": 3910,
    "num_channels": 36436,
    "total_network_capacity": "82787364496",
    "avg_channel_size": 2272130.982983862,
    "min_channel_size": "1100",
    "max_channel_size": "16777216"
}
