{
    "graph_diameter": 0,
    "avg_out_degree": 9.386717752234993,
    "max_out_degree": 1131,
    "num_nodes": 3915,
    "num_channels": 36749,
    "total_network_capacity": "85592937830",
    "avg_channel_size": 2329122.910283273,
    "min_channel_size": "1100",
    "max_channel_size": "16777216"
}
