{
    "graph_diameter": 0,
    "avg_out_degree": 9.619290635366164,
    "max_out_degree": 1151,
    "num_nodes": 3919,
    "num_channels": 37698,
    "total_network_capacity": "96703629742",
    "avg_channel_size": 2565219.102923232,
    "min_channel_size": "1100",
    "max_channel_size": "16777216"
}
