{
    "graph_diameter": 0,
    "avg_out_degree": 9.331539841147835,
    "max_out_degree": 1107,
    "num_nodes": 3903,
    "num_channels": 36421,
    "total_network_capacity": "82782206015",
    "avg_channel_size": 2272925.1260261936,
    "min_channel_size": "1100",
    "max_channel_size": "16777216"
}
