{
    "graph_diameter": 0,
    "avg_out_degree": 9.312083973374296,
    "max_out_degree": 1109,
    "num_nodes": 3906,
    "num_channels": 36373,
    "total_network_capacity": "82625142974",
    "avg_channel_size": 2271606.493113023,
    "min_channel_size": "1100",
    "max_channel_size": "16777216"
}
