{
    "graph_diameter": 0,
    "avg_out_degree": 9.61347970385499,
    "max_out_degree": 1131,
    "num_nodes": 3917,
    "num_channels": 37656,
    "total_network_capacity": "96646640439",
    "avg_channel_size": 2566566.8270395156,
    "min_channel_size": "1100",
    "max_channel_size": "16777216"
}
