{
    "graph_diameter": 0,
    "avg_out_degree": 9.330514988470407,
    "max_out_degree": 1107,
    "num_nodes": 3903,
    "num_channels": 36417,
    "total_network_capacity": "82778484222",
    "avg_channel_size": 2273072.582090782,
    "min_channel_size": "1100",
    "max_channel_size": "16777216"
}
