{
    "graph_diameter": 0,
    "avg_out_degree": 9.325992317541614,
    "max_out_degree": 1108,
    "num_nodes": 3905,
    "num_channels": 36418,
    "total_network_capacity": "82740139977",
    "avg_channel_size": 2271957.273244,
    "min_channel_size": "1100",
    "max_channel_size": "16777216"
}
