{
    "graph_diameter": 0,
    "avg_out_degree": 9.304325569490658,
    "max_out_degree": 1106,
    "num_nodes": 3907,
    "num_channels": 36352,
    "total_network_capacity": "82558291798",
    "avg_channel_size": 2271079.7699713907,
    "min_channel_size": "1100",
    "max_channel_size": "16777216"
}
