{
    "graph_diameter": 0,
    "avg_out_degree": 9.389272030651341,
    "max_out_degree": 1132,
    "num_nodes": 3915,
    "num_channels": 36759,
    "total_network_capacity": "85797792889",
    "avg_channel_size": 2334062.2130362634,
    "min_channel_size": "1100",
    "max_channel_size": "16777216"
}
