{
    "graph_diameter": 0,
    "avg_out_degree": 9.632976008167432,
    "max_out_degree": 1147,
    "num_nodes": 3918,
    "num_channels": 37742,
    "total_network_capacity": "97249776821",
    "avg_channel_size": 2576699.0838058395,
    "min_channel_size": "1100",
    "max_channel_size": "16777216"
}
