{
    "graph_diameter": 0,
    "avg_out_degree": 9.411749680715198,
    "max_out_degree": 1132,
    "num_nodes": 3915,
    "num_channels": 36847,
    "total_network_capacity": "86665223376",
    "avg_channel_size": 2352029.2934567262,
    "min_channel_size": "1100",
    "max_channel_size": "16777216"
}
