{
    "graph_diameter": 0,
    "avg_out_degree": 9.343981599795553,
    "max_out_degree": 1131,
    "num_nodes": 3913,
    "num_channels": 36563,
    "total_network_capacity": "83906565378",
    "avg_channel_size": 2294849.038043924,
    "min_channel_size": "1100",
    "max_channel_size": "16777216"
}
