{
    "graph_diameter": 0,
    "avg_out_degree": 9.305939580133128,
    "max_out_degree": 1106,
    "num_nodes": 3906,
    "num_channels": 36349,
    "total_network_capacity": "82548681209",
    "avg_channel_size": 2271002.8118792814,
    "min_channel_size": "1100",
    "max_channel_size": "16777216"
}
