{
    "graph_diameter": 0,
    "avg_out_degree": 9.646098929117796,
    "max_out_degree": 1146,
    "num_nodes": 3922,
    "num_channels": 37832,
    "total_network_capacity": "98014157850",
    "avg_channel_size": 2590773.891150349,
    "min_channel_size": "1100",
    "max_channel_size": "16777216"
}
