{
    "graph_diameter": 0,
    "avg_out_degree": 9.362289218191108,
    "max_out_degree": 1131,
    "num_nodes": 3914,
    "num_channels": 36644,
    "total_network_capacity": "84704929401",
    "avg_channel_size": 2311563.404677437,
    "min_channel_size": "1100",
    "max_channel_size": "16777216"
}
