{
    "graph_diameter": 0,
    "avg_out_degree": 9.40485312899106,
    "max_out_degree": 1132,
    "num_nodes": 3915,
    "num_channels": 36820,
    "total_network_capacity": "86398337076",
    "avg_channel_size": 2346505.624008691,
    "min_channel_size": "1100",
    "max_channel_size": "16777216"
}
