{
    "graph_diameter": 0,
    "avg_out_degree": 9.273727295983628,
    "max_out_degree": 1106,
    "num_nodes": 3909,
    "num_channels": 36251,
    "total_network_capacity": "82515448629",
    "avg_channel_size": 2276225.4456152935,
    "min_channel_size": "1100",
    "max_channel_size": "16777216"
}
