{
    "graph_diameter": 0,
    "avg_out_degree": 9.312548113933795,
    "max_out_degree": 1106,
    "num_nodes": 3897,
    "num_channels": 36291,
    "total_network_capacity": "82510713510",
    "avg_channel_size": 2273586.1097792843,
    "min_channel_size": "1100",
    "max_channel_size": "16777216"
}
