{
    "graph_diameter": 0,
    "avg_out_degree": 9.300946049603683,
    "max_out_degree": 1106,
    "num_nodes": 3911,
    "num_channels": 36376,
    "total_network_capacity": "82570199904",
    "avg_channel_size": 2269908.7283923468,
    "min_channel_size": "1100",
    "max_channel_size": "16777216"
}
