{
    "graph_diameter": 0,
    "avg_out_degree": 9.340403782264247,
    "max_out_degree": 1131,
    "num_nodes": 3913,
    "num_channels": 36549,
    "total_network_capacity": "83817430430",
    "avg_channel_size": 2293289.294645544,
    "min_channel_size": "1100",
    "max_channel_size": "16777216"
}
