{
    "graph_diameter": 0,
    "avg_out_degree": 9.322068612391194,
    "max_out_degree": 1107,
    "num_nodes": 3906,
    "num_channels": 36412,
    "total_network_capacity": "82742540770",
    "avg_channel_size": 2272397.5823904206,
    "min_channel_size": "1100",
    "max_channel_size": "16777216"
}
