{
    "graph_diameter": 0,
    "avg_out_degree": 9.310803891449053,
    "max_out_degree": 1109,
    "num_nodes": 3906,
    "num_channels": 36368,
    "total_network_capacity": "82574765999",
    "avg_channel_size": 2270533.600940387,
    "min_channel_size": "1100",
    "max_channel_size": "16777216"
}
