{
    "graph_diameter": 0,
    "avg_out_degree": 9.606076078631606,
    "max_out_degree": 1131,
    "num_nodes": 3917,
    "num_channels": 37627,
    "total_network_capacity": "96488769580",
    "avg_channel_size": 2564349.259308475,
    "min_channel_size": "1100",
    "max_channel_size": "16777216"
}
