{
    "graph_diameter": 0,
    "avg_out_degree": 9.649592252803261,
    "max_out_degree": 1146,
    "num_nodes": 3924,
    "num_channels": 37865,
    "total_network_capacity": "98149022193",
    "avg_channel_size": 2592077.702178793,
    "min_channel_size": "1100",
    "max_channel_size": "16777216"
}
