{
    "graph_diameter": 0,
    "avg_out_degree": 9.329639175257732,
    "max_out_degree": 1106,
    "num_nodes": 3880,
    "num_channels": 36199,
    "total_network_capacity": "82426564394",
    "avg_channel_size": 2277039.8186137737,
    "min_channel_size": "1100",
    "max_channel_size": "16777216"
}
