{
    "graph_diameter": 0,
    "avg_out_degree": 9.637244897959183,
    "max_out_degree": 1145,
    "num_nodes": 3920,
    "num_channels": 37778,
    "total_network_capacity": "97565828718",
    "avg_channel_size": 2582609.6860077293,
    "min_channel_size": "1100",
    "max_channel_size": "16777216"
}
