{
    "graph_diameter": 0,
    "avg_out_degree": 9.568652195860677,
    "max_out_degree": 1146,
    "num_nodes": 3962,
    "num_channels": 37911,
    "total_network_capacity": "98392678752",
    "avg_channel_size": 2595359.6252275067,
    "min_channel_size": "1050",
    "max_channel_size": "16777216"
}
