{
    "graph_diameter": 0,
    "avg_out_degree": 9.327612704918034,
    "max_out_degree": 1108,
    "num_nodes": 3904,
    "num_channels": 36415,
    "total_network_capacity": "82743623457",
    "avg_channel_size": 2272240.105917891,
    "min_channel_size": "1100",
    "max_channel_size": "16777216"
}
