{
    "graph_diameter": 0,
    "avg_out_degree": 9.252620813091282,
    "max_out_degree": 1106,
    "num_nodes": 3911,
    "num_channels": 36187,
    "total_network_capacity": "82430733239",
    "avg_channel_size": 2277910.1124436953,
    "min_channel_size": "1100",
    "max_channel_size": "16777216"
}
