{
    "graph_diameter": 0,
    "avg_out_degree": 9.637684854665986,
    "max_out_degree": 1145,
    "num_nodes": 3922,
    "num_channels": 37799,
    "total_network_capacity": "97681712453",
    "avg_channel_size": 2584240.6532712504,
    "min_channel_size": "1100",
    "max_channel_size": "16777216"
}
