{
    "graph_diameter": 0,
    "avg_out_degree": 9.252365124009204,
    "max_out_degree": 1106,
    "num_nodes": 3911,
    "num_channels": 36186,
    "total_network_capacity": "82429983239",
    "avg_channel_size": 2277952.336235008,
    "min_channel_size": "1100",
    "max_channel_size": "16777216"
}
