{
    "graph_diameter": 0,
    "avg_out_degree": 9.619035468231692,
    "max_out_degree": 1151,
    "num_nodes": 3919,
    "num_channels": 37697,
    "total_network_capacity": "96703619742",
    "avg_channel_size": 2565286.8860121495,
    "min_channel_size": "1100",
    "max_channel_size": "16777216"
}
