{
    "graph_diameter": 0,
    "avg_out_degree": 9.31102564102564,
    "max_out_degree": 1106,
    "num_nodes": 3900,
    "num_channels": 36313,
    "total_network_capacity": "82533420754",
    "avg_channel_size": 2272833.992068956,
    "min_channel_size": "1100",
    "max_channel_size": "16777216"
}
