{
    "graph_diameter": 0,
    "avg_out_degree": 9.240897034000483,
    "max_out_degree": 1146,
    "num_nodes": 4147,
    "num_channels": 38322,
    "total_network_capacity": "98611126802",
    "avg_channel_size": 2573224.9569959813,
    "min_channel_size": "1050",
    "max_channel_size": "16777216"
}
