{
    "graph_diameter": 0,
    "avg_out_degree": 9.411238825031928,
    "max_out_degree": 1132,
    "num_nodes": 3915,
    "num_channels": 36845,
    "total_network_capacity": "86664906448",
    "avg_channel_size": 2352148.3633600217,
    "min_channel_size": "1100",
    "max_channel_size": "16777216"
}
