{
    "graph_diameter": 0,
    "avg_out_degree": 9.335378323108385,
    "max_out_degree": 1131,
    "num_nodes": 3912,
    "num_channels": 36520,
    "total_network_capacity": "83544373961",
    "avg_channel_size": 2287633.460049288,
    "min_channel_size": "1100",
    "max_channel_size": "16777216"
}
