{
    "graph_diameter": 0,
    "avg_out_degree": 9.292975734355045,
    "max_out_degree": 1106,
    "num_nodes": 3915,
    "num_channels": 36382,
    "total_network_capacity": "82571184904",
    "avg_channel_size": 2269561.456324556,
    "min_channel_size": "1100",
    "max_channel_size": "16777216"
}
