{
    "graph_diameter": 0,
    "avg_out_degree": 9.309779825908858,
    "max_out_degree": 1106,
    "num_nodes": 3906,
    "num_channels": 36364,
    "total_network_capacity": "82586515312",
    "avg_channel_size": 2271106.4600154,
    "min_channel_size": "1100",
    "max_channel_size": "16777216"
}
