{
    "graph_diameter": 0,
    "avg_out_degree": 9.621842306710896,
    "max_out_degree": 1151,
    "num_nodes": 3919,
    "num_channels": 37708,
    "total_network_capacity": "96879671847",
    "avg_channel_size": 2569207.3789911955,
    "min_channel_size": "1100",
    "max_channel_size": "16777216"
}
