{
    "graph_diameter": 0,
    "avg_out_degree": 9.648138704742479,
    "max_out_degree": 1146,
    "num_nodes": 3922,
    "num_channels": 37840,
    "total_network_capacity": "98037861204",
    "avg_channel_size": 2590852.5688160677,
    "min_channel_size": "1100",
    "max_channel_size": "16777216"
}
