{
    "graph_diameter": 0,
    "avg_out_degree": 9.270615266785805,
    "max_out_degree": 1106,
    "num_nodes": 3917,
    "num_channels": 36313,
    "total_network_capacity": "82534781615",
    "avg_channel_size": 2272871.4679315947,
    "min_channel_size": "1100",
    "max_channel_size": "16777216"
}
