{
    "graph_diameter": 0,
    "avg_out_degree": 9.24053075995175,
    "max_out_degree": 1146,
    "num_nodes": 4145,
    "num_channels": 38302,
    "total_network_capacity": "98490631802",
    "avg_channel_size": 2571422.688162498,
    "min_channel_size": "1050",
    "max_channel_size": "16777216"
}
