{
    "graph_diameter": 0,
    "avg_out_degree": 9.414303959131546,
    "max_out_degree": 1132,
    "num_nodes": 3915,
    "num_channels": 36857,
    "total_network_capacity": "86761340243",
    "avg_channel_size": 2353998.975581301,
    "min_channel_size": "1100",
    "max_channel_size": "16777216"
}
