{
    "graph_diameter": 0,
    "avg_out_degree": 9.63888888888889,
    "max_out_degree": 1145,
    "num_nodes": 3924,
    "num_channels": 37823,
    "total_network_capacity": "97749463256",
    "avg_channel_size": 2584392.122676678,
    "min_channel_size": "1100",
    "max_channel_size": "16777216"
}
