{
    "graph_diameter": 0,
    "avg_out_degree": 9.325396825396826,
    "max_out_degree": 1108,
    "num_nodes": 3906,
    "num_channels": 36425,
    "total_network_capacity": "82748722634",
    "avg_channel_size": 2271756.2837062455,
    "min_channel_size": "1100",
    "max_channel_size": "16777216"
}
