{
    "graph_diameter": 0,
    "avg_out_degree": 9.327061855670102,
    "max_out_degree": 1106,
    "num_nodes": 3880,
    "num_channels": 36189,
    "total_network_capacity": "82423258452",
    "avg_channel_size": 2277577.674210395,
    "min_channel_size": "1100",
    "max_channel_size": "16777216"
}
