{
    "graph_diameter": 0,
    "avg_out_degree": 9.535427135678392,
    "max_out_degree": 1146,
    "num_nodes": 3980,
    "num_channels": 37951,
    "total_network_capacity": "98410430917",
    "avg_channel_size": 2593091.9057995835,
    "min_channel_size": "1050",
    "max_channel_size": "16777216"
}
