{
    "graph_diameter": 0,
    "avg_out_degree": 9.551583248212461,
    "max_out_degree": 1131,
    "num_nodes": 3916,
    "num_channels": 37404,
    "total_network_capacity": "93305553265",
    "avg_channel_size": 2494534.0943481983,
    "min_channel_size": "1100",
    "max_channel_size": "16777216"
}
