{
    "graph_diameter": 0,
    "avg_out_degree": 9.639122672787554,
    "max_out_degree": 1145,
    "num_nodes": 3921,
    "num_channels": 37795,
    "total_network_capacity": "97681406294",
    "avg_channel_size": 2584506.053552057,
    "min_channel_size": "1100",
    "max_channel_size": "16777216"
}
