{
    "graph_diameter": 0,
    "avg_out_degree": 9.31336405529954,
    "max_out_degree": 1109,
    "num_nodes": 3906,
    "num_channels": 36378,
    "total_network_capacity": "82614955999",
    "avg_channel_size": 2271014.2393479575,
    "min_channel_size": "1100",
    "max_channel_size": "16777216"
}
