{
    "graph_diameter": 0,
    "avg_out_degree": 9.325224071702944,
    "max_out_degree": 1107,
    "num_nodes": 3905,
    "num_channels": 36415,
    "total_network_capacity": "82774424202",
    "avg_channel_size": 2273085.931676507,
    "min_channel_size": "1100",
    "max_channel_size": "16777216"
}
