{
    "graph_diameter": 0,
    "avg_out_degree": 9.638102524866106,
    "max_out_degree": 1145,
    "num_nodes": 3921,
    "num_channels": 37791,
    "total_network_capacity": "97660606294",
    "avg_channel_size": 2584229.21579212,
    "min_channel_size": "1100",
    "max_channel_size": "16777216"
}
