{
    "graph_diameter": 0,
    "avg_out_degree": 9.321812596006144,
    "max_out_degree": 1107,
    "num_nodes": 3906,
    "num_channels": 36411,
    "total_network_capacity": "82742440770",
    "avg_channel_size": 2272457.2456125896,
    "min_channel_size": "1100",
    "max_channel_size": "16777216"
}
