{
    "graph_diameter": 0,
    "avg_out_degree": 9.30568356374808,
    "max_out_degree": 1109,
    "num_nodes": 3906,
    "num_channels": 36348,
    "total_network_capacity": "82527049976",
    "avg_channel_size": 2270470.176515902,
    "min_channel_size": "1100",
    "max_channel_size": "16777216"
}
