{
    "graph_diameter": 0,
    "avg_out_degree": 9.573653306101608,
    "max_out_degree": 1131,
    "num_nodes": 3917,
    "num_channels": 37500,
    "total_network_capacity": "94646512062",
    "avg_channel_size": 2523906.98832,
    "min_channel_size": "1100",
    "max_channel_size": "16777216"
}
