{
    "graph_diameter": 0,
    "avg_out_degree": 9.273423538422263,
    "max_out_degree": 1106,
    "num_nodes": 3917,
    "num_channels": 36324,
    "total_network_capacity": "82561553369",
    "avg_channel_size": 2272920.200666226,
    "min_channel_size": "1100",
    "max_channel_size": "16777216"
}
