{
    "graph_diameter": 0,
    "avg_out_degree": 9.637939826619071,
    "max_out_degree": 1145,
    "num_nodes": 3922,
    "num_channels": 37800,
    "total_network_capacity": "97691712453",
    "avg_channel_size": 2584436.837380952,
    "min_channel_size": "1100",
    "max_channel_size": "16777216"
}
