{
    "graph_diameter": 0,
    "avg_out_degree": 9.312867741110258,
    "max_out_degree": 1109,
    "num_nodes": 3909,
    "num_channels": 36404,
    "total_network_capacity": "82741489496",
    "avg_channel_size": 2272868.077573893,
    "min_channel_size": "1100",
    "max_channel_size": "16777216"
}
