{
    "graph_diameter": 0,
    "avg_out_degree": 9.308755760368664,
    "max_out_degree": 1106,
    "num_nodes": 3906,
    "num_channels": 36360,
    "total_network_capacity": "82576315312",
    "avg_channel_size": 2271075.7786578657,
    "min_channel_size": "1100",
    "max_channel_size": "16777216"
}
