{
    "graph_diameter": 0,
    "avg_out_degree": 9.3053493729204,
    "max_out_degree": 1109,
    "num_nodes": 3907,
    "num_channels": 36356,
    "total_network_capacity": "82487756597",
    "avg_channel_size": 2268889.7732698866,
    "min_channel_size": "1100",
    "max_channel_size": "16777216"
}
