{
    "graph_diameter": 0,
    "avg_out_degree": 9.268622448979592,
    "max_out_degree": 1106,
    "num_nodes": 3920,
    "num_channels": 36333,
    "total_network_capacity": "82566053369",
    "avg_channel_size": 2272481.0329177333,
    "min_channel_size": "1100",
    "max_channel_size": "16777216"
}
