{
    "graph_diameter": 0,
    "avg_out_degree": 9.550051072522983,
    "max_out_degree": 1131,
    "num_nodes": 3916,
    "num_channels": 37398,
    "total_network_capacity": "93270553265",
    "avg_channel_size": 2493998.4294614685,
    "min_channel_size": "1100",
    "max_channel_size": "16777216"
}
