{
    "graph_diameter": 0,
    "avg_out_degree": 9.314307652930637,
    "max_out_degree": 1109,
    "num_nodes": 3907,
    "num_channels": 36391,
    "total_network_capacity": "82618359781",
    "avg_channel_size": 2270296.495864362,
    "min_channel_size": "1100",
    "max_channel_size": "16777216"
}
