{
    "graph_diameter": 0,
    "avg_out_degree": 9.318205128205129,
    "max_out_degree": 1106,
    "num_nodes": 3900,
    "num_channels": 36341,
    "total_network_capacity": "82569428263",
    "avg_channel_size": 2272073.6430753144,
    "min_channel_size": "1100",
    "max_channel_size": "16777216"
}
