{
    "graph_diameter": 0,
    "avg_out_degree": 9.636734693877552,
    "max_out_degree": 1145,
    "num_nodes": 3920,
    "num_channels": 37776,
    "total_network_capacity": "97559828718",
    "avg_channel_size": 2582587.587833545,
    "min_channel_size": "1100",
    "max_channel_size": "16777216"
}
