{
    "graph_diameter": 0,
    "avg_out_degree": 9.648063200815495,
    "max_out_degree": 1146,
    "num_nodes": 3924,
    "num_channels": 37859,
    "total_network_capacity": "98139449431",
    "avg_channel_size": 2592235.648881376,
    "min_channel_size": "1100",
    "max_channel_size": "16777216"
}
