{
    "graph_diameter": 0,
    "avg_out_degree": 9.313317936874519,
    "max_out_degree": 1106,
    "num_nodes": 3897,
    "num_channels": 36294,
    "total_network_capacity": "82511513510",
    "avg_channel_size": 2273420.2212486914,
    "min_channel_size": "1100",
    "max_channel_size": "16777216"
}
