{
    "graph_diameter": 0,
    "avg_out_degree": 9.320778888034845,
    "max_out_degree": 1108,
    "num_nodes": 3903,
    "num_channels": 36379,
    "total_network_capacity": "82649344707",
    "avg_channel_size": 2271897.1029165178,
    "min_channel_size": "1100",
    "max_channel_size": "16777216"
}
