{
    "graph_diameter": 0,
    "avg_out_degree": 9.243667068757539,
    "max_out_degree": 1146,
    "num_nodes": 4145,
    "num_channels": 38315,
    "total_network_capacity": "98600831802",
    "avg_channel_size": 2573426.3813650007,
    "min_channel_size": "1050",
    "max_channel_size": "16777216"
}
