{
    "graph_diameter": 0,
    "avg_out_degree": 9.551327885597548,
    "max_out_degree": 1131,
    "num_nodes": 3916,
    "num_channels": 37403,
    "total_network_capacity": "93303553265",
    "avg_channel_size": 2494547.316124375,
    "min_channel_size": "1100",
    "max_channel_size": "16777216"
}
