{
    "graph_diameter": 0,
    "avg_out_degree": 9.393358876117496,
    "max_out_degree": 1132,
    "num_nodes": 3915,
    "num_channels": 36775,
    "total_network_capacity": "85929076348",
    "avg_channel_size": 2336616.6240108768,
    "min_channel_size": "1100",
    "max_channel_size": "16777216"
}
