{
    "graph_diameter": 0,
    "avg_out_degree": 9.62541464659352,
    "max_out_degree": 1151,
    "num_nodes": 3919,
    "num_channels": 37722,
    "total_network_capacity": "96872521803",
    "avg_channel_size": 2568064.3073803084,
    "min_channel_size": "1100",
    "max_channel_size": "16777216"
}
