{
    "graph_diameter": 0,
    "avg_out_degree": 9.313539800358331,
    "max_out_degree": 1109,
    "num_nodes": 3907,
    "num_channels": 36388,
    "total_network_capacity": "82618298521",
    "avg_channel_size": 2270481.9863966145,
    "min_channel_size": "1100",
    "max_channel_size": "16777216"
}
