{
    "graph_diameter": 0,
    "avg_out_degree": 9.316329146372725,
    "max_out_degree": 1106,
    "num_nodes": 3901,
    "num_channels": 36343,
    "total_network_capacity": "82569684263",
    "avg_channel_size": 2271955.652065047,
    "min_channel_size": "1100",
    "max_channel_size": "16777216"
}
