{
    "graph_diameter": 0,
    "avg_out_degree": 9.272959836275263,
    "max_out_degree": 1106,
    "num_nodes": 3909,
    "num_channels": 36248,
    "total_network_capacity": "82514943629",
    "avg_channel_size": 2276399.90148422,
    "min_channel_size": "1100",
    "max_channel_size": "16777216"
}
