{
    "graph_diameter": 0,
    "avg_out_degree": 9.312916453100973,
    "max_out_degree": 1106,
    "num_nodes": 3902,
    "num_channels": 36339,
    "total_network_capacity": "82549706989",
    "avg_channel_size": 2271655.9891301356,
    "min_channel_size": "1100",
    "max_channel_size": "16777216"
}
