{
    "graph_diameter": 0,
    "avg_out_degree": 9.49093694153689,
    "max_out_degree": 1131,
    "num_nodes": 3917,
    "num_channels": 37176,
    "total_network_capacity": "91114294416",
    "avg_channel_size": 2450890.209167205,
    "min_channel_size": "1100",
    "max_channel_size": "16777216"
}
