{
    "graph_diameter": 0,
    "avg_out_degree": 9.327100409836065,
    "max_out_degree": 1108,
    "num_nodes": 3904,
    "num_channels": 36413,
    "total_network_capacity": "82738289975",
    "avg_channel_size": 2272218.437783209,
    "min_channel_size": "1100",
    "max_channel_size": "16777216"
}
