{
    "graph_diameter": 0,
    "avg_out_degree": 9.482767424049017,
    "max_out_degree": 1131,
    "num_nodes": 3917,
    "num_channels": 37144,
    "total_network_capacity": "90833429498",
    "avg_channel_size": 2445440.1652487614,
    "min_channel_size": "1100",
    "max_channel_size": "16777216"
}
