{
    "graph_diameter": 0,
    "avg_out_degree": 9.649847094801224,
    "max_out_degree": 1146,
    "num_nodes": 3924,
    "num_channels": 37866,
    "total_network_capacity": "98149272193",
    "avg_channel_size": 2592015.850446311,
    "min_channel_size": "1100",
    "max_channel_size": "16777216"
}
