{
    "graph_diameter": 0,
    "avg_out_degree": 9.328637295081966,
    "max_out_degree": 1108,
    "num_nodes": 3904,
    "num_channels": 36419,
    "total_network_capacity": "82755285342",
    "avg_channel_size": 2272310.7537823664,
    "min_channel_size": "1100",
    "max_channel_size": "16777216"
}
