{
    "graph_diameter": 0,
    "avg_out_degree": 9.36561062851303,
    "max_out_degree": 1131,
    "num_nodes": 3914,
    "num_channels": 36657,
    "total_network_capacity": "84799279401",
    "avg_channel_size": 2313317.494639496,
    "min_channel_size": "1100",
    "max_channel_size": "16777216"
}
