{
    "graph_diameter": 0,
    "avg_out_degree": 9.647208768799388,
    "max_out_degree": 1146,
    "num_nodes": 3923,
    "num_channels": 37846,
    "total_network_capacity": "98114867150",
    "avg_channel_size": 2592476.5404534163,
    "min_channel_size": "1100",
    "max_channel_size": "16777216"
}
