{
    "graph_diameter": 0,
    "avg_out_degree": 9.312291506286888,
    "max_out_degree": 1106,
    "num_nodes": 3897,
    "num_channels": 36290,
    "total_network_capacity": "82504713510",
    "avg_channel_size": 2273483.4254615596,
    "min_channel_size": "1100",
    "max_channel_size": "16777216"
}
