{
    "graph_diameter": 0,
    "avg_out_degree": 9.315061475409836,
    "max_out_degree": 1108,
    "num_nodes": 3904,
    "num_channels": 36366,
    "total_network_capacity": "82588200513",
    "avg_channel_size": 2271027.897294176,
    "min_channel_size": "1100",
    "max_channel_size": "16777216"
}
