{
    "graph_diameter": 0,
    "avg_out_degree": 9.306629127207577,
    "max_out_degree": 1109,
    "num_nodes": 3907,
    "num_channels": 36361,
    "total_network_capacity": "82491194074",
    "avg_channel_size": 2268672.315777894,
    "min_channel_size": "1100",
    "max_channel_size": "16777216"
}
