{
    "graph_diameter": 0,
    "avg_out_degree": 9.32462877624168,
    "max_out_degree": 1107,
    "num_nodes": 3906,
    "num_channels": 36422,
    "total_network_capacity": "82762821556",
    "avg_channel_size": 2272330.502333754,
    "min_channel_size": "1100",
    "max_channel_size": "16777216"
}
