{
    "graph_diameter": 0,
    "avg_out_degree": 9.638287025235789,
    "max_out_degree": 1145,
    "num_nodes": 3923,
    "num_channels": 37811,
    "total_network_capacity": "97724228233",
    "avg_channel_size": 2584544.9269524743,
    "min_channel_size": "1100",
    "max_channel_size": "16777216"
}
