{
    "graph_diameter": 0,
    "avg_out_degree": 9.329746348962336,
    "max_out_degree": 1107,
    "num_nodes": 3903,
    "num_channels": 36414,
    "total_network_capacity": "82749752248",
    "avg_channel_size": 2272470.814741583,
    "min_channel_size": "1100",
    "max_channel_size": "16777216"
}
