{
    "graph_diameter": 0,
    "avg_out_degree": 9.327319587628866,
    "max_out_degree": 1106,
    "num_nodes": 3880,
    "num_channels": 36190,
    "total_network_capacity": "82423885095",
    "avg_channel_size": 2277532.0556783644,
    "min_channel_size": "1100",
    "max_channel_size": "16777216"
}
