{
    "graph_diameter": 0,
    "avg_out_degree": 9.327868852459016,
    "max_out_degree": 1108,
    "num_nodes": 3904,
    "num_channels": 36416,
    "total_network_capacity": "82744667842",
    "avg_channel_size": 2272206.3884556238,
    "min_channel_size": "1100",
    "max_channel_size": "16777216"
}
