{
    "graph_diameter": 0,
    "avg_out_degree": 9.541113381001022,
    "max_out_degree": 1131,
    "num_nodes": 3916,
    "num_channels": 37363,
    "total_network_capacity": "92930040897",
    "avg_channel_size": 2487221.071568129,
    "min_channel_size": "1100",
    "max_channel_size": "16777216"
}
