{
    "graph_diameter": 0,
    "avg_out_degree": 9.308243727598565,
    "max_out_degree": 1109,
    "num_nodes": 3906,
    "num_channels": 36358,
    "total_network_capacity": "82554449976",
    "avg_channel_size": 2270599.317234171,
    "min_channel_size": "1100",
    "max_channel_size": "16777216"
}
