{
    "graph_diameter": 0,
    "avg_out_degree": 9.333333333333334,
    "max_out_degree": 1131,
    "num_nodes": 3912,
    "num_channels": 36512,
    "total_network_capacity": "83489450197",
    "avg_channel_size": 2286630.428270158,
    "min_channel_size": "1100",
    "max_channel_size": "16777216"
}
