{
    "graph_diameter": 0,
    "avg_out_degree": 9.32205995388163,
    "max_out_degree": 1108,
    "num_nodes": 3903,
    "num_channels": 36384,
    "total_network_capacity": "82657844707",
    "avg_channel_size": 2271818.511076297,
    "min_channel_size": "1100",
    "max_channel_size": "16777216"
}
