{
    "graph_diameter": 0,
    "avg_out_degree": 9.317785750896975,
    "max_out_degree": 1108,
    "num_nodes": 3902,
    "num_channels": 36358,
    "total_network_capacity": "82579622817",
    "avg_channel_size": 2271291.67767754,
    "min_channel_size": "1100",
    "max_channel_size": "16777216"
}
