{
    "graph_diameter": 0,
    "avg_out_degree": 9.490426346693898,
    "max_out_degree": 1131,
    "num_nodes": 3917,
    "num_channels": 37174,
    "total_network_capacity": "91071813857",
    "avg_channel_size": 2449879.320412116,
    "min_channel_size": "1100",
    "max_channel_size": "16777216"
}
