{
    "graph_diameter": 0,
    "avg_out_degree": 9.577059120768064,
    "max_out_degree": 1146,
    "num_nodes": 3958,
    "num_channels": 37906,
    "total_network_capacity": "98393772787",
    "avg_channel_size": 2595730.82854957,
    "min_channel_size": "1050",
    "max_channel_size": "16777216"
}
