{
    "graph_diameter": 0,
    "avg_out_degree": 9.326844262295081,
    "max_out_degree": 1108,
    "num_nodes": 3904,
    "num_channels": 36412,
    "total_network_capacity": "82743189975",
    "avg_channel_size": 2272415.4118147865,
    "min_channel_size": "1100",
    "max_channel_size": "16777216"
}
