{
    "graph_diameter": 0,
    "avg_out_degree": 9.273563218390805,
    "max_out_degree": 1106,
    "num_nodes": 3915,
    "num_channels": 36306,
    "total_network_capacity": "82531931615",
    "avg_channel_size": 2273231.190849997,
    "min_channel_size": "1100",
    "max_channel_size": "16777216"
}
