{
    "graph_diameter": 0,
    "avg_out_degree": 9.316598360655737,
    "max_out_degree": 1108,
    "num_nodes": 3904,
    "num_channels": 36372,
    "total_network_capacity": "82607195013",
    "avg_channel_size": 2271175.4924942264,
    "min_channel_size": "1100",
    "max_channel_size": "16777216"
}
