{
    "graph_diameter": 0,
    "avg_out_degree": 9.217307692307692,
    "max_out_degree": 1146,
    "num_nodes": 4160,
    "num_channels": 38344,
    "total_network_capacity": "98613252770",
    "avg_channel_size": 2571804.0050594616,
    "min_channel_size": "1050",
    "max_channel_size": "16777216"
}
