{
    "graph_diameter": 0,
    "avg_out_degree": 9.32949013579298,
    "max_out_degree": 1107,
    "num_nodes": 3903,
    "num_channels": 36413,
    "total_network_capacity": "82776090934",
    "avg_channel_size": 2273256.5549117075,
    "min_channel_size": "1100",
    "max_channel_size": "16777216"
}
