{
    "graph_diameter": 0,
    "avg_out_degree": 9.304581520348092,
    "max_out_degree": 1109,
    "num_nodes": 3907,
    "num_channels": 36353,
    "total_network_capacity": "82528609977",
    "avg_channel_size": 2270200.8081038706,
    "min_channel_size": "1100",
    "max_channel_size": "16777216"
}
