{
    "graph_diameter": 0,
    "avg_out_degree": 9.324455825864277,
    "max_out_degree": 1108,
    "num_nodes": 3905,
    "num_channels": 36412,
    "total_network_capacity": "82715023769",
    "avg_channel_size": 2271641.8699604524,
    "min_channel_size": "1100",
    "max_channel_size": "16777216"
}
