{
    "graph_diameter": 0,
    "avg_out_degree": 9.308876346844535,
    "max_out_degree": 1106,
    "num_nodes": 3898,
    "num_channels": 36286,
    "total_network_capacity": "82484637132",
    "avg_channel_size": 2273180.7620569915,
    "min_channel_size": "1100",
    "max_channel_size": "16777216"
}
