{
    "graph_diameter": 0,
    "avg_out_degree": 9.30586127463527,
    "max_out_degree": 1109,
    "num_nodes": 3907,
    "num_channels": 36358,
    "total_network_capacity": "82489728139",
    "avg_channel_size": 2268819.1907970738,
    "min_channel_size": "1100",
    "max_channel_size": "16777216"
}
