{
    "graph_diameter": 0,
    "avg_out_degree": 9.243425814234017,
    "max_out_degree": 1146,
    "num_nodes": 4145,
    "num_channels": 38314,
    "total_network_capacity": "98590831802",
    "avg_channel_size": 2573232.5469019157,
    "min_channel_size": "1050",
    "max_channel_size": "16777216"
}
