{
    "graph_diameter": 0,
    "avg_out_degree": 9.317110655737705,
    "max_out_degree": 1108,
    "num_nodes": 3904,
    "num_channels": 36374,
    "total_network_capacity": "82608296193",
    "avg_channel_size": 2271080.8872546325,
    "min_channel_size": "1100",
    "max_channel_size": "16777216"
}
