{
    "graph_diameter": 0,
    "avg_out_degree": 9.55808016339035,
    "max_out_degree": 1131,
    "num_nodes": 3917,
    "num_channels": 37439,
    "total_network_capacity": "93696929127",
    "avg_channel_size": 2502655.76342851,
    "min_channel_size": "1100",
    "max_channel_size": "16777216"
}
