{
    "graph_diameter": 0,
    "avg_out_degree": 9.638541932194748,
    "max_out_degree": 1145,
    "num_nodes": 3923,
    "num_channels": 37812,
    "total_network_capacity": "97724478233",
    "avg_channel_size": 2584483.1861049403,
    "min_channel_size": "1100",
    "max_channel_size": "16777216"
}
