{
    "graph_diameter": 0,
    "avg_out_degree": 9.362544711292795,
    "max_out_degree": 1131,
    "num_nodes": 3914,
    "num_channels": 36645,
    "total_network_capacity": "84709929401",
    "avg_channel_size": 2311636.7690271526,
    "min_channel_size": "1100",
    "max_channel_size": "16777216"
}
