{
    "graph_diameter": 0,
    "avg_out_degree": 9.511105437835077,
    "max_out_degree": 1131,
    "num_nodes": 3917,
    "num_channels": 37255,
    "total_network_capacity": "91815523981",
    "avg_channel_size": 2464515.4739229633,
    "min_channel_size": "1100",
    "max_channel_size": "16777216"
}
