{
    "graph_diameter": 0,
    "avg_out_degree": 9.270359969364309,
    "max_out_degree": 1106,
    "num_nodes": 3917,
    "num_channels": 36312,
    "total_network_capacity": "82533781615",
    "avg_channel_size": 2272906.521673276,
    "min_channel_size": "1100",
    "max_channel_size": "16777216"
}
