{
    "graph_diameter": 0,
    "avg_out_degree": 9.52591268828185,
    "max_out_degree": 1131,
    "num_nodes": 3917,
    "num_channels": 37313,
    "total_network_capacity": "92411741677",
    "avg_channel_size": 2476663.4062391124,
    "min_channel_size": "1100",
    "max_channel_size": "16777216"
}
