{
    "graph_diameter": 0,
    "avg_out_degree": 9.322836661546338,
    "max_out_degree": 1107,
    "num_nodes": 3906,
    "num_channels": 36415,
    "total_network_capacity": "82775054816",
    "avg_channel_size": 2273103.2491006455,
    "min_channel_size": "1100",
    "max_channel_size": "16777216"
}
