{
    "graph_diameter": 0,
    "avg_out_degree": 9.407766990291263,
    "max_out_degree": 1132,
    "num_nodes": 3914,
    "num_channels": 36822,
    "total_network_capacity": "86510597134",
    "avg_channel_size": 2349426.895171365,
    "min_channel_size": "1100",
    "max_channel_size": "16777216"
}
