{
    "graph_diameter": 0,
    "avg_out_degree": 9.312804721580703,
    "max_out_degree": 1106,
    "num_nodes": 3897,
    "num_channels": 36292,
    "total_network_capacity": "82510813510",
    "avg_channel_size": 2273526.2181748045,
    "min_channel_size": "1100",
    "max_channel_size": "16777216"
}
