{
    "graph_diameter": 0,
    "avg_out_degree": 9.621331972441949,
    "max_out_degree": 1151,
    "num_nodes": 3919,
    "num_channels": 37706,
    "total_network_capacity": "96879375010",
    "avg_channel_size": 2569335.7823688537,
    "min_channel_size": "1100",
    "max_channel_size": "16777216"
}
