{
    "graph_diameter": 0,
    "avg_out_degree": 9.32078853046595,
    "max_out_degree": 1107,
    "num_nodes": 3906,
    "num_channels": 36407,
    "total_network_capacity": "82741651166",
    "avg_channel_size": 2272685.2299283105,
    "min_channel_size": "1100",
    "max_channel_size": "16777216"
}
