{
    "graph_diameter": 0,
    "avg_out_degree": 9.306707629288274,
    "max_out_degree": 1109,
    "num_nodes": 3906,
    "num_channels": 36352,
    "total_network_capacity": "82536849976",
    "avg_channel_size": 2270489.931117958,
    "min_channel_size": "1100",
    "max_channel_size": "16777216"
}
