{
    "graph_diameter": 0,
    "avg_out_degree": 9.327868852459016,
    "max_out_degree": 1108,
    "num_nodes": 3904,
    "num_channels": 36416,
    "total_network_capacity": "82734462643",
    "avg_channel_size": 2271926.1490279,
    "min_channel_size": "1100",
    "max_channel_size": "16777216"
}
