{
    "graph_diameter": 0,
    "avg_out_degree": 9.523104416645392,
    "max_out_degree": 1131,
    "num_nodes": 3917,
    "num_channels": 37302,
    "total_network_capacity": "92310108726",
    "avg_channel_size": 2474669.1524851215,
    "min_channel_size": "1100",
    "max_channel_size": "16777216"
}
