{
    "graph_diameter": 0,
    "avg_out_degree": 9.362033725089423,
    "max_out_degree": 1131,
    "num_nodes": 3914,
    "num_channels": 36643,
    "total_network_capacity": "84694929401",
    "avg_channel_size": 2311353.584613705,
    "min_channel_size": "1100",
    "max_channel_size": "16777216"
}
