{
    "graph_diameter": 0,
    "avg_out_degree": 9.158097996620807,
    "max_out_degree": 1146,
    "num_nodes": 4143,
    "num_channels": 37942,
    "total_network_capacity": "98370754611",
    "avg_channel_size": 2592661.288572031,
    "min_channel_size": "1050",
    "max_channel_size": "16777216"
}
