{
    "graph_diameter": 0,
    "avg_out_degree": 9.318925831202046,
    "max_out_degree": 1131,
    "num_nodes": 3910,
    "num_channels": 36437,
    "total_network_capacity": "82800726522",
    "avg_channel_size": 2272435.341054423,
    "min_channel_size": "1100",
    "max_channel_size": "16777216"
}
