{
    "graph_diameter": 0,
    "avg_out_degree": 9.307908881494752,
    "max_out_degree": 1109,
    "num_nodes": 3907,
    "num_channels": 36366,
    "total_network_capacity": "82503214074",
    "avg_channel_size": 2268690.922125062,
    "min_channel_size": "1100",
    "max_channel_size": "16777216"
}
