{
    "graph_diameter": 0,
    "avg_out_degree": 9.317098179953858,
    "max_out_degree": 1106,
    "num_nodes": 3901,
    "num_channels": 36346,
    "total_network_capacity": "82570274103",
    "avg_channel_size": 2271784.353243823,
    "min_channel_size": "1100",
    "max_channel_size": "16777216"
}
