{
    "graph_diameter": 0,
    "avg_out_degree": 9.323860727086533,
    "max_out_degree": 1108,
    "num_nodes": 3906,
    "num_channels": 36419,
    "total_network_capacity": "82719022634",
    "avg_channel_size": 2271315.045278563,
    "min_channel_size": "1100",
    "max_channel_size": "16777216"
}
