{
    "graph_diameter": 0,
    "avg_out_degree": 9.313524590163935,
    "max_out_degree": 1109,
    "num_nodes": 3904,
    "num_channels": 36360,
    "total_network_capacity": "82557936103",
    "avg_channel_size": 2270570.2998624863,
    "min_channel_size": "1100",
    "max_channel_size": "16777216"
}
