{
    "graph_diameter": 0,
    "avg_out_degree": 9.326331967213115,
    "max_out_degree": 1108,
    "num_nodes": 3904,
    "num_channels": 36410,
    "total_network_capacity": "82742389975",
    "avg_channel_size": 2272518.263526504,
    "min_channel_size": "1100",
    "max_channel_size": "16777216"
}
