{
    "graph_diameter": 0,
    "avg_out_degree": 9.384929757343551,
    "max_out_degree": 1131,
    "num_nodes": 3915,
    "num_channels": 36742,
    "total_network_capacity": "85544892230",
    "avg_channel_size": 2328259.001415274,
    "min_channel_size": "1100",
    "max_channel_size": "16777216"
}
