{
    "graph_diameter": 0,
    "avg_out_degree": 9.30637317635014,
    "max_out_degree": 1109,
    "num_nodes": 3907,
    "num_channels": 36360,
    "total_network_capacity": "82490788559",
    "avg_channel_size": 2268723.557728273,
    "min_channel_size": "1100",
    "max_channel_size": "16777216"
}
