{
    "graph_diameter": 0,
    "avg_out_degree": 9.09868578255675,
    "max_out_degree": 1146,
    "num_nodes": 4185,
    "num_channels": 38078,
    "total_network_capacity": "98377623693",
    "avg_channel_size": 2583581.6926571773,
    "min_channel_size": "1050",
    "max_channel_size": "16777216"
}
