{
    "graph_diameter": 0,
    "avg_out_degree": 9.63868333758612,
    "max_out_degree": 1145,
    "num_nodes": 3919,
    "num_channels": 37774,
    "total_network_capacity": "97553998718",
    "avg_channel_size": 2582569.9877693653,
    "min_channel_size": "1100",
    "max_channel_size": "16777216"
}
