{
    "graph_diameter": 0,
    "avg_out_degree": 9.318391393442623,
    "max_out_degree": 1108,
    "num_nodes": 3904,
    "num_channels": 36379,
    "total_network_capacity": "82617041165",
    "avg_channel_size": 2271009.1306797876,
    "min_channel_size": "1100",
    "max_channel_size": "16777216"
}
