{
    "graph_diameter": 0,
    "avg_out_degree": 9.63879683915371,
    "max_out_degree": 1145,
    "num_nodes": 3923,
    "num_channels": 37813,
    "total_network_capacity": "97724678035",
    "avg_channel_size": 2584420.1209901357,
    "min_channel_size": "1100",
    "max_channel_size": "16777216"
}
