{
    "graph_diameter": 0,
    "avg_out_degree": 9.522338524380904,
    "max_out_degree": 1131,
    "num_nodes": 3917,
    "num_channels": 37299,
    "total_network_capacity": "92265838287",
    "avg_channel_size": 2473681.28601303,
    "min_channel_size": "1100",
    "max_channel_size": "16777216"
}
