{
    "graph_diameter": 0,
    "avg_out_degree": 9.638379204892967,
    "max_out_degree": 1145,
    "num_nodes": 3924,
    "num_channels": 37821,
    "total_network_capacity": "97749263256",
    "avg_channel_size": 2584523.4990084874,
    "min_channel_size": "1100",
    "max_channel_size": "16777216"
}
