{
    "graph_diameter": 0,
    "avg_out_degree": 9.324967989756722,
    "max_out_degree": 1107,
    "num_nodes": 3905,
    "num_channels": 36414,
    "total_network_capacity": "82769347766",
    "avg_channel_size": 2273008.9461745485,
    "min_channel_size": "1100",
    "max_channel_size": "16777216"
}
