{
    "graph_diameter": 0,
    "avg_out_degree": 9.32889344262295,
    "max_out_degree": 1108,
    "num_nodes": 3904,
    "num_channels": 36420,
    "total_network_capacity": "82755385342",
    "avg_channel_size": 2272251.1076880833,
    "min_channel_size": "1100",
    "max_channel_size": "16777216"
}
