{
    "graph_diameter": 0,
    "avg_out_degree": 9.606586673474597,
    "max_out_degree": 1131,
    "num_nodes": 3917,
    "num_channels": 37629,
    "total_network_capacity": "96498869580",
    "avg_channel_size": 2564481.372877302,
    "min_channel_size": "1100",
    "max_channel_size": "16777216"
}
