{
    "graph_diameter": 0,
    "avg_out_degree": 9.306824012314006,
    "max_out_degree": 1106,
    "num_nodes": 3898,
    "num_channels": 36278,
    "total_network_capacity": "82451362163",
    "avg_channel_size": 2272764.8206350957,
    "min_channel_size": "1100",
    "max_channel_size": "16777216"
}
