{
    "graph_diameter": 0,
    "avg_out_degree": 9.310485933503836,
    "max_out_degree": 1109,
    "num_nodes": 3910,
    "num_channels": 36404,
    "total_network_capacity": "82764904496",
    "avg_channel_size": 2273511.2761235028,
    "min_channel_size": "1100",
    "max_channel_size": "16777216"
}
