{
    "graph_diameter": 0,
    "avg_out_degree": 9.323092677931388,
    "max_out_degree": 1108,
    "num_nodes": 3906,
    "num_channels": 36416,
    "total_network_capacity": "82742480443",
    "avg_channel_size": 2272146.321479569,
    "min_channel_size": "1100",
    "max_channel_size": "16777216"
}
