{
    "graph_diameter": 0,
    "avg_out_degree": 9.184242424242424,
    "max_out_degree": 1146,
    "num_nodes": 4125,
    "num_channels": 37885,
    "total_network_capacity": "98367846569",
    "avg_channel_size": 2596485.3258281644,
    "min_channel_size": "1050",
    "max_channel_size": "16777216"
}
