{
    "graph_diameter": 0,
    "avg_out_degree": 9.501659433239725,
    "max_out_degree": 1131,
    "num_nodes": 3917,
    "num_channels": 37218,
    "total_network_capacity": "91407664419",
    "avg_channel_size": 2456006.8896501693,
    "min_channel_size": "1100",
    "max_channel_size": "16777216"
}
