{
    "graph_diameter": 0,
    "avg_out_degree": 9.269642857142857,
    "max_out_degree": 1106,
    "num_nodes": 3920,
    "num_channels": 36337,
    "total_network_capacity": "82566273369",
    "avg_channel_size": 2272236.9311996037,
    "min_channel_size": "1100",
    "max_channel_size": "16777216"
}
