{
    "graph_diameter": 0,
    "avg_out_degree": 9.300307219662058,
    "max_out_degree": 1106,
    "num_nodes": 3906,
    "num_channels": 36327,
    "total_network_capacity": "82551946750",
    "avg_channel_size": 2272468.047182536,
    "min_channel_size": "1100",
    "max_channel_size": "16777216"
}
