{
    "graph_diameter": 0,
    "avg_out_degree": 9.647628760836309,
    "max_out_degree": 1146,
    "num_nodes": 3922,
    "num_channels": 37838,
    "total_network_capacity": "98037709970",
    "avg_channel_size": 2590985.5164120723,
    "min_channel_size": "1100",
    "max_channel_size": "16777216"
}
