{
    "graph_diameter": 0,
    "avg_out_degree": 9.329381443298969,
    "max_out_degree": 1106,
    "num_nodes": 3880,
    "num_channels": 36198,
    "total_network_capacity": "82426164394",
    "avg_channel_size": 2277091.6734073707,
    "min_channel_size": "1100",
    "max_channel_size": "16777216"
}
