{
    "graph_diameter": 0,
    "avg_out_degree": 8.092807424593968,
    "max_out_degree": 965,
    "num_nodes": 3017,
    "num_channels": 24416,
    "total_network_capacity": "65445022635",
    "avg_channel_size": 2680415.409362713,
    "min_channel_size": "1100",
    "max_channel_size": "16777216"
}
