{
    "graph_diameter": 0,
    "avg_out_degree": 8.108233731739707,
    "max_out_degree": 960,
    "num_nodes": 3012,
    "num_channels": 24422,
    "total_network_capacity": "65873833089",
    "avg_channel_size": 2697315.2521906476,
    "min_channel_size": "1100",
    "max_channel_size": "16777216"
}
