{
    "graph_diameter": 0,
    "avg_out_degree": 8.10641835716661,
    "max_out_degree": 956,
    "num_nodes": 3007,
    "num_channels": 24376,
    "total_network_capacity": "65902113454",
    "avg_channel_size": 2703565.533885789,
    "min_channel_size": "1100",
    "max_channel_size": "16777216"
}
