{
    "graph_diameter": 0,
    "avg_out_degree": 8.120066334991709,
    "max_out_degree": 965,
    "num_nodes": 3015,
    "num_channels": 24482,
    "total_network_capacity": "65906960644",
    "avg_channel_size": 2692057.864716935,
    "min_channel_size": "1100",
    "max_channel_size": "16777216"
}
