{
    "graph_diameter": 0,
    "avg_out_degree": 8.113636363636363,
    "max_out_degree": 956,
    "num_nodes": 2992,
    "num_channels": 24276,
    "total_network_capacity": "65737742303",
    "avg_channel_size": 2707931.385030483,
    "min_channel_size": "1100",
    "max_channel_size": "16777216"
}
