{
    "graph_diameter": 0,
    "avg_out_degree": 8.103861517976032,
    "max_out_degree": 956,
    "num_nodes": 3004,
    "num_channels": 24344,
    "total_network_capacity": "65844865278",
    "avg_channel_size": 2704767.7159875124,
    "min_channel_size": "1100",
    "max_channel_size": "16777216"
}
