{
    "graph_diameter": 0,
    "avg_out_degree": 8.116395078150981,
    "max_out_degree": 963,
    "num_nodes": 3007,
    "num_channels": 24406,
    "total_network_capacity": "65936770422",
    "avg_channel_size": 2701662.3134475127,
    "min_channel_size": "1100",
    "max_channel_size": "16777216"
}
