{
    "graph_diameter": 0,
    "avg_out_degree": 8.113696808510639,
    "max_out_degree": 963,
    "num_nodes": 3008,
    "num_channels": 24406,
    "total_network_capacity": "65935657104",
    "avg_channel_size": 2701616.696877817,
    "min_channel_size": "1100",
    "max_channel_size": "16777216"
}
