{
    "graph_diameter": 0,
    "avg_out_degree": 8.108666666666666,
    "max_out_degree": 957,
    "num_nodes": 3000,
    "num_channels": 24326,
    "total_network_capacity": "65819386396",
    "avg_channel_size": 2705721.7132286443,
    "min_channel_size": "1100",
    "max_channel_size": "16777216"
}
