{
    "graph_diameter": 0,
    "avg_out_degree": 8.103883172917358,
    "max_out_degree": 961,
    "num_nodes": 3013,
    "num_channels": 24417,
    "total_network_capacity": "65866705821",
    "avg_channel_size": 2697575.6981201624,
    "min_channel_size": "1100",
    "max_channel_size": "16777216"
}
