{
    "graph_diameter": 0,
    "avg_out_degree": 8.089883913764512,
    "max_out_degree": 964,
    "num_nodes": 3015,
    "num_channels": 24391,
    "total_network_capacity": "65383758132",
    "avg_channel_size": 2680650.98323152,
    "min_channel_size": "1100",
    "max_channel_size": "16777216"
}
