{
    "graph_diameter": 0,
    "avg_out_degree": 8.109776443109777,
    "max_out_degree": 956,
    "num_nodes": 2997,
    "num_channels": 24305,
    "total_network_capacity": "65789176291",
    "avg_channel_size": 2706816.5517794695,
    "min_channel_size": "1100",
    "max_channel_size": "16777216"
}
