{
    "graph_diameter": 0,
    "avg_out_degree": 8.09139072847682,
    "max_out_degree": 966,
    "num_nodes": 3020,
    "num_channels": 24436,
    "total_network_capacity": "65486913243",
    "avg_channel_size": 2679935.8832460307,
    "min_channel_size": "1100",
    "max_channel_size": "16777216"
}
