{
    "graph_diameter": 0,
    "avg_out_degree": 8.114873837981408,
    "max_out_degree": 961,
    "num_nodes": 3012,
    "num_channels": 24442,
    "total_network_capacity": "65896364757",
    "avg_channel_size": 2696029.9794206694,
    "min_channel_size": "1100",
    "max_channel_size": "16777216"
}
