{
    "graph_diameter": 0,
    "avg_out_degree": 8.093522802379379,
    "max_out_degree": 969,
    "num_nodes": 3026,
    "num_channels": 24491,
    "total_network_capacity": "65597201808",
    "avg_channel_size": 2678420.718141358,
    "min_channel_size": "1100",
    "max_channel_size": "16777216"
}
