{
    "graph_diameter": 0,
    "avg_out_degree": 8.107273331119229,
    "max_out_degree": 959,
    "num_nodes": 3011,
    "num_channels": 24411,
    "total_network_capacity": "65865846915",
    "avg_channel_size": 2698203.5522919996,
    "min_channel_size": "1100",
    "max_channel_size": "16777216"
}
