{
    "graph_diameter": 0,
    "avg_out_degree": 8.112967914438503,
    "max_out_degree": 956,
    "num_nodes": 2992,
    "num_channels": 24274,
    "total_network_capacity": "65736338303",
    "avg_channel_size": 2708096.6591002718,
    "min_channel_size": "1100",
    "max_channel_size": "16777216"
}
