{
    "graph_diameter": 0,
    "avg_out_degree": 8.120809824095586,
    "max_out_degree": 963,
    "num_nodes": 3013,
    "num_channels": 24468,
    "total_network_capacity": "65926361777",
    "avg_channel_size": 2694391.113985614,
    "min_channel_size": "1100",
    "max_channel_size": "16777216"
}
