{
    "graph_diameter": 0,
    "avg_out_degree": 8.11011011011011,
    "max_out_degree": 956,
    "num_nodes": 2997,
    "num_channels": 24306,
    "total_network_capacity": "65789226291",
    "avg_channel_size": 2706707.2447543815,
    "min_channel_size": "1100",
    "max_channel_size": "16777216"
}
