{
    "graph_diameter": 0,
    "avg_out_degree": 8.113264283327764,
    "max_out_degree": 956,
    "num_nodes": 2993,
    "num_channels": 24283,
    "total_network_capacity": "65757055324",
    "avg_channel_size": 2707946.1073178765,
    "min_channel_size": "1100",
    "max_channel_size": "16777216"
}
