{
    "graph_diameter": 0,
    "avg_out_degree": 8.10797342192691,
    "max_out_degree": 959,
    "num_nodes": 3010,
    "num_channels": 24405,
    "total_network_capacity": "65847586815",
    "avg_channel_size": 2698118.69760295,
    "min_channel_size": "1100",
    "max_channel_size": "16777216"
}
