{
    "graph_diameter": 0,
    "avg_out_degree": 8.110335659687603,
    "max_out_degree": 963,
    "num_nodes": 3009,
    "num_channels": 24404,
    "total_network_capacity": "65865150072",
    "avg_channel_size": 2698948.9457465988,
    "min_channel_size": "1100",
    "max_channel_size": "16777216"
}
