{
    "graph_diameter": 0,
    "avg_out_degree": 8.107369123041014,
    "max_out_degree": 957,
    "num_nodes": 2999,
    "num_channels": 24314,
    "total_network_capacity": "65790309669",
    "avg_channel_size": 2705861.2185983383,
    "min_channel_size": "1100",
    "max_channel_size": "16777216"
}
