{
    "graph_diameter": 0,
    "avg_out_degree": 8.10910910910911,
    "max_out_degree": 956,
    "num_nodes": 2997,
    "num_channels": 24303,
    "total_network_capacity": "65787387291",
    "avg_channel_size": 2706965.695222812,
    "min_channel_size": "1100",
    "max_channel_size": "16777216"
}
