{
    "graph_diameter": 0,
    "avg_out_degree": 8.104948522085685,
    "max_out_degree": 959,
    "num_nodes": 3011,
    "num_channels": 24404,
    "total_network_capacity": "65865959946",
    "avg_channel_size": 2698982.131863629,
    "min_channel_size": "1100",
    "max_channel_size": "16777216"
}
