{
    "graph_diameter": 0,
    "avg_out_degree": 8.109739826551033,
    "max_out_degree": 957,
    "num_nodes": 2998,
    "num_channels": 24313,
    "total_network_capacity": "65787684273",
    "avg_channel_size": 2705864.5281536626,
    "min_channel_size": "1100",
    "max_channel_size": "16777216"
}
