{
    "graph_diameter": 0,
    "avg_out_degree": 8.083499005964216,
    "max_out_degree": 965,
    "num_nodes": 3018,
    "num_channels": 24396,
    "total_network_capacity": "65381023579",
    "avg_channel_size": 2679989.489219544,
    "min_channel_size": "1100",
    "max_channel_size": "16777216"
}
