{
    "graph_diameter": 0,
    "avg_out_degree": 8.107641196013288,
    "max_out_degree": 963,
    "num_nodes": 3010,
    "num_channels": 24404,
    "total_network_capacity": "65868302672",
    "avg_channel_size": 2699078.129486969,
    "min_channel_size": "1100",
    "max_channel_size": "16777216"
}
