{
    "graph_diameter": 0,
    "avg_out_degree": 8.112596057467425,
    "max_out_degree": 956,
    "num_nodes": 2993,
    "num_channels": 24281,
    "total_network_capacity": "65756906694",
    "avg_channel_size": 2708163.0366953583,
    "min_channel_size": "1100",
    "max_channel_size": "16777216"
}
