{
    "graph_diameter": 0,
    "avg_out_degree": 8.111074049366245,
    "max_out_degree": 957,
    "num_nodes": 2998,
    "num_channels": 24317,
    "total_network_capacity": "65797701835",
    "avg_channel_size": 2705831.38688983,
    "min_channel_size": "1100",
    "max_channel_size": "16777216"
}
