{
    "graph_diameter": 0,
    "avg_out_degree": 8.107641196013288,
    "max_out_degree": 963,
    "num_nodes": 3010,
    "num_channels": 24404,
    "total_network_capacity": "65868550072",
    "avg_channel_size": 2699088.2671693163,
    "min_channel_size": "1100",
    "max_channel_size": "16777216"
}
