{
    "graph_diameter": 0,
    "avg_out_degree": 8.105944868814348,
    "max_out_degree": 959,
    "num_nodes": 3011,
    "num_channels": 24407,
    "total_network_capacity": "65845662516",
    "avg_channel_size": 2697818.761666735,
    "min_channel_size": "1100",
    "max_channel_size": "16777216"
}
