{
    "graph_diameter": 0,
    "avg_out_degree": 8.108739159439626,
    "max_out_degree": 955,
    "num_nodes": 2998,
    "num_channels": 24310,
    "total_network_capacity": "65792260428",
    "avg_channel_size": 2706386.6897573015,
    "min_channel_size": "1100",
    "max_channel_size": "16777216"
}
