{
    "graph_diameter": 0,
    "avg_out_degree": 8.110777444110777,
    "max_out_degree": 956,
    "num_nodes": 2997,
    "num_channels": 24308,
    "total_network_capacity": "65797989764",
    "avg_channel_size": 2706845.0618726346,
    "min_channel_size": "1100",
    "max_channel_size": "16777216"
}
