{
    "graph_diameter": 0,
    "avg_out_degree": 8.10659560293138,
    "max_out_degree": 956,
    "num_nodes": 3002,
    "num_channels": 24336,
    "total_network_capacity": "65833043916",
    "avg_channel_size": 2705171.1010848125,
    "min_channel_size": "1100",
    "max_channel_size": "16777216"
}
