{
    "graph_diameter": 0,
    "avg_out_degree": 8.106368789596532,
    "max_out_degree": 957,
    "num_nodes": 2999,
    "num_channels": 24311,
    "total_network_capacity": "65788249670",
    "avg_channel_size": 2706110.389124265,
    "min_channel_size": "1100",
    "max_channel_size": "16777216"
}
