{
    "graph_diameter": 0,
    "avg_out_degree": 8.10113107119095,
    "max_out_degree": 956,
    "num_nodes": 3006,
    "num_channels": 24352,
    "total_network_capacity": "65850442290",
    "avg_channel_size": 2704108.1755091986,
    "min_channel_size": "1100",
    "max_channel_size": "16777216"
}
