{
    "graph_diameter": 0,
    "avg_out_degree": 8.104527296937416,
    "max_out_degree": 956,
    "num_nodes": 3004,
    "num_channels": 24346,
    "total_network_capacity": "65844998059",
    "avg_channel_size": 2704550.975889263,
    "min_channel_size": "1100",
    "max_channel_size": "16777216"
}
