{
    "graph_diameter": 0,
    "avg_out_degree": 8.111927831607083,
    "max_out_degree": 956,
    "num_nodes": 2993,
    "num_channels": 24279,
    "total_network_capacity": "65740079479",
    "avg_channel_size": 2707693.046624655,
    "min_channel_size": "1100",
    "max_channel_size": "16777216"
}
