{
    "graph_diameter": 0,
    "avg_out_degree": 8.11981413873216,
    "max_out_degree": 963,
    "num_nodes": 3013,
    "num_channels": 24465,
    "total_network_capacity": "65895111777",
    "avg_channel_size": 2693444.176456162,
    "min_channel_size": "1100",
    "max_channel_size": "16777216"
}
