{
    "graph_diameter": 0,
    "avg_out_degree": 8.109072715143428,
    "max_out_degree": 957,
    "num_nodes": 2998,
    "num_channels": 24311,
    "total_network_capacity": "65770905172",
    "avg_channel_size": 2705396.946731932,
    "min_channel_size": "1100",
    "max_channel_size": "16777216"
}
