{
    "graph_diameter": 0,
    "avg_out_degree": 8.109036345448482,
    "max_out_degree": 956,
    "num_nodes": 2999,
    "num_channels": 24319,
    "total_network_capacity": "65800175141",
    "avg_channel_size": 2705710.5613306467,
    "min_channel_size": "1100",
    "max_channel_size": "16777216"
}
