{
    "graph_diameter": 0,
    "avg_out_degree": 8.090608465608465,
    "max_out_degree": 968,
    "num_nodes": 3024,
    "num_channels": 24466,
    "total_network_capacity": "65574917715",
    "avg_channel_size": 2680246.7798168887,
    "min_channel_size": "1100",
    "max_channel_size": "16777216"
}
