{
    "graph_diameter": 0,
    "avg_out_degree": 8.115011701771982,
    "max_out_degree": 956,
    "num_nodes": 2991,
    "num_channels": 24272,
    "total_network_capacity": "65733010326",
    "avg_channel_size": 2708182.6930619646,
    "min_channel_size": "1100",
    "max_channel_size": "16777216"
}
