{
    "graph_diameter": 0,
    "avg_out_degree": 8.120398009950248,
    "max_out_degree": 965,
    "num_nodes": 3015,
    "num_channels": 24483,
    "total_network_capacity": "65907110644",
    "avg_channel_size": 2691954.0352081037,
    "min_channel_size": "1100",
    "max_channel_size": "16777216"
}
