{
    "graph_diameter": 0,
    "avg_out_degree": 8.114639037433156,
    "max_out_degree": 956,
    "num_nodes": 2992,
    "num_channels": 24279,
    "total_network_capacity": "65739789479",
    "avg_channel_size": 2707681.1021458874,
    "min_channel_size": "1100",
    "max_channel_size": "16777216"
}
