{
    "graph_diameter": 0,
    "avg_out_degree": 8.095867768595042,
    "max_out_degree": 969,
    "num_nodes": 3025,
    "num_channels": 24490,
    "total_network_capacity": "65601001808",
    "avg_channel_size": 2678685.2514495715,
    "min_channel_size": "1100",
    "max_channel_size": "16777216"
}
