{
    "graph_diameter": 0,
    "avg_out_degree": 8.108637873754153,
    "max_out_degree": 959,
    "num_nodes": 3010,
    "num_channels": 24407,
    "total_network_capacity": "65846729356",
    "avg_channel_size": 2697862.4720776826,
    "min_channel_size": "1100",
    "max_channel_size": "16777216"
}
