{
    "graph_diameter": 0,
    "avg_out_degree": 8.116062520784835,
    "max_out_degree": 963,
    "num_nodes": 3007,
    "num_channels": 24405,
    "total_network_capacity": "65936830422",
    "avg_channel_size": 2701775.4731407496,
    "min_channel_size": "1100",
    "max_channel_size": "16777216"
}
