{
    "graph_diameter": 0,
    "avg_out_degree": 8.10660909996679,
    "max_out_degree": 959,
    "num_nodes": 3011,
    "num_channels": 24409,
    "total_network_capacity": "65864348815",
    "avg_channel_size": 2698363.2600680077,
    "min_channel_size": "1100",
    "max_channel_size": "16777216"
}
