{
    "graph_diameter": 0,
    "avg_out_degree": 8.119986631016042,
    "max_out_degree": 956,
    "num_nodes": 2992,
    "num_channels": 24295,
    "total_network_capacity": "65781069952",
    "avg_channel_size": 2707597.034451533,
    "min_channel_size": "1100",
    "max_channel_size": "16777216"
}
