{
    "graph_diameter": 0,
    "avg_out_degree": 8.112817089452603,
    "max_out_degree": 956,
    "num_nodes": 2996,
    "num_channels": 24306,
    "total_network_capacity": "65795889764",
    "avg_channel_size": 2706981.39405908,
    "min_channel_size": "1100",
    "max_channel_size": "16777216"
}
