{
    "graph_diameter": 0,
    "avg_out_degree": 8.087028457974851,
    "max_out_degree": 966,
    "num_nodes": 3022,
    "num_channels": 24439,
    "total_network_capacity": "65545844159",
    "avg_channel_size": 2682018.256025206,
    "min_channel_size": "1100",
    "max_channel_size": "16777216"
}
