{
    "graph_diameter": 0,
    "avg_out_degree": 8.088527851458887,
    "max_out_degree": 965,
    "num_nodes": 3016,
    "num_channels": 24395,
    "total_network_capacity": "65385229960",
    "avg_channel_size": 2680271.775363804,
    "min_channel_size": "1100",
    "max_channel_size": "16777216"
}
