{
    "graph_diameter": 0,
    "avg_out_degree": 8.104090455603592,
    "max_out_degree": 956,
    "num_nodes": 3007,
    "num_channels": 24369,
    "total_network_capacity": "65891101454",
    "avg_channel_size": 2703890.2480200254,
    "min_channel_size": "1100",
    "max_channel_size": "16777216"
}
