{
    "graph_diameter": 0,
    "avg_out_degree": 8.120146033853302,
    "max_out_degree": 963,
    "num_nodes": 3013,
    "num_channels": 24466,
    "total_network_capacity": "65895361777",
    "avg_channel_size": 2693344.30544429,
    "min_channel_size": "1100",
    "max_channel_size": "16777216"
}
