{
    "graph_diameter": 0,
    "avg_out_degree": 8.098371552010635,
    "max_out_degree": 956,
    "num_nodes": 3009,
    "num_channels": 24368,
    "total_network_capacity": "65891707454",
    "avg_channel_size": 2704026.0773965856,
    "min_channel_size": "1100",
    "max_channel_size": "16777216"
}
