{
    "graph_diameter": 0,
    "avg_out_degree": 8.092113982770046,
    "max_out_degree": 965,
    "num_nodes": 3018,
    "num_channels": 24422,
    "total_network_capacity": "65454779619",
    "avg_channel_size": 2680156.40074523,
    "min_channel_size": "1100",
    "max_channel_size": "16777216"
}
