{
    "graph_diameter": 0,
    "avg_out_degree": 8.091451292246521,
    "max_out_degree": 965,
    "num_nodes": 3018,
    "num_channels": 24420,
    "total_network_capacity": "65454057791",
    "avg_channel_size": 2680346.346887797,
    "min_channel_size": "1100",
    "max_channel_size": "16777216"
}
