{
    "graph_diameter": 0,
    "avg_out_degree": 8.109333333333334,
    "max_out_degree": 956,
    "num_nodes": 3000,
    "num_channels": 24328,
    "total_network_capacity": "65819920396",
    "avg_channel_size": 2705521.2264057877,
    "min_channel_size": "1100",
    "max_channel_size": "16777216"
}
