{
    "graph_diameter": 0,
    "avg_out_degree": 8.109072715143428,
    "max_out_degree": 955,
    "num_nodes": 2998,
    "num_channels": 24311,
    "total_network_capacity": "65791760428",
    "avg_channel_size": 2706254.799391222,
    "min_channel_size": "1100",
    "max_channel_size": "16777216"
}
