{
    "graph_diameter": 0,
    "avg_out_degree": 8.108630456514495,
    "max_out_degree": 956,
    "num_nodes": 3001,
    "num_channels": 24334,
    "total_network_capacity": "65831752035",
    "avg_channel_size": 2705340.3482781295,
    "min_channel_size": "1100",
    "max_channel_size": "16777216"
}
