{
    "graph_diameter": 0,
    "avg_out_degree": 8.113302139037433,
    "max_out_degree": 956,
    "num_nodes": 2992,
    "num_channels": 24275,
    "total_network_capacity": "65737588303",
    "avg_channel_size": 2708036.5933264676,
    "min_channel_size": "1100",
    "max_channel_size": "16777216"
}
