{
    "graph_diameter": 0,
    "avg_out_degree": 8.11594684385382,
    "max_out_degree": 961,
    "num_nodes": 3010,
    "num_channels": 24429,
    "total_network_capacity": "65869615873",
    "avg_channel_size": 2696369.719309018,
    "min_channel_size": "1100",
    "max_channel_size": "16777216"
}
