{
    "graph_diameter": 0,
    "avg_out_degree": 8.112112112112111,
    "max_out_degree": 956,
    "num_nodes": 2997,
    "num_channels": 24312,
    "total_network_capacity": "65789251835",
    "avg_channel_size": 2706040.3025255017,
    "min_channel_size": "1100",
    "max_channel_size": "16777216"
}
