{
    "graph_diameter": 0,
    "avg_out_degree": 8.118368700265252,
    "max_out_degree": 965,
    "num_nodes": 3016,
    "num_channels": 24485,
    "total_network_capacity": "65908247614",
    "avg_channel_size": 2691780.584602818,
    "min_channel_size": "1100",
    "max_channel_size": "16777216"
}
