{
    "graph_diameter": 0,
    "avg_out_degree": 8.103848706038487,
    "max_out_degree": 963,
    "num_nodes": 3014,
    "num_channels": 24425,
    "total_network_capacity": "65878884731",
    "avg_channel_size": 2697190.777113613,
    "min_channel_size": "1100",
    "max_channel_size": "16777216"
}
