{
    "graph_diameter": 0,
    "avg_out_degree": 8.11402925531915,
    "max_out_degree": 963,
    "num_nodes": 3008,
    "num_channels": 24407,
    "total_network_capacity": "65937412299",
    "avg_channel_size": 2701577.9202278033,
    "min_channel_size": "1100",
    "max_channel_size": "16777216"
}
