{
    "graph_diameter": 0,
    "avg_out_degree": 8.10179640718563,
    "max_out_degree": 956,
    "num_nodes": 3006,
    "num_channels": 24354,
    "total_network_capacity": "65850692290",
    "avg_channel_size": 2703896.3739016177,
    "min_channel_size": "1100",
    "max_channel_size": "16777216"
}
