{
    "graph_diameter": 0,
    "avg_out_degree": 8.110003323363244,
    "max_out_degree": 963,
    "num_nodes": 3009,
    "num_channels": 24403,
    "total_network_capacity": "65864550072",
    "avg_channel_size": 2699034.957669139,
    "min_channel_size": "1100",
    "max_channel_size": "16777216"
}
