{
    "graph_diameter": 0,
    "avg_out_degree": 8.09347033476964,
    "max_out_degree": 965,
    "num_nodes": 3017,
    "num_channels": 24418,
    "total_network_capacity": "65455915567",
    "avg_channel_size": 2680641.967687771,
    "min_channel_size": "1100",
    "max_channel_size": "16777216"
}
