{
    "graph_diameter": 0,
    "avg_out_degree": 8.111407605070047,
    "max_out_degree": 957,
    "num_nodes": 2998,
    "num_channels": 24318,
    "total_network_capacity": "65778875423",
    "avg_channel_size": 2704945.942223867,
    "min_channel_size": "1100",
    "max_channel_size": "16777216"
}
