{
    "graph_diameter": 0,
    "avg_out_degree": 8.086697551290536,
    "max_out_degree": 966,
    "num_nodes": 3022,
    "num_channels": 24438,
    "total_network_capacity": "65545744159",
    "avg_channel_size": 2682123.911899501,
    "min_channel_size": "1100",
    "max_channel_size": "16777216"
}
