{
    "graph_diameter": 0,
    "avg_out_degree": 8.107559107559107,
    "max_out_degree": 956,
    "num_nodes": 3003,
    "num_channels": 24347,
    "total_network_capacity": "65845696755",
    "avg_channel_size": 2704468.589764653,
    "min_channel_size": "1100",
    "max_channel_size": "16777216"
}
