{
    "graph_diameter": 0,
    "avg_out_degree": 8.1042150680385,
    "max_out_degree": 961,
    "num_nodes": 3013,
    "num_channels": 24418,
    "total_network_capacity": "65868205821",
    "avg_channel_size": 2697526.653329511,
    "min_channel_size": "1100",
    "max_channel_size": "16777216"
}
