{
    "graph_diameter": 0,
    "avg_out_degree": 8.092236230922362,
    "max_out_degree": 964,
    "num_nodes": 3014,
    "num_channels": 24390,
    "total_network_capacity": "65378860350",
    "avg_channel_size": 2680560.0799507997,
    "min_channel_size": "1100",
    "max_channel_size": "16777216"
}
