{
    "graph_diameter": 0,
    "avg_out_degree": 8.11107416029265,
    "max_out_degree": 963,
    "num_nodes": 3007,
    "num_channels": 24390,
    "total_network_capacity": "65910020377",
    "avg_channel_size": 2702337.858835588,
    "min_channel_size": "1100",
    "max_channel_size": "16777216"
}
