{
    "graph_diameter": 0,
    "avg_out_degree": 8.106276984390568,
    "max_out_degree": 963,
    "num_nodes": 3011,
    "num_channels": 24408,
    "total_network_capacity": "65870422672",
    "avg_channel_size": 2698722.659455916,
    "min_channel_size": "1100",
    "max_channel_size": "16777216"
}
