{
    "graph_diameter": 0,
    "avg_out_degree": 8.112367021276595,
    "max_out_degree": 963,
    "num_nodes": 3008,
    "num_channels": 24402,
    "total_network_capacity": "65864150572",
    "avg_channel_size": 2699129.193180887,
    "min_channel_size": "1100",
    "max_channel_size": "16777216"
}
