{
    "graph_diameter": 0,
    "avg_out_degree": 8.108970099667774,
    "max_out_degree": 959,
    "num_nodes": 3010,
    "num_channels": 24408,
    "total_network_capacity": "65848348815",
    "avg_channel_size": 2697818.2897000983,
    "min_channel_size": "1100",
    "max_channel_size": "16777216"
}
