{
    "graph_diameter": 0,
    "avg_out_degree": 8.088712346904998,
    "max_out_degree": 966,
    "num_nodes": 3021,
    "num_channels": 24436,
    "total_network_capacity": "65533909159",
    "avg_channel_size": 2681859.107832706,
    "min_channel_size": "1100",
    "max_channel_size": "16777216"
}
