{
    "graph_diameter": 0,
    "avg_out_degree": 8.11877903118779,
    "max_out_degree": 965,
    "num_nodes": 3014,
    "num_channels": 24470,
    "total_network_capacity": "65896806851",
    "avg_channel_size": 2692963.0915815285,
    "min_channel_size": "1100",
    "max_channel_size": "16777216"
}
