{
    "graph_diameter": 0,
    "avg_out_degree": 7.668674698795181,
    "max_out_degree": 960,
    "num_nodes": 2988,
    "num_channels": 22914,
    "total_network_capacity": "62941372761",
    "avg_channel_size": 2746852.263288819,
    "min_channel_size": "1050",
    "max_channel_size": "16777216"
}
