{
    "graph_diameter": 0,
    "avg_out_degree": 7.875130798744332,
    "max_out_degree": 959,
    "num_nodes": 2867,
    "num_channels": 22578,
    "total_network_capacity": "62927044012",
    "avg_channel_size": 2787095.5802994063,
    "min_channel_size": "1100",
    "max_channel_size": "16777216"
}
