{
    "graph_diameter": 0,
    "avg_out_degree": 7.75417661097852,
    "max_out_degree": 958,
    "num_nodes": 2933,
    "num_channels": 22743,
    "total_network_capacity": "62672345180",
    "avg_channel_size": 2755676.259948116,
    "min_channel_size": "1100",
    "max_channel_size": "16777216"
}
