{
    "graph_diameter": 0,
    "avg_out_degree": 7.871338912133891,
    "max_out_degree": 959,
    "num_nodes": 2868,
    "num_channels": 22575,
    "total_network_capacity": "62912110586",
    "avg_channel_size": 2786804.4556367663,
    "min_channel_size": "1100",
    "max_channel_size": "16777216"
}
