{
    "graph_diameter": 0,
    "avg_out_degree": 7.872644801116539,
    "max_out_degree": 959,
    "num_nodes": 2866,
    "num_channels": 22563,
    "total_network_capacity": "62796653444",
    "avg_channel_size": 2783169.5006869654,
    "min_channel_size": "1100",
    "max_channel_size": "16777216"
}
