{
    "graph_diameter": 0,
    "avg_out_degree": 7.058348851644941,
    "max_out_degree": 960,
    "num_nodes": 3222,
    "num_channels": 22742,
    "total_network_capacity": "62869076956",
    "avg_channel_size": 2764448.0237446134,
    "min_channel_size": "1100",
    "max_channel_size": "16777216"
}
