{
    "graph_diameter": 0,
    "avg_out_degree": 7.36239261851734,
    "max_out_degree": 960,
    "num_nodes": 3143,
    "num_channels": 23140,
    "total_network_capacity": "62969687496",
    "avg_channel_size": 2721248.3792566983,
    "min_channel_size": "1050",
    "max_channel_size": "16777216"
}
