{
    "graph_diameter": 0,
    "avg_out_degree": 7.877223578653645,
    "max_out_degree": 958,
    "num_nodes": 2867,
    "num_channels": 22584,
    "total_network_capacity": "62781284937",
    "avg_channel_size": 2779901.033342189,
    "min_channel_size": "1100",
    "max_channel_size": "16777216"
}
