{
    "graph_diameter": 0,
    "avg_out_degree": 7.863224005582694,
    "max_out_degree": 959,
    "num_nodes": 2866,
    "num_channels": 22536,
    "total_network_capacity": "62674237348",
    "avg_channel_size": 2781071.944799432,
    "min_channel_size": "1100",
    "max_channel_size": "16777216"
}
