{
    "graph_diameter": 0,
    "avg_out_degree": 7.8576413119330075,
    "max_out_degree": 961,
    "num_nodes": 2866,
    "num_channels": 22520,
    "total_network_capacity": "62730838467",
    "avg_channel_size": 2785561.2107904083,
    "min_channel_size": "1100",
    "max_channel_size": "16777216"
}
