{
    "graph_diameter": 0,
    "avg_out_degree": 7.86108202443281,
    "max_out_degree": 963,
    "num_nodes": 2865,
    "num_channels": 22522,
    "total_network_capacity": "62753924601",
    "avg_channel_size": 2786338.895346772,
    "min_channel_size": "1100",
    "max_channel_size": "16777216"
}
