{
    "graph_diameter": 0,
    "avg_out_degree": 7.85988819007687,
    "max_out_degree": 963,
    "num_nodes": 2862,
    "num_channels": 22495,
    "total_network_capacity": "62738501758",
    "avg_channel_size": 2788997.633162925,
    "min_channel_size": "1100",
    "max_channel_size": "16777216"
}
