{
    "graph_diameter": 0,
    "avg_out_degree": 7.86501569584932,
    "max_out_degree": 959,
    "num_nodes": 2867,
    "num_channels": 22549,
    "total_network_capacity": "62733022258",
    "avg_channel_size": 2782075.580203113,
    "min_channel_size": "1100",
    "max_channel_size": "16777216"
}
