{
    "graph_diameter": 0,
    "avg_out_degree": 7.859538784067086,
    "max_out_degree": 962,
    "num_nodes": 2862,
    "num_channels": 22494,
    "total_network_capacity": "62733306924",
    "avg_channel_size": 2788890.678580955,
    "min_channel_size": "1100",
    "max_channel_size": "16777216"
}
