{
    "graph_diameter": 0,
    "avg_out_degree": 7.8705512909979065,
    "max_out_degree": 960,
    "num_nodes": 2866,
    "num_channels": 22557,
    "total_network_capacity": "62671829583",
    "avg_channel_size": 2778376.0953584253,
    "min_channel_size": "1100",
    "max_channel_size": "16777216"
}
