{
    "graph_diameter": 0,
    "avg_out_degree": 7.862970711297071,
    "max_out_degree": 960,
    "num_nodes": 2868,
    "num_channels": 22551,
    "total_network_capacity": "62592657799",
    "avg_channel_size": 2775604.531905459,
    "min_channel_size": "1100",
    "max_channel_size": "16777216"
}
