{
    "graph_diameter": 0,
    "avg_out_degree": 7.874476987447698,
    "max_out_degree": 960,
    "num_nodes": 2868,
    "num_channels": 22584,
    "total_network_capacity": "62913181598",
    "avg_channel_size": 2785741.303489196,
    "min_channel_size": "1100",
    "max_channel_size": "16777216"
}
