{
    "graph_diameter": 0,
    "avg_out_degree": 7.861130495464061,
    "max_out_degree": 961,
    "num_nodes": 2866,
    "num_channels": 22530,
    "total_network_capacity": "62779348633",
    "avg_channel_size": 2786477.968619618,
    "min_channel_size": "1100",
    "max_channel_size": "16777216"
}
