{
    "graph_diameter": 0,
    "avg_out_degree": 7.695681740904455,
    "max_out_degree": 959,
    "num_nodes": 2941,
    "num_channels": 22633,
    "total_network_capacity": "62649107957",
    "avg_channel_size": 2768042.590774533,
    "min_channel_size": "1100",
    "max_channel_size": "16777216"
}
