{
    "graph_diameter": 0,
    "avg_out_degree": 7.876874782002092,
    "max_out_degree": 960,
    "num_nodes": 2867,
    "num_channels": 22583,
    "total_network_capacity": "62912886598",
    "avg_channel_size": 2785851.596244963,
    "min_channel_size": "1100",
    "max_channel_size": "16777216"
}
