{
    "graph_diameter": 0,
    "avg_out_degree": 7.036637931034483,
    "max_out_degree": 960,
    "num_nodes": 3248,
    "num_channels": 22855,
    "total_network_capacity": "62870396557",
    "avg_channel_size": 2750837.740406913,
    "min_channel_size": "1050",
    "max_channel_size": "16777216"
}
