{
    "graph_diameter": 0,
    "avg_out_degree": 7.874433205441227,
    "max_out_degree": 959,
    "num_nodes": 2867,
    "num_channels": 22576,
    "total_network_capacity": "62923117541",
    "avg_channel_size": 2787168.5657778173,
    "min_channel_size": "1100",
    "max_channel_size": "16777216"
}
