{
    "graph_diameter": 0,
    "avg_out_degree": 7.860878661087866,
    "max_out_degree": 959,
    "num_nodes": 2868,
    "num_channels": 22545,
    "total_network_capacity": "62702390375",
    "avg_channel_size": 2781210.4845863828,
    "min_channel_size": "1100",
    "max_channel_size": "16777216"
}
