{
    "graph_diameter": 0,
    "avg_out_degree": 7.875828392047437,
    "max_out_degree": 959,
    "num_nodes": 2867,
    "num_channels": 22580,
    "total_network_capacity": "62923617541",
    "avg_channel_size": 2786696.9681576616,
    "min_channel_size": "1100",
    "max_channel_size": "16777216"
}
