{
    "graph_diameter": 0,
    "avg_out_degree": 7.869292436388986,
    "max_out_degree": 962,
    "num_nodes": 2869,
    "num_channels": 22577,
    "total_network_capacity": "62870829526",
    "avg_channel_size": 2784729.128139257,
    "min_channel_size": "1100",
    "max_channel_size": "16777216"
}
