{
    "graph_diameter": 0,
    "avg_out_degree": 7.86989884897105,
    "max_out_degree": 959,
    "num_nodes": 2867,
    "num_channels": 22563,
    "total_network_capacity": "62828729890",
    "avg_channel_size": 2784591.139919337,
    "min_channel_size": "1100",
    "max_channel_size": "16777216"
}
