{
    "graph_diameter": 0,
    "avg_out_degree": 7.860830136030694,
    "max_out_degree": 959,
    "num_nodes": 2867,
    "num_channels": 22537,
    "total_network_capacity": "62674737350",
    "avg_channel_size": 2780970.730354528,
    "min_channel_size": "1100",
    "max_channel_size": "16777216"
}
