{
    "graph_diameter": 0,
    "avg_out_degree": 7.861237329605033,
    "max_out_degree": 963,
    "num_nodes": 2861,
    "num_channels": 22491,
    "total_network_capacity": "62716795263",
    "avg_channel_size": 2788528.5342136854,
    "min_channel_size": "1100",
    "max_channel_size": "16777216"
}
