{
    "graph_diameter": 0,
    "avg_out_degree": 7.535136918508743,
    "max_out_degree": 960,
    "num_nodes": 3031,
    "num_channels": 22839,
    "total_network_capacity": "62875313093",
    "avg_channel_size": 2752980.1257935986,
    "min_channel_size": "1050",
    "max_channel_size": "16777216"
}
