{
    "graph_diameter": 0,
    "avg_out_degree": 7.037242228377963,
    "max_out_degree": 960,
    "num_nodes": 3249,
    "num_channels": 22864,
    "total_network_capacity": "62870712678",
    "avg_channel_size": 2749768.7490377887,
    "min_channel_size": "1050",
    "max_channel_size": "16777216"
}
