{
    "graph_diameter": 0,
    "avg_out_degree": 7.857292393579902,
    "max_out_degree": 961,
    "num_nodes": 2866,
    "num_channels": 22519,
    "total_network_capacity": "62751949432",
    "avg_channel_size": 2786622.3825214263,
    "min_channel_size": "1100",
    "max_channel_size": "16777216"
}
