{
    "graph_diameter": 0,
    "avg_out_degree": 7.869458987783595,
    "max_out_degree": 959,
    "num_nodes": 2865,
    "num_channels": 22546,
    "total_network_capacity": "62593809252",
    "avg_channel_size": 2776271.1457464737,
    "min_channel_size": "1100",
    "max_channel_size": "16777216"
}
