{
    "graph_diameter": 0,
    "avg_out_degree": 7.8782699686083015,
    "max_out_degree": 958,
    "num_nodes": 2867,
    "num_channels": 22587,
    "total_network_capacity": "62781544742",
    "avg_channel_size": 2779543.309957055,
    "min_channel_size": "1100",
    "max_channel_size": "16777216"
}
