{
    "graph_diameter": 0,
    "avg_out_degree": 7.839668279198341,
    "max_out_degree": 959,
    "num_nodes": 2894,
    "num_channels": 22688,
    "total_network_capacity": "62696133947",
    "avg_channel_size": 2763405.057607546,
    "min_channel_size": "1100",
    "max_channel_size": "16777216"
}
