{
    "graph_diameter": 0,
    "avg_out_degree": 7.8584905660377355,
    "max_out_degree": 962,
    "num_nodes": 2862,
    "num_channels": 22491,
    "total_network_capacity": "62714266924",
    "avg_channel_size": 2788416.118625228,
    "min_channel_size": "1100",
    "max_channel_size": "16777216"
}
