{
    "graph_diameter": 0,
    "avg_out_degree": 7.6692333444928025,
    "max_out_degree": 960,
    "num_nodes": 2987,
    "num_channels": 22908,
    "total_network_capacity": "62896540688",
    "avg_channel_size": 2745614.662475991,
    "min_channel_size": "1050",
    "max_channel_size": "16777216"
}
