{
    "graph_diameter": 0,
    "avg_out_degree": 7.872251308900523,
    "max_out_degree": 959,
    "num_nodes": 2865,
    "num_channels": 22554,
    "total_network_capacity": "62760809252",
    "avg_channel_size": 2782690.8420679257,
    "min_channel_size": "1100",
    "max_channel_size": "16777216"
}
