{
    "graph_diameter": 0,
    "avg_out_degree": 7.8655052264808365,
    "max_out_degree": 958,
    "num_nodes": 2870,
    "num_channels": 22574,
    "total_network_capacity": "62630988792",
    "avg_channel_size": 2774474.563302915,
    "min_channel_size": "1100",
    "max_channel_size": "16777216"
}
