{
    "graph_diameter": 0,
    "avg_out_degree": 7.863271712591559,
    "max_out_degree": 960,
    "num_nodes": 2867,
    "num_channels": 22544,
    "total_network_capacity": "62591051833",
    "avg_channel_size": 2776395.1309882896,
    "min_channel_size": "1100",
    "max_channel_size": "16777216"
}
