{
    "graph_diameter": 0,
    "avg_out_degree": 7.095073737056794,
    "max_out_degree": 960,
    "num_nodes": 3187,
    "num_channels": 22612,
    "total_network_capacity": "62855982436",
    "avg_channel_size": 2779762.180965859,
    "min_channel_size": "1100",
    "max_channel_size": "16777216"
}
