{
    "graph_diameter": 0,
    "avg_out_degree": 7.86282722513089,
    "max_out_degree": 963,
    "num_nodes": 2865,
    "num_channels": 22527,
    "total_network_capacity": "62757471456",
    "avg_channel_size": 2785877.900119856,
    "min_channel_size": "1100",
    "max_channel_size": "16777216"
}
