{
    "graph_diameter": 0,
    "avg_out_degree": 7.667336010709505,
    "max_out_degree": 960,
    "num_nodes": 2988,
    "num_channels": 22910,
    "total_network_capacity": "62924317903",
    "avg_channel_size": 2746587.424836316,
    "min_channel_size": "1050",
    "max_channel_size": "16777216"
}
