{
    "graph_diameter": 0,
    "avg_out_degree": 7.875828392047437,
    "max_out_degree": 960,
    "num_nodes": 2867,
    "num_channels": 22580,
    "total_network_capacity": "62909386598",
    "avg_channel_size": 2786066.7226749337,
    "min_channel_size": "1100",
    "max_channel_size": "16777216"
}
