{
    "graph_diameter": 0,
    "avg_out_degree": 7.668563776364245,
    "max_out_degree": 960,
    "num_nodes": 2987,
    "num_channels": 22906,
    "total_network_capacity": "62894742878",
    "avg_channel_size": 2745775.9049157426,
    "min_channel_size": "1050",
    "max_channel_size": "16777216"
}
