{
    "graph_diameter": 0,
    "avg_out_degree": 7.870945238925707,
    "max_out_degree": 959,
    "num_nodes": 2867,
    "num_channels": 22566,
    "total_network_capacity": "62830479890",
    "avg_channel_size": 2784298.497296818,
    "min_channel_size": "1100",
    "max_channel_size": "16777216"
}
