{
    "graph_diameter": 0,
    "avg_out_degree": 7.875479595395884,
    "max_out_degree": 959,
    "num_nodes": 2867,
    "num_channels": 22579,
    "total_network_capacity": "62920917541",
    "avg_channel_size": 2786700.807874574,
    "min_channel_size": "1100",
    "max_channel_size": "16777216"
}
