{
    "graph_diameter": 0,
    "avg_out_degree": 7.873342637822749,
    "max_out_degree": 960,
    "num_nodes": 2866,
    "num_channels": 22565,
    "total_network_capacity": "62735329583",
    "avg_channel_size": 2780205.1665411033,
    "min_channel_size": "1100",
    "max_channel_size": "16777216"
}
