{
    "graph_diameter": 0,
    "avg_out_degree": 7.876831821353803,
    "max_out_degree": 958,
    "num_nodes": 2866,
    "num_channels": 22575,
    "total_network_capacity": "62765026051",
    "avg_channel_size": 2780289.0831007753,
    "min_channel_size": "1100",
    "max_channel_size": "16777216"
}
