{
    "graph_diameter": 0,
    "avg_out_degree": 7.066583696328562,
    "max_out_degree": 960,
    "num_nodes": 3214,
    "num_channels": 22712,
    "total_network_capacity": "62864014085",
    "avg_channel_size": 2767876.6328372667,
    "min_channel_size": "1100",
    "max_channel_size": "16777216"
}
