{
    "graph_diameter": 0,
    "avg_out_degree": 7.839044652128765,
    "max_out_degree": 958,
    "num_nodes": 2889,
    "num_channels": 22647,
    "total_network_capacity": "62649176824",
    "avg_channel_size": 2766334.4736168147,
    "min_channel_size": "1100",
    "max_channel_size": "16777216"
}
