{
    "graph_diameter": 0,
    "avg_out_degree": 7.862922915940007,
    "max_out_degree": 962,
    "num_nodes": 2867,
    "num_channels": 22543,
    "total_network_capacity": "62792461744",
    "avg_channel_size": 2785452.767777137,
    "min_channel_size": "1100",
    "max_channel_size": "16777216"
}
