{
    "graph_diameter": 0,
    "avg_out_degree": 7.8646668991977675,
    "max_out_degree": 959,
    "num_nodes": 2867,
    "num_channels": 22548,
    "total_network_capacity": "62732022258",
    "avg_channel_size": 2782154.614954763,
    "min_channel_size": "1100",
    "max_channel_size": "16777216"
}
