{
    "graph_diameter": 0,
    "avg_out_degree": 7.6837288135593225,
    "max_out_degree": 959,
    "num_nodes": 2950,
    "num_channels": 22667,
    "total_network_capacity": "62659865702",
    "avg_channel_size": 2764365.1873648916,
    "min_channel_size": "1100",
    "max_channel_size": "16777216"
}
