{
    "graph_diameter": 0,
    "avg_out_degree": 7.878048780487805,
    "max_out_degree": 958,
    "num_nodes": 2870,
    "num_channels": 22610,
    "total_network_capacity": "62781565815",
    "avg_channel_size": 2776716.754312251,
    "min_channel_size": "1100",
    "max_channel_size": "16777216"
}
