{
    "graph_diameter": 0,
    "avg_out_degree": 7.481203007518797,
    "max_out_degree": 960,
    "num_nodes": 3059,
    "num_channels": 22885,
    "total_network_capacity": "62876805348",
    "avg_channel_size": 2747511.7040856457,
    "min_channel_size": "1050",
    "max_channel_size": "16777216"
}
