{
    "graph_diameter": 0,
    "avg_out_degree": 7.798007557540364,
    "max_out_degree": 958,
    "num_nodes": 2911,
    "num_channels": 22700,
    "total_network_capacity": "62658695103",
    "avg_channel_size": 2760294.93845815,
    "min_channel_size": "1100",
    "max_channel_size": "16777216"
}
