{
    "graph_diameter": 0,
    "avg_out_degree": 7.87177700348432,
    "max_out_degree": 958,
    "num_nodes": 2870,
    "num_channels": 22592,
    "total_network_capacity": "62644688792",
    "avg_channel_size": 2772870.431657224,
    "min_channel_size": "1100",
    "max_channel_size": "16777216"
}
