{
    "graph_diameter": 0,
    "avg_out_degree": 7.877921171956749,
    "max_out_degree": 958,
    "num_nodes": 2867,
    "num_channels": 22586,
    "total_network_capacity": "62781441742",
    "avg_channel_size": 2779661.81448685,
    "min_channel_size": "1100",
    "max_channel_size": "16777216"
}
