{
    "graph_diameter": 0,
    "avg_out_degree": 7.868503662364842,
    "max_out_degree": 962,
    "num_nodes": 2867,
    "num_channels": 22559,
    "total_network_capacity": "62829616765",
    "avg_channel_size": 2785124.1972161885,
    "min_channel_size": "1100",
    "max_channel_size": "16777216"
}
