{
    "graph_diameter": 0,
    "avg_out_degree": 7.87857641311933,
    "max_out_degree": 958,
    "num_nodes": 2866,
    "num_channels": 22580,
    "total_network_capacity": "62763857590",
    "avg_channel_size": 2779621.682462356,
    "min_channel_size": "1100",
    "max_channel_size": "16777216"
}
