{
    "graph_diameter": 0,
    "avg_out_degree": 7.864365411436541,
    "max_out_degree": 960,
    "num_nodes": 2868,
    "num_channels": 22555,
    "total_network_capacity": "62595014799",
    "avg_channel_size": 2775216.7944579916,
    "min_channel_size": "1100",
    "max_channel_size": "16777216"
}
