{
    "graph_diameter": 0,
    "avg_out_degree": 7.860830136030694,
    "max_out_degree": 962,
    "num_nodes": 2867,
    "num_channels": 22537,
    "total_network_capacity": "62783631280",
    "avg_channel_size": 2785802.5149753736,
    "min_channel_size": "1100",
    "max_channel_size": "16777216"
}
