{
    "graph_diameter": 0,
    "avg_out_degree": 7.667224640107131,
    "max_out_degree": 960,
    "num_nodes": 2987,
    "num_channels": 22902,
    "total_network_capacity": "62875740678",
    "avg_channel_size": 2745425.756615143,
    "min_channel_size": "1050",
    "max_channel_size": "16777216"
}
