{
    "graph_diameter": 0,
    "avg_out_degree": 7.667670682730924,
    "max_out_degree": 960,
    "num_nodes": 2988,
    "num_channels": 22911,
    "total_network_capacity": "62935317903",
    "avg_channel_size": 2746947.662825717,
    "min_channel_size": "1050",
    "max_channel_size": "16777216"
}
