{
    "graph_diameter": 0,
    "avg_out_degree": 7.865874956339504,
    "max_out_degree": 963,
    "num_nodes": 2863,
    "num_channels": 22520,
    "total_network_capacity": "62764456824",
    "avg_channel_size": 2787054.0330373,
    "min_channel_size": "1100",
    "max_channel_size": "16777216"
}
