{
    "graph_diameter": 0,
    "avg_out_degree": 7.871991628880362,
    "max_out_degree": 959,
    "num_nodes": 2867,
    "num_channels": 22569,
    "total_network_capacity": "62749799493",
    "avg_channel_size": 2780353.5598830255,
    "min_channel_size": "1100",
    "max_channel_size": "16777216"
}
