{
    "graph_diameter": 0,
    "avg_out_degree": 7.668228992299967,
    "max_out_degree": 960,
    "num_nodes": 2987,
    "num_channels": 22905,
    "total_network_capacity": "62894642878",
    "avg_channel_size": 2745891.415760751,
    "min_channel_size": "1050",
    "max_channel_size": "16777216"
}
