{
    "graph_diameter": 0,
    "avg_out_degree": 8.75270388775212,
    "max_out_degree": 998,
    "num_nodes": 3421,
    "num_channels": 29943,
    "total_network_capacity": "72168406901",
    "avg_channel_size": 2410192.9299335405,
    "min_channel_size": "1100",
    "max_channel_size": "16777216"
}
