{
    "graph_diameter": 0,
    "avg_out_degree": 8.758771929824562,
    "max_out_degree": 998,
    "num_nodes": 3420,
    "num_channels": 29955,
    "total_network_capacity": "72179402119",
    "avg_channel_size": 2409594.4623268237,
    "min_channel_size": "1100",
    "max_channel_size": "16777216"
}
