{
    "graph_diameter": 0,
    "avg_out_degree": 8.74861637052141,
    "max_out_degree": 999,
    "num_nodes": 3433,
    "num_channels": 30034,
    "total_network_capacity": "72375103171",
    "avg_channel_size": 2409772.3636878203,
    "min_channel_size": "1100",
    "max_channel_size": "16777216"
}
