{
    "graph_diameter": 0,
    "avg_out_degree": 8.750802451123432,
    "max_out_degree": 999,
    "num_nodes": 3427,
    "num_channels": 29989,
    "total_network_capacity": "72346785023",
    "avg_channel_size": 2412444.063589983,
    "min_channel_size": "1100",
    "max_channel_size": "16777216"
}
