{
    "graph_diameter": 0,
    "avg_out_degree": 8.753873136509792,
    "max_out_degree": 998,
    "num_nodes": 3421,
    "num_channels": 29947,
    "total_network_capacity": "72176774792",
    "avg_channel_size": 2410150.4254850238,
    "min_channel_size": "1100",
    "max_channel_size": "16777216"
}
