{
    "graph_diameter": 0,
    "avg_out_degree": 8.74803378968832,
    "max_out_degree": 999,
    "num_nodes": 3433,
    "num_channels": 30032,
    "total_network_capacity": "72372995063",
    "avg_channel_size": 2409862.6486081514,
    "min_channel_size": "1100",
    "max_channel_size": "16777216"
}
