{
    "graph_diameter": 0,
    "avg_out_degree": 8.7491989513545,
    "max_out_degree": 999,
    "num_nodes": 3433,
    "num_channels": 30036,
    "total_network_capacity": "72373275063",
    "avg_channel_size": 2409551.040850979,
    "min_channel_size": "1100",
    "max_channel_size": "16777216"
}
