{
    "graph_diameter": 0,
    "avg_out_degree": 8.747451208855228,
    "max_out_degree": 999,
    "num_nodes": 3433,
    "num_channels": 30030,
    "total_network_capacity": "72370668171",
    "avg_channel_size": 2409945.66003996,
    "min_channel_size": "1100",
    "max_channel_size": "16777216"
}
