{
    "graph_diameter": 0,
    "avg_out_degree": 8.752046783625731,
    "max_out_degree": 998,
    "num_nodes": 3420,
    "num_channels": 29932,
    "total_network_capacity": "72185286378",
    "avg_channel_size": 2411642.602498998,
    "min_channel_size": "1100",
    "max_channel_size": "16777216"
}
