{
    "graph_diameter": 0,
    "avg_out_degree": 8.747521865889214,
    "max_out_degree": 1000,
    "num_nodes": 3430,
    "num_channels": 30004,
    "total_network_capacity": "72357050023",
    "avg_channel_size": 2411580.123416878,
    "min_channel_size": "1100",
    "max_channel_size": "16777216"
}
