{
    "graph_diameter": 0,
    "avg_out_degree": 8.747371495327103,
    "max_out_degree": 998,
    "num_nodes": 3424,
    "num_channels": 29951,
    "total_network_capacity": "72323988092",
    "avg_channel_size": 2414743.6844178825,
    "min_channel_size": "1100",
    "max_channel_size": "16777216"
}
