{
    "graph_diameter": 0,
    "avg_out_degree": 8.753580824320375,
    "max_out_degree": 998,
    "num_nodes": 3421,
    "num_channels": 29946,
    "total_network_capacity": "72176734792",
    "avg_channel_size": 2410229.5729646697,
    "min_channel_size": "1100",
    "max_channel_size": "16777216"
}
