{
    "graph_diameter": 0,
    "avg_out_degree": 8.745337995337996,
    "max_out_degree": 1000,
    "num_nodes": 3432,
    "num_channels": 30014,
    "total_network_capacity": "72368416972",
    "avg_channel_size": 2411155.359898714,
    "min_channel_size": "1100",
    "max_channel_size": "16777216"
}
