{
    "graph_diameter": 0,
    "avg_out_degree": 8.74416569428238,
    "max_out_degree": 999,
    "num_nodes": 3428,
    "num_channels": 29975,
    "total_network_capacity": "72354680288",
    "avg_channel_size": 2413834.2047706423,
    "min_channel_size": "1100",
    "max_channel_size": "16777216"
}
