{
    "graph_diameter": 0,
    "avg_out_degree": 8.723090277777779,
    "max_out_degree": 995,
    "num_nodes": 3456,
    "num_channels": 30147,
    "total_network_capacity": "72198412242",
    "avg_channel_size": 2394878.835107971,
    "min_channel_size": "1100",
    "max_channel_size": "16777216"
}
