{
    "graph_diameter": 0,
    "avg_out_degree": 8.712554112554113,
    "max_out_degree": 997,
    "num_nodes": 3465,
    "num_channels": 30189,
    "total_network_capacity": "72265855411",
    "avg_channel_size": 2393781.0265659676,
    "min_channel_size": "1100",
    "max_channel_size": "16777216"
}
