{
    "graph_diameter": 0,
    "avg_out_degree": 8.719942196531791,
    "max_out_degree": 995,
    "num_nodes": 3460,
    "num_channels": 30171,
    "total_network_capacity": "72219052352",
    "avg_channel_size": 2393657.8950647973,
    "min_channel_size": "1100",
    "max_channel_size": "16777216"
}
