{
    "graph_diameter": 0,
    "avg_out_degree": 8.756835369400815,
    "max_out_degree": 996,
    "num_nodes": 3438,
    "num_channels": 30106,
    "total_network_capacity": "72324639756",
    "avg_channel_size": 2402333.081644855,
    "min_channel_size": "1100",
    "max_channel_size": "16777216"
}
