{
    "graph_diameter": 0,
    "avg_out_degree": 8.737666860127684,
    "max_out_degree": 996,
    "num_nodes": 3446,
    "num_channels": 30110,
    "total_network_capacity": "72294860418",
    "avg_channel_size": 2401024.9225506475,
    "min_channel_size": "1100",
    "max_channel_size": "16777216"
}
