{
    "graph_diameter": 0,
    "avg_out_degree": 8.72629747752972,
    "max_out_degree": 995,
    "num_nodes": 3449,
    "num_channels": 30097,
    "total_network_capacity": "72189005780",
    "avg_channel_size": 2398544.8974980894,
    "min_channel_size": "1100",
    "max_channel_size": "16777216"
}
