{
    "graph_diameter": 0,
    "avg_out_degree": 8.738751814223512,
    "max_out_degree": 996,
    "num_nodes": 3445,
    "num_channels": 30105,
    "total_network_capacity": "72256274869",
    "avg_channel_size": 2400141.9986381,
    "min_channel_size": "1100",
    "max_channel_size": "16777216"
}
