{
    "graph_diameter": 0,
    "avg_out_degree": 8.752616279069768,
    "max_out_degree": 997,
    "num_nodes": 3440,
    "num_channels": 30109,
    "total_network_capacity": "72311537443",
    "avg_channel_size": 2401658.555348899,
    "min_channel_size": "1100",
    "max_channel_size": "16777216"
}
