{
    "graph_diameter": 0,
    "avg_out_degree": 8.742226097064806,
    "max_out_degree": 998,
    "num_nodes": 3441,
    "num_channels": 30082,
    "total_network_capacity": "72347678948",
    "avg_channel_size": 2405015.5889900937,
    "min_channel_size": "1100",
    "max_channel_size": "16777216"
}
