{
    "graph_diameter": 0,
    "avg_out_degree": 8.743321718931474,
    "max_out_degree": 997,
    "num_nodes": 3444,
    "num_channels": 30112,
    "total_network_capacity": "72299522814",
    "avg_channel_size": 2401020.284736982,
    "min_channel_size": "1100",
    "max_channel_size": "16777216"
}
