{
    "graph_diameter": 0,
    "avg_out_degree": 8.751744186046512,
    "max_out_degree": 996,
    "num_nodes": 3440,
    "num_channels": 30106,
    "total_network_capacity": "72308827541",
    "avg_channel_size": 2401807.8635820104,
    "min_channel_size": "1100",
    "max_channel_size": "16777216"
}
