{
    "graph_diameter": 0,
    "avg_out_degree": 8.746216530849825,
    "max_out_degree": 998,
    "num_nodes": 3436,
    "num_channels": 30052,
    "total_network_capacity": "72357238332",
    "avg_channel_size": 2407734.537867696,
    "min_channel_size": "1100",
    "max_channel_size": "16777216"
}
