{
    "graph_diameter": 0,
    "avg_out_degree": 8.720405209840811,
    "max_out_degree": 995,
    "num_nodes": 3455,
    "num_channels": 30129,
    "total_network_capacity": "72179753158",
    "avg_channel_size": 2395690.303627734,
    "min_channel_size": "1100",
    "max_channel_size": "16777216"
}
