{
    "graph_diameter": 0,
    "avg_out_degree": 8.734687953555879,
    "max_out_degree": 996,
    "num_nodes": 3445,
    "num_channels": 30091,
    "total_network_capacity": "72231914842",
    "avg_channel_size": 2400449.132365159,
    "min_channel_size": "1100",
    "max_channel_size": "16777216"
}
