{
    "graph_diameter": 0,
    "avg_out_degree": 8.7490538573508,
    "max_out_degree": 998,
    "num_nodes": 3435,
    "num_channels": 30053,
    "total_network_capacity": "72390308399",
    "avg_channel_size": 2408754.8131301366,
    "min_channel_size": "1100",
    "max_channel_size": "16777216"
}
