{
    "graph_diameter": 0,
    "avg_out_degree": 8.725928074245939,
    "max_out_degree": 996,
    "num_nodes": 3448,
    "num_channels": 30087,
    "total_network_capacity": "72172968552",
    "avg_channel_size": 2398809.0720909364,
    "min_channel_size": "1100",
    "max_channel_size": "16777216"
}
