{
    "graph_diameter": 0,
    "avg_out_degree": 8.722028985507247,
    "max_out_degree": 995,
    "num_nodes": 3450,
    "num_channels": 30091,
    "total_network_capacity": "72127153498",
    "avg_channel_size": 2396967.6480675284,
    "min_channel_size": "1100",
    "max_channel_size": "16777216"
}
