{
    "graph_diameter": 0,
    "avg_out_degree": 8.740203193033382,
    "max_out_degree": 996,
    "num_nodes": 3445,
    "num_channels": 30110,
    "total_network_capacity": "72293094989",
    "avg_channel_size": 2400966.2899036864,
    "min_channel_size": "1100",
    "max_channel_size": "16777216"
}
