{
    "graph_diameter": 0,
    "avg_out_degree": 8.754870601919162,
    "max_out_degree": 996,
    "num_nodes": 3439,
    "num_channels": 30108,
    "total_network_capacity": "72325639756",
    "avg_channel_size": 2402206.7143616313,
    "min_channel_size": "1100",
    "max_channel_size": "16777216"
}
