{
    "graph_diameter": 0,
    "avg_out_degree": 8.745570723206505,
    "max_out_degree": 996,
    "num_nodes": 3443,
    "num_channels": 30111,
    "total_network_capacity": "72295622814",
    "avg_channel_size": 2400970.502939125,
    "min_channel_size": "1100",
    "max_channel_size": "16777216"
}
