{
    "graph_diameter": 0,
    "avg_out_degree": 8.740127758420442,
    "max_out_degree": 996,
    "num_nodes": 3444,
    "num_channels": 30101,
    "total_network_capacity": "72255500445",
    "avg_channel_size": 2400435.2162718847,
    "min_channel_size": "1100",
    "max_channel_size": "16777216"
}
