{
    "graph_diameter": 0,
    "avg_out_degree": 8.738827626233315,
    "max_out_degree": 996,
    "num_nodes": 3446,
    "num_channels": 30114,
    "total_network_capacity": "72296438380",
    "avg_channel_size": 2400758.3974231253,
    "min_channel_size": "1100",
    "max_channel_size": "16777216"
}
