{
    "graph_diameter": 0,
    "avg_out_degree": 8.746433770014557,
    "max_out_degree": 998,
    "num_nodes": 3435,
    "num_channels": 30044,
    "total_network_capacity": "72363335547",
    "avg_channel_size": 2408578.6029490083,
    "min_channel_size": "1100",
    "max_channel_size": "16777216"
}
