{
    "graph_diameter": 0,
    "avg_out_degree": 8.75567190226876,
    "max_out_degree": 997,
    "num_nodes": 3438,
    "num_channels": 30102,
    "total_network_capacity": "72341507270",
    "avg_channel_size": 2403212.652647665,
    "min_channel_size": "1100",
    "max_channel_size": "16777216"
}
