{
    "graph_diameter": 0,
    "avg_out_degree": 8.724347826086957,
    "max_out_degree": 996,
    "num_nodes": 3450,
    "num_channels": 30099,
    "total_network_capacity": "72181658796",
    "avg_channel_size": 2398141.4264925746,
    "min_channel_size": "1100",
    "max_channel_size": "16777216"
}
