{
    "graph_diameter": 0,
    "avg_out_degree": 8.743388549840162,
    "max_out_degree": 998,
    "num_nodes": 3441,
    "num_channels": 30086,
    "total_network_capacity": "72348913435",
    "avg_channel_size": 2404736.868809413,
    "min_channel_size": "1100",
    "max_channel_size": "16777216"
}
