{
    "graph_diameter": 0,
    "avg_out_degree": 8.72230257448655,
    "max_out_degree": 995,
    "num_nodes": 3457,
    "num_channels": 30153,
    "total_network_capacity": "72199362242",
    "avg_channel_size": 2394433.795708553,
    "min_channel_size": "1100",
    "max_channel_size": "16777216"
}
