{
    "graph_diameter": 0,
    "avg_out_degree": 8.721192819918935,
    "max_out_degree": 995,
    "num_nodes": 3454,
    "num_channels": 30123,
    "total_network_capacity": "72173663016",
    "avg_channel_size": 2395965.3094313317,
    "min_channel_size": "1100",
    "max_channel_size": "16777216"
}
