{
    "graph_diameter": 0,
    "avg_out_degree": 8.720950449145175,
    "max_out_degree": 995,
    "num_nodes": 3451,
    "num_channels": 30096,
    "total_network_capacity": "72132522892",
    "avg_channel_size": 2396747.836656034,
    "min_channel_size": "1100",
    "max_channel_size": "16777216"
}
