{
    "graph_diameter": 0,
    "avg_out_degree": 8.74390243902439,
    "max_out_degree": 997,
    "num_nodes": 3444,
    "num_channels": 30114,
    "total_network_capacity": "72299868179",
    "avg_channel_size": 2400872.2912598792,
    "min_channel_size": "1100",
    "max_channel_size": "16777216"
}
