{
    "graph_diameter": 0,
    "avg_out_degree": 8.746004068584714,
    "max_out_degree": 998,
    "num_nodes": 3441,
    "num_channels": 30095,
    "total_network_capacity": "72353344775",
    "avg_channel_size": 2404164.9700947003,
    "min_channel_size": "1100",
    "max_channel_size": "16777216"
}
