{
    "graph_diameter": 0,
    "avg_out_degree": 8.744476744186047,
    "max_out_degree": 998,
    "num_nodes": 3440,
    "num_channels": 30081,
    "total_network_capacity": "72356328948",
    "avg_channel_size": 2405383.097237459,
    "min_channel_size": "1100",
    "max_channel_size": "16777216"
}
