{
    "graph_diameter": 0,
    "avg_out_degree": 8.743679163034002,
    "max_out_degree": 998,
    "num_nodes": 3441,
    "num_channels": 30087,
    "total_network_capacity": "72348963435",
    "avg_channel_size": 2404658.604546814,
    "min_channel_size": "1100",
    "max_channel_size": "16777216"
}
