{
    "graph_diameter": 0,
    "avg_out_degree": 8.726218097447795,
    "max_out_degree": 996,
    "num_nodes": 3448,
    "num_channels": 30088,
    "total_network_capacity": "72174364982",
    "avg_channel_size": 2398775.7571789417,
    "min_channel_size": "1100",
    "max_channel_size": "16777216"
}
