{
    "graph_diameter": 0,
    "avg_out_degree": 8.752325581395349,
    "max_out_degree": 996,
    "num_nodes": 3440,
    "num_channels": 30108,
    "total_network_capacity": "72311287443",
    "avg_channel_size": 2401730.0200278996,
    "min_channel_size": "1100",
    "max_channel_size": "16777216"
}
