{
    "graph_diameter": 0,
    "avg_out_degree": 8.737957051654092,
    "max_out_degree": 996,
    "num_nodes": 3446,
    "num_channels": 30111,
    "total_network_capacity": "72295360418",
    "avg_channel_size": 2400961.788648667,
    "min_channel_size": "1100",
    "max_channel_size": "16777216"
}
