{
    "graph_diameter": 0,
    "avg_out_degree": 8.74716652136007,
    "max_out_degree": 998,
    "num_nodes": 3441,
    "num_channels": 30099,
    "total_network_capacity": "72373344779",
    "avg_channel_size": 2404509.9431542577,
    "min_channel_size": "1100",
    "max_channel_size": "16777216"
}
