{
    "graph_diameter": 0,
    "avg_out_degree": 8.755381035485748,
    "max_out_degree": 996,
    "num_nodes": 3438,
    "num_channels": 30101,
    "total_network_capacity": "72338839756",
    "avg_channel_size": 2403203.8721637153,
    "min_channel_size": "1100",
    "max_channel_size": "16777216"
}
