{
    "graph_diameter": 0,
    "avg_out_degree": 8.728695652173913,
    "max_out_degree": 995,
    "num_nodes": 3450,
    "num_channels": 30114,
    "total_network_capacity": "72219278992",
    "avg_channel_size": 2398196.1543468153,
    "min_channel_size": "1100",
    "max_channel_size": "16777216"
}
