{
    "graph_diameter": 0,
    "avg_out_degree": 8.735268505079826,
    "max_out_degree": 996,
    "num_nodes": 3445,
    "num_channels": 30093,
    "total_network_capacity": "72232814842",
    "avg_channel_size": 2400319.504270096,
    "min_channel_size": "1100",
    "max_channel_size": "16777216"
}
