{
    "graph_diameter": 0,
    "avg_out_degree": 8.755381035485748,
    "max_out_degree": 997,
    "num_nodes": 3438,
    "num_channels": 30101,
    "total_network_capacity": "72341457270",
    "avg_channel_size": 2403290.829872762,
    "min_channel_size": "1100",
    "max_channel_size": "16777216"
}
