{
    "graph_diameter": 0,
    "avg_out_degree": 8.748471615720524,
    "max_out_degree": 998,
    "num_nodes": 3435,
    "num_channels": 30051,
    "total_network_capacity": "72357138332",
    "avg_channel_size": 2407811.3318026024,
    "min_channel_size": "1100",
    "max_channel_size": "16777216"
}
