{
    "graph_diameter": 0,
    "avg_out_degree": 8.757778423960454,
    "max_out_degree": 998,
    "num_nodes": 3439,
    "num_channels": 30118,
    "total_network_capacity": "72367078768",
    "avg_channel_size": 2402785.0045819776,
    "min_channel_size": "1100",
    "max_channel_size": "16777216"
}
