{
    "graph_diameter": 0,
    "avg_out_degree": 8.72011577424023,
    "max_out_degree": 995,
    "num_nodes": 3455,
    "num_channels": 30128,
    "total_network_capacity": "72179703158",
    "avg_channel_size": 2395768.1611125865,
    "min_channel_size": "1100",
    "max_channel_size": "16777216"
}
