{
    "graph_diameter": 0,
    "avg_out_degree": 8.714904679376083,
    "max_out_degree": 995,
    "num_nodes": 3462,
    "num_channels": 30171,
    "total_network_capacity": "72256054057",
    "avg_channel_size": 2394884.29475324,
    "min_channel_size": "1100",
    "max_channel_size": "16777216"
}
