{
    "graph_diameter": 0,
    "avg_out_degree": 8.757346523130638,
    "max_out_degree": 997,
    "num_nodes": 3437,
    "num_channels": 30099,
    "total_network_capacity": "72339720239",
    "avg_channel_size": 2403392.811688096,
    "min_channel_size": "1100",
    "max_channel_size": "16777216"
}
