{
    "graph_diameter": 0,
    "avg_out_degree": 8.719826338639653,
    "max_out_degree": 995,
    "num_nodes": 3455,
    "num_channels": 30127,
    "total_network_capacity": "72178703158",
    "avg_channel_size": 2395814.490589836,
    "min_channel_size": "1100",
    "max_channel_size": "16777216"
}
