{
    "graph_diameter": 0,
    "avg_out_degree": 8.747380675203726,
    "max_out_degree": 998,
    "num_nodes": 3436,
    "num_channels": 30056,
    "total_network_capacity": "72362955775",
    "avg_channel_size": 2407604.3310819804,
    "min_channel_size": "1100",
    "max_channel_size": "16777216"
}
