{
    "graph_diameter": 0,
    "avg_out_degree": 8.74389534883721,
    "max_out_degree": 998,
    "num_nodes": 3440,
    "num_channels": 30079,
    "total_network_capacity": "72350978948",
    "avg_channel_size": 2405365.169985704,
    "min_channel_size": "1100",
    "max_channel_size": "16777216"
}
