{
    "graph_diameter": 0,
    "avg_out_degree": 8.749781786441664,
    "max_out_degree": 998,
    "num_nodes": 3437,
    "num_channels": 30073,
    "total_network_capacity": "72348534161",
    "avg_channel_size": 2405763.780168257,
    "min_channel_size": "1100",
    "max_channel_size": "16777216"
}
