{
    "graph_diameter": 0,
    "avg_out_degree": 8.74644205634621,
    "max_out_degree": 997,
    "num_nodes": 3443,
    "num_channels": 30114,
    "total_network_capacity": "72304068179",
    "avg_channel_size": 2401011.761273826,
    "min_channel_size": "1100",
    "max_channel_size": "16777216"
}
