{
    "graph_diameter": 0,
    "avg_out_degree": 8.736139332365747,
    "max_out_degree": 996,
    "num_nodes": 3445,
    "num_channels": 30096,
    "total_network_capacity": "72236064842",
    "avg_channel_size": 2400188.225744285,
    "min_channel_size": "1100",
    "max_channel_size": "16777216"
}
