{
    "graph_diameter": 0,
    "avg_out_degree": 8.718126626192541,
    "max_out_degree": 995,
    "num_nodes": 3459,
    "num_channels": 30156,
    "total_network_capacity": "72201002242",
    "avg_channel_size": 2394249.9748640405,
    "min_channel_size": "1100",
    "max_channel_size": "16777216"
}
