{
    "graph_diameter": 0,
    "avg_out_degree": 8.743612078977932,
    "max_out_degree": 997,
    "num_nodes": 3444,
    "num_channels": 30113,
    "total_network_capacity": "72299622814",
    "avg_channel_size": 2400943.8718825756,
    "min_channel_size": "1100",
    "max_channel_size": "16777216"
}
