{
    "graph_diameter": 0,
    "avg_out_degree": 8.720231213872832,
    "max_out_degree": 995,
    "num_nodes": 3460,
    "num_channels": 30172,
    "total_network_capacity": "72219272352",
    "avg_channel_size": 2393585.8528436963,
    "min_channel_size": "1100",
    "max_channel_size": "16777216"
}
