{
    "graph_diameter": 0,
    "avg_out_degree": 8.754289037510905,
    "max_out_degree": 997,
    "num_nodes": 3439,
    "num_channels": 30106,
    "total_network_capacity": "72293992383",
    "avg_channel_size": 2401315.099415399,
    "min_channel_size": "1100",
    "max_channel_size": "16777216"
}
