{
    "graph_diameter": 0,
    "avg_out_degree": 8.738537434706906,
    "max_out_degree": 996,
    "num_nodes": 3446,
    "num_channels": 30113,
    "total_network_capacity": "72296317368",
    "avg_channel_size": 2400834.103808986,
    "min_channel_size": "1100",
    "max_channel_size": "16777216"
}
