{
    "graph_diameter": 0,
    "avg_out_degree": 8.117182564750474,
    "max_out_degree": 971,
    "num_nodes": 3166,
    "num_channels": 25699,
    "total_network_capacity": "67304518034",
    "avg_channel_size": 2618954.7466438385,
    "min_channel_size": "1100",
    "max_channel_size": "16777216"
}
