{
    "graph_diameter": 0,
    "avg_out_degree": 8.195948084836974,
    "max_out_degree": 975,
    "num_nodes": 3159,
    "num_channels": 25891,
    "total_network_capacity": "67878603200",
    "avg_channel_size": 2621706.5080529912,
    "min_channel_size": "1100",
    "max_channel_size": "16777216"
}
