{
    "graph_diameter": 0,
    "avg_out_degree": 8.132069510268563,
    "max_out_degree": 973,
    "num_nodes": 3165,
    "num_channels": 25738,
    "total_network_capacity": "67307444927",
    "avg_channel_size": 2615100.043787396,
    "min_channel_size": "1100",
    "max_channel_size": "16777216"
}
