{
    "graph_diameter": 0,
    "avg_out_degree": 8.12827804107425,
    "max_out_degree": 973,
    "num_nodes": 3165,
    "num_channels": 25726,
    "total_network_capacity": "67338850803",
    "avg_channel_size": 2617540.6515976056,
    "min_channel_size": "1100",
    "max_channel_size": "16777216"
}
