{
    "graph_diameter": 0,
    "avg_out_degree": 8.328814627994955,
    "max_out_degree": 973,
    "num_nodes": 3172,
    "num_channels": 26419,
    "total_network_capacity": "68483211468",
    "avg_channel_size": 2592195.445247738,
    "min_channel_size": "1100",
    "max_channel_size": "16777216"
}
