{
    "graph_diameter": 0,
    "avg_out_degree": 8.328598484848484,
    "max_out_degree": 971,
    "num_nodes": 3168,
    "num_channels": 26385,
    "total_network_capacity": "68409252642",
    "avg_channel_size": 2592732.7133598635,
    "min_channel_size": "1100",
    "max_channel_size": "16777216"
}
