{
    "graph_diameter": 0,
    "avg_out_degree": 8.208108964206525,
    "max_out_degree": 976,
    "num_nodes": 3157,
    "num_channels": 25913,
    "total_network_capacity": "67879780617",
    "avg_channel_size": 2619526.1303978697,
    "min_channel_size": "1100",
    "max_channel_size": "16777216"
}
