{
    "graph_diameter": 0,
    "avg_out_degree": 8.343848580441641,
    "max_out_degree": 976,
    "num_nodes": 3170,
    "num_channels": 26450,
    "total_network_capacity": "68368479390",
    "avg_channel_size": 2584819.636672968,
    "min_channel_size": "1100",
    "max_channel_size": "16777216"
}
