{
    "graph_diameter": 0,
    "avg_out_degree": 8.350678019552191,
    "max_out_degree": 976,
    "num_nodes": 3171,
    "num_channels": 26480,
    "total_network_capacity": "68380453907",
    "avg_channel_size": 2582343.4254909367,
    "min_channel_size": "1100",
    "max_channel_size": "16777216"
}
