{
    "graph_diameter": 0,
    "avg_out_degree": 8.31505986137366,
    "max_out_degree": 973,
    "num_nodes": 3174,
    "num_channels": 26392,
    "total_network_capacity": "68446364391",
    "avg_channel_size": 2593451.2121476205,
    "min_channel_size": "1100",
    "max_channel_size": "16777216"
}
