{
    "graph_diameter": 0,
    "avg_out_degree": 8.34878587196468,
    "max_out_degree": 976,
    "num_nodes": 3171,
    "num_channels": 26474,
    "total_network_capacity": "68372608641",
    "avg_channel_size": 2582632.3427136056,
    "min_channel_size": "1100",
    "max_channel_size": "16777216"
}
