{
    "graph_diameter": 0,
    "avg_out_degree": 8.117256637168142,
    "max_out_degree": 971,
    "num_nodes": 3164,
    "num_channels": 25683,
    "total_network_capacity": "67298571278",
    "avg_channel_size": 2620354.7591013513,
    "min_channel_size": "1100",
    "max_channel_size": "16777216"
}
