{
    "graph_diameter": 0,
    "avg_out_degree": 8.205249841872233,
    "max_out_degree": 976,
    "num_nodes": 3162,
    "num_channels": 25945,
    "total_network_capacity": "67892105470",
    "avg_channel_size": 2616770.301406822,
    "min_channel_size": "1100",
    "max_channel_size": "16777216"
}
