{
    "graph_diameter": 0,
    "avg_out_degree": 8.327135203277654,
    "max_out_degree": 973,
    "num_nodes": 3173,
    "num_channels": 26422,
    "total_network_capacity": "68442175433",
    "avg_channel_size": 2590348.021837862,
    "min_channel_size": "1100",
    "max_channel_size": "16777216"
}
