{
    "graph_diameter": 0,
    "avg_out_degree": 8.127491300221449,
    "max_out_degree": 975,
    "num_nodes": 3161,
    "num_channels": 25691,
    "total_network_capacity": "67277686707",
    "avg_channel_size": 2618725.884823479,
    "min_channel_size": "1100",
    "max_channel_size": "16777216"
}
