{
    "graph_diameter": 0,
    "avg_out_degree": 8.129225908372828,
    "max_out_degree": 972,
    "num_nodes": 3165,
    "num_channels": 25729,
    "total_network_capacity": "67305358026",
    "avg_channel_size": 2615933.694508143,
    "min_channel_size": "1100",
    "max_channel_size": "16777216"
}
