{
    "graph_diameter": 0,
    "avg_out_degree": 8.120063191153239,
    "max_out_degree": 973,
    "num_nodes": 3165,
    "num_channels": 25700,
    "total_network_capacity": "67311345856",
    "avg_channel_size": 2619118.5157976653,
    "min_channel_size": "1100",
    "max_channel_size": "16777216"
}
