{
    "graph_diameter": 0,
    "avg_out_degree": 8.127840909090908,
    "max_out_degree": 973,
    "num_nodes": 3168,
    "num_channels": 25749,
    "total_network_capacity": "67354017011",
    "avg_channel_size": 2615791.5651481613,
    "min_channel_size": "1100",
    "max_channel_size": "16777216"
}
