{
    "graph_diameter": 0,
    "avg_out_degree": 8.325757575757576,
    "max_out_degree": 972,
    "num_nodes": 3168,
    "num_channels": 26376,
    "total_network_capacity": "68396553600",
    "avg_channel_size": 2593135.9417652413,
    "min_channel_size": "1100",
    "max_channel_size": "16777216"
}
