{
    "graph_diameter": 0,
    "avg_out_degree": 8.320933165195461,
    "max_out_degree": 973,
    "num_nodes": 3172,
    "num_channels": 26394,
    "total_network_capacity": "68446348275",
    "avg_channel_size": 2593254.0833143895,
    "min_channel_size": "1100",
    "max_channel_size": "16777216"
}
