{
    "graph_diameter": 0,
    "avg_out_degree": 8.132827324478178,
    "max_out_degree": 973,
    "num_nodes": 3162,
    "num_channels": 25716,
    "total_network_capacity": "67276702828",
    "avg_channel_size": 2616141.81163478,
    "min_channel_size": "1100",
    "max_channel_size": "16777216"
}
