{
    "graph_diameter": 0,
    "avg_out_degree": 8.317250078839482,
    "max_out_degree": 972,
    "num_nodes": 3171,
    "num_channels": 26374,
    "total_network_capacity": "68443270403",
    "avg_channel_size": 2595103.9054750893,
    "min_channel_size": "1100",
    "max_channel_size": "16777216"
}
