{
    "graph_diameter": 0,
    "avg_out_degree": 8.329545454545455,
    "max_out_degree": 971,
    "num_nodes": 3168,
    "num_channels": 26388,
    "total_network_capacity": "68411152642",
    "avg_channel_size": 2592509.9530847357,
    "min_channel_size": "1100",
    "max_channel_size": "16777216"
}
