{
    "graph_diameter": 0,
    "avg_out_degree": 8.209243431465653,
    "max_out_degree": 976,
    "num_nodes": 3159,
    "num_channels": 25933,
    "total_network_capacity": "67897386874",
    "avg_channel_size": 2618184.817568349,
    "min_channel_size": "1100",
    "max_channel_size": "16777216"
}
