{
    "graph_diameter": 0,
    "avg_out_degree": 8.203926535782141,
    "max_out_degree": 976,
    "num_nodes": 3158,
    "num_channels": 25908,
    "total_network_capacity": "67874681862",
    "avg_channel_size": 2619834.87193145,
    "min_channel_size": "1100",
    "max_channel_size": "16777216"
}
