{
    "graph_diameter": 0,
    "avg_out_degree": 8.341640378548895,
    "max_out_degree": 976,
    "num_nodes": 3170,
    "num_channels": 26443,
    "total_network_capacity": "68352867796",
    "avg_channel_size": 2584913.5043678856,
    "min_channel_size": "1100",
    "max_channel_size": "16777216"
}
