{
    "graph_diameter": 0,
    "avg_out_degree": 8.350882723833543,
    "max_out_degree": 977,
    "num_nodes": 3172,
    "num_channels": 26489,
    "total_network_capacity": "68411772933",
    "avg_channel_size": 2582648.3798180376,
    "min_channel_size": "1100",
    "max_channel_size": "16777216"
}
