{
    "graph_diameter": 0,
    "avg_out_degree": 8.346578366445916,
    "max_out_degree": 976,
    "num_nodes": 3171,
    "num_channels": 26467,
    "total_network_capacity": "68382658712",
    "avg_channel_size": 2583695.118902785,
    "min_channel_size": "1100",
    "max_channel_size": "16777216"
}
