{
    "graph_diameter": 0,
    "avg_out_degree": 8.3218789407314,
    "max_out_degree": 973,
    "num_nodes": 3172,
    "num_channels": 26397,
    "total_network_capacity": "68457358275",
    "avg_channel_size": 2593376.4547107625,
    "min_channel_size": "1100",
    "max_channel_size": "16777216"
}
