{
    "graph_diameter": 0,
    "avg_out_degree": 8.319242902208202,
    "max_out_degree": 972,
    "num_nodes": 3170,
    "num_channels": 26372,
    "total_network_capacity": "68442260403",
    "avg_channel_size": 2595262.4147959957,
    "min_channel_size": "1100",
    "max_channel_size": "16777216"
}
