{
    "graph_diameter": 0,
    "avg_out_degree": 8.129541864139021,
    "max_out_degree": 973,
    "num_nodes": 3165,
    "num_channels": 25730,
    "total_network_capacity": "67326325605",
    "avg_channel_size": 2616646.93373494,
    "min_channel_size": "1100",
    "max_channel_size": "16777216"
}
