{
    "graph_diameter": 0,
    "avg_out_degree": 8.349826662464544,
    "max_out_degree": 977,
    "num_nodes": 3173,
    "num_channels": 26494,
    "total_network_capacity": "68415141022",
    "avg_channel_size": 2582288.103797086,
    "min_channel_size": "1100",
    "max_channel_size": "16777216"
}
