{
    "graph_diameter": 0,
    "avg_out_degree": 8.34794952681388,
    "max_out_degree": 976,
    "num_nodes": 3170,
    "num_channels": 26463,
    "total_network_capacity": "68381400085",
    "avg_channel_size": 2584038.0941314287,
    "min_channel_size": "1100",
    "max_channel_size": "16777216"
}
