{
    "graph_diameter": 0,
    "avg_out_degree": 8.343217665615143,
    "max_out_degree": 976,
    "num_nodes": 3170,
    "num_channels": 26448,
    "total_network_capacity": "68366467796",
    "avg_channel_size": 2584939.0424984875,
    "min_channel_size": "1100",
    "max_channel_size": "16777216"
}
