{
    "graph_diameter": 0,
    "avg_out_degree": 8.118204804045511,
    "max_out_degree": 972,
    "num_nodes": 3164,
    "num_channels": 25686,
    "total_network_capacity": "67304276255",
    "avg_channel_size": 2620270.8189285994,
    "min_channel_size": "1100",
    "max_channel_size": "16777216"
}
