{
    "graph_diameter": 0,
    "avg_out_degree": 8.326607818411096,
    "max_out_degree": 973,
    "num_nodes": 3172,
    "num_channels": 26412,
    "total_network_capacity": "68477611468",
    "avg_channel_size": 2592670.432682114,
    "min_channel_size": "1100",
    "max_channel_size": "16777216"
}
