{
    "graph_diameter": 0,
    "avg_out_degree": 8.195006321112515,
    "max_out_degree": 976,
    "num_nodes": 3164,
    "num_channels": 25929,
    "total_network_capacity": "67906510828",
    "avg_channel_size": 2618940.600408809,
    "min_channel_size": "1100",
    "max_channel_size": "16777216"
}
