{
    "graph_diameter": 0,
    "avg_out_degree": 8.299242424242424,
    "max_out_degree": 972,
    "num_nodes": 3168,
    "num_channels": 26292,
    "total_network_capacity": "68276854593",
    "avg_channel_size": 2596868.0432450934,
    "min_channel_size": "1100",
    "max_channel_size": "16777216"
}
