{
    "graph_diameter": 0,
    "avg_out_degree": 8.334804539722573,
    "max_out_degree": 976,
    "num_nodes": 3172,
    "num_channels": 26438,
    "total_network_capacity": "68444511530",
    "avg_channel_size": 2588868.731749754,
    "min_channel_size": "1100",
    "max_channel_size": "16777216"
}
