{
    "graph_diameter": 0,
    "avg_out_degree": 8.12654223347042,
    "max_out_degree": 975,
    "num_nodes": 3161,
    "num_channels": 25688,
    "total_network_capacity": "67234943516",
    "avg_channel_size": 2617367.7793522268,
    "min_channel_size": "1100",
    "max_channel_size": "16777216"
}
