{
    "graph_diameter": 0,
    "avg_out_degree": 8.119431279620853,
    "max_out_degree": 972,
    "num_nodes": 3165,
    "num_channels": 25698,
    "total_network_capacity": "67303895856",
    "avg_channel_size": 2619032.448283913,
    "min_channel_size": "1100",
    "max_channel_size": "16777216"
}
