{
    "graph_diameter": 0,
    "avg_out_degree": 8.116866708780796,
    "max_out_degree": 971,
    "num_nodes": 3166,
    "num_channels": 25698,
    "total_network_capacity": "67304416477",
    "avg_channel_size": 2619052.707486964,
    "min_channel_size": "1100",
    "max_channel_size": "16777216"
}
