{
    "graph_diameter": 0,
    "avg_out_degree": 8.115955766192734,
    "max_out_degree": 972,
    "num_nodes": 3165,
    "num_channels": 25687,
    "total_network_capacity": "67299320856",
    "avg_channel_size": 2619975.896601394,
    "min_channel_size": "1100",
    "max_channel_size": "16777216"
}
