{
    "graph_diameter": 0,
    "avg_out_degree": 8.117572692793932,
    "max_out_degree": 972,
    "num_nodes": 3164,
    "num_channels": 25684,
    "total_network_capacity": "67298881950",
    "avg_channel_size": 2620264.8321912475,
    "min_channel_size": "1100",
    "max_channel_size": "16777216"
}
