{
    "graph_diameter": 0,
    "avg_out_degree": 8.354146956795963,
    "max_out_degree": 977,
    "num_nodes": 3171,
    "num_channels": 26491,
    "total_network_capacity": "68411418468",
    "avg_channel_size": 2582440.0161564304,
    "min_channel_size": "1100",
    "max_channel_size": "16777216"
}
