{
    "graph_diameter": 0,
    "avg_out_degree": 8.346893724377168,
    "max_out_degree": 976,
    "num_nodes": 3171,
    "num_channels": 26468,
    "total_network_capacity": "68382958712",
    "avg_channel_size": 2583608.8375396705,
    "min_channel_size": "1100",
    "max_channel_size": "16777216"
}
