{
    "graph_diameter": 0,
    "avg_out_degree": 8.33900977609587,
    "max_out_degree": 976,
    "num_nodes": 3171,
    "num_channels": 26443,
    "total_network_capacity": "68436019069",
    "avg_channel_size": 2588058.0519986385,
    "min_channel_size": "1100",
    "max_channel_size": "16777216"
}
