{
    "graph_diameter": 0,
    "avg_out_degree": 8.32156368221942,
    "max_out_degree": 973,
    "num_nodes": 3172,
    "num_channels": 26396,
    "total_network_capacity": "68456448275",
    "avg_channel_size": 2593440.2286331262,
    "min_channel_size": "1100",
    "max_channel_size": "16777216"
}
