{
    "graph_diameter": 0,
    "avg_out_degree": 8.327868852459016,
    "max_out_degree": 973,
    "num_nodes": 3172,
    "num_channels": 26416,
    "total_network_capacity": "68482911468",
    "avg_channel_size": 2592478.477740763,
    "min_channel_size": "1100",
    "max_channel_size": "16777216"
}
