{
    "graph_diameter": 0,
    "avg_out_degree": 8.131121642969985,
    "max_out_degree": 972,
    "num_nodes": 3165,
    "num_channels": 25735,
    "total_network_capacity": "67321076058",
    "avg_channel_size": 2615934.5660773264,
    "min_channel_size": "1100",
    "max_channel_size": "16777216"
}
