{
    "graph_diameter": 0,
    "avg_out_degree": 8.132385466034755,
    "max_out_degree": 973,
    "num_nodes": 3165,
    "num_channels": 25739,
    "total_network_capacity": "67309194927",
    "avg_channel_size": 2615066.4333113176,
    "min_channel_size": "1100",
    "max_channel_size": "16777216"
}
