{
    "graph_diameter": 0,
    "avg_out_degree": 8.194048749604304,
    "max_out_degree": 975,
    "num_nodes": 3159,
    "num_channels": 25885,
    "total_network_capacity": "67875743804",
    "avg_channel_size": 2622203.739772069,
    "min_channel_size": "1100",
    "max_channel_size": "16777216"
}
