{
    "graph_diameter": 0,
    "avg_out_degree": 8.189317319848293,
    "max_out_degree": 976,
    "num_nodes": 3164,
    "num_channels": 25911,
    "total_network_capacity": "67870016398",
    "avg_channel_size": 2619351.487707923,
    "min_channel_size": "1100",
    "max_channel_size": "16777216"
}
