{
    "graph_diameter": 0,
    "avg_out_degree": 8.328080680743776,
    "max_out_degree": 973,
    "num_nodes": 3173,
    "num_channels": 26425,
    "total_network_capacity": "68454670007",
    "avg_channel_size": 2590526.774153264,
    "min_channel_size": "1100",
    "max_channel_size": "16777216"
}
