{
    "graph_diameter": 0,
    "avg_out_degree": 8.133417641479609,
    "max_out_degree": 973,
    "num_nodes": 3163,
    "num_channels": 25726,
    "total_network_capacity": "67283031647",
    "avg_channel_size": 2615370.895086683,
    "min_channel_size": "1100",
    "max_channel_size": "16777216"
}
