{
    "graph_diameter": 0,
    "avg_out_degree": 8.207792207792208,
    "max_out_degree": 975,
    "num_nodes": 3157,
    "num_channels": 25912,
    "total_network_capacity": "67836740390",
    "avg_channel_size": 2617966.208320469,
    "min_channel_size": "1100",
    "max_channel_size": "16777216"
}
