{
    "graph_diameter": 0,
    "avg_out_degree": 8.32986111111111,
    "max_out_degree": 972,
    "num_nodes": 3168,
    "num_channels": 26389,
    "total_network_capacity": "68431838280",
    "avg_channel_size": 2593195.584523855,
    "min_channel_size": "1100",
    "max_channel_size": "16777216"
}
