{
    "graph_diameter": 0,
    "avg_out_degree": 8.330706179066835,
    "max_out_degree": 973,
    "num_nodes": 3172,
    "num_channels": 26425,
    "total_network_capacity": "68477484253",
    "avg_channel_size": 2591390.13256386,
    "min_channel_size": "1100",
    "max_channel_size": "16777216"
}
