{
    "graph_diameter": 0,
    "avg_out_degree": 8.32460567823344,
    "max_out_degree": 971,
    "num_nodes": 3170,
    "num_channels": 26389,
    "total_network_capacity": "68427888280",
    "avg_channel_size": 2593045.900943575,
    "min_channel_size": "1100",
    "max_channel_size": "16777216"
}
