{
    "graph_diameter": 0,
    "avg_out_degree": 8.123222748815166,
    "max_out_degree": 973,
    "num_nodes": 3165,
    "num_channels": 25710,
    "total_network_capacity": "67311085856",
    "avg_channel_size": 2618089.687125632,
    "min_channel_size": "1100",
    "max_channel_size": "16777216"
}
