{
    "graph_diameter": 0,
    "avg_out_degree": 8.353182104599874,
    "max_out_degree": 977,
    "num_nodes": 3174,
    "num_channels": 26513,
    "total_network_capacity": "68445844171",
    "avg_channel_size": 2581595.601063629,
    "min_channel_size": "1100",
    "max_channel_size": "16777216"
}
