{
    "graph_diameter": 0,
    "avg_out_degree": 8.331544047994948,
    "max_out_degree": 972,
    "num_nodes": 3167,
    "num_channels": 26386,
    "total_network_capacity": "68429673518",
    "avg_channel_size": 2593408.3801258244,
    "min_channel_size": "1100",
    "max_channel_size": "16777216"
}
