{
    "graph_diameter": 0,
    "avg_out_degree": 8.322194199243379,
    "max_out_degree": 973,
    "num_nodes": 3172,
    "num_channels": 26398,
    "total_network_capacity": "68460418275",
    "avg_channel_size": 2593394.1311841807,
    "min_channel_size": "1100",
    "max_channel_size": "16777216"
}
