{
    "graph_diameter": 0,
    "avg_out_degree": 8.210392902408111,
    "max_out_degree": 974,
    "num_nodes": 3156,
    "num_channels": 25912,
    "total_network_capacity": "67826659000",
    "avg_channel_size": 2617577.145723989,
    "min_channel_size": "1100",
    "max_channel_size": "16777216"
}
