{
    "graph_diameter": 0,
    "avg_out_degree": 8.20644957319001,
    "max_out_degree": 976,
    "num_nodes": 3163,
    "num_channels": 25957,
    "total_network_capacity": "67909227056",
    "avg_channel_size": 2616220.1739800437,
    "min_channel_size": "1100",
    "max_channel_size": "16777216"
}
