{
    "graph_diameter": 0,
    "avg_out_degree": 8.128909952606636,
    "max_out_degree": 972,
    "num_nodes": 3165,
    "num_channels": 25728,
    "total_network_capacity": "67305258026",
    "avg_channel_size": 2616031.4842195273,
    "min_channel_size": "1100",
    "max_channel_size": "16777216"
}
