{
    "graph_diameter": 0,
    "avg_out_degree": 8.116903633491312,
    "max_out_degree": 972,
    "num_nodes": 3165,
    "num_channels": 25690,
    "total_network_capacity": "67298810856",
    "avg_channel_size": 2619650.091708836,
    "min_channel_size": "1100",
    "max_channel_size": "16777216"
}
