{
    "graph_diameter": 0,
    "avg_out_degree": 8.348580441640378,
    "max_out_degree": 976,
    "num_nodes": 3170,
    "num_channels": 26465,
    "total_network_capacity": "68382500085",
    "avg_channel_size": 2583884.3788021915,
    "min_channel_size": "1100",
    "max_channel_size": "16777216"
}
