{
    "graph_diameter": 0,
    "avg_out_degree": 8.204933586337761,
    "max_out_degree": 976,
    "num_nodes": 3162,
    "num_channels": 25944,
    "total_network_capacity": "67890105470",
    "avg_channel_size": 2616794.0745451744,
    "min_channel_size": "1100",
    "max_channel_size": "16777216"
}
