{
    "graph_diameter": 0,
    "avg_out_degree": 8.119115323854661,
    "max_out_degree": 972,
    "num_nodes": 3165,
    "num_channels": 25697,
    "total_network_capacity": "67303415856",
    "avg_channel_size": 2619115.6888352726,
    "min_channel_size": "1100",
    "max_channel_size": "16777216"
}
