{
    "graph_diameter": 0,
    "avg_out_degree": 8.350661625708884,
    "max_out_degree": 977,
    "num_nodes": 3174,
    "num_channels": 26505,
    "total_network_capacity": "68445044171",
    "avg_channel_size": 2582344.6206753445,
    "min_channel_size": "1100",
    "max_channel_size": "16777216"
}
