{
    "graph_diameter": 0,
    "avg_out_degree": 8.211343472750317,
    "max_out_degree": 974,
    "num_nodes": 3156,
    "num_channels": 25915,
    "total_network_capacity": "67829259000",
    "avg_channel_size": 2617374.4549488714,
    "min_channel_size": "1100",
    "max_channel_size": "16777216"
}
