{
    "graph_diameter": 0,
    "avg_out_degree": 8.124368686868687,
    "max_out_degree": 973,
    "num_nodes": 3168,
    "num_channels": 25738,
    "total_network_capacity": "67337102599",
    "avg_channel_size": 2616252.335029917,
    "min_channel_size": "1100",
    "max_channel_size": "16777216"
}
