{
    "graph_diameter": 0,
    "avg_out_degree": 8.117219589257504,
    "max_out_degree": 972,
    "num_nodes": 3165,
    "num_channels": 25691,
    "total_network_capacity": "67301315856",
    "avg_channel_size": 2619645.6290529757,
    "min_channel_size": "1100",
    "max_channel_size": "16777216"
}
