{
    "graph_diameter": 0,
    "avg_out_degree": 8.201393286890436,
    "max_out_degree": 976,
    "num_nodes": 3158,
    "num_channels": 25900,
    "total_network_capacity": "67869211489",
    "avg_channel_size": 2620432.876023166,
    "min_channel_size": "1100",
    "max_channel_size": "16777216"
}
