{
    "graph_diameter": 0,
    "avg_out_degree": 8.208174904942966,
    "max_out_degree": 975,
    "num_nodes": 3156,
    "num_channels": 25905,
    "total_network_capacity": "67834485390",
    "avg_channel_size": 2618586.5813549506,
    "min_channel_size": "1100",
    "max_channel_size": "16777216"
}
