{
    "graph_diameter": 0,
    "avg_out_degree": 8.641885766092475,
    "max_out_degree": 1004,
    "num_nodes": 3309,
    "num_channels": 28596,
    "total_network_capacity": "70674795298",
    "avg_channel_size": 2471492.3520072736,
    "min_channel_size": "1100",
    "max_channel_size": "16777216"
}
