{
    "graph_diameter": 0,
    "avg_out_degree": 8.629360024264482,
    "max_out_degree": 1003,
    "num_nodes": 3297,
    "num_channels": 28451,
    "total_network_capacity": "71085619842",
    "avg_channel_size": 2498527.989947629,
    "min_channel_size": "1100",
    "max_channel_size": "16777216"
}
