{
    "graph_diameter": 0,
    "avg_out_degree": 8.646363636363636,
    "max_out_degree": 1004,
    "num_nodes": 3300,
    "num_channels": 28533,
    "total_network_capacity": "71338215939",
    "avg_channel_size": 2500200.3273052257,
    "min_channel_size": "1100",
    "max_channel_size": "16777216"
}
