{
    "graph_diameter": 0,
    "avg_out_degree": 8.640109057861254,
    "max_out_degree": 1005,
    "num_nodes": 3301,
    "num_channels": 28521,
    "total_network_capacity": "71315035556",
    "avg_channel_size": 2500439.520213176,
    "min_channel_size": "1100",
    "max_channel_size": "16777216"
}
