{
    "graph_diameter": 0,
    "avg_out_degree": 8.617512921860747,
    "max_out_degree": 996,
    "num_nodes": 3289,
    "num_channels": 28343,
    "total_network_capacity": "70707059664",
    "avg_channel_size": 2494692.1519952016,
    "min_channel_size": "1100",
    "max_channel_size": "16777216"
}
