{
    "graph_diameter": 0,
    "avg_out_degree": 8.626023657870793,
    "max_out_degree": 1003,
    "num_nodes": 3297,
    "num_channels": 28440,
    "total_network_capacity": "70954846446",
    "avg_channel_size": 2494896.1478902954,
    "min_channel_size": "1100",
    "max_channel_size": "16777216"
}
