{
    "graph_diameter": 0,
    "avg_out_degree": 8.633363608840448,
    "max_out_degree": 1006,
    "num_nodes": 3303,
    "num_channels": 28516,
    "total_network_capacity": "71315426745",
    "avg_channel_size": 2500891.665906859,
    "min_channel_size": "1100",
    "max_channel_size": "16777216"
}
