{
    "graph_diameter": 0,
    "avg_out_degree": 8.629203271735838,
    "max_out_degree": 1005,
    "num_nodes": 3301,
    "num_channels": 28485,
    "total_network_capacity": "70733704708",
    "avg_channel_size": 2483191.3185185185,
    "min_channel_size": "1100",
    "max_channel_size": "16777216"
}
