{
    "graph_diameter": 0,
    "avg_out_degree": 8.614168440255396,
    "max_out_degree": 996,
    "num_nodes": 3289,
    "num_channels": 28332,
    "total_network_capacity": "70699688420",
    "avg_channel_size": 2495400.551320062,
    "min_channel_size": "1100",
    "max_channel_size": "16777216"
}
