{
    "graph_diameter": 0,
    "avg_out_degree": 8.637878787878789,
    "max_out_degree": 1007,
    "num_nodes": 3300,
    "num_channels": 28505,
    "total_network_capacity": "71334758400",
    "avg_channel_size": 2502534.937730223,
    "min_channel_size": "1100",
    "max_channel_size": "16777216"
}
