{
    "graph_diameter": 0,
    "avg_out_degree": 8.648232094288305,
    "max_out_degree": 1004,
    "num_nodes": 3309,
    "num_channels": 28617,
    "total_network_capacity": "70778661640",
    "avg_channel_size": 2473308.230771919,
    "min_channel_size": "1100",
    "max_channel_size": "16777216"
}
