{
    "graph_diameter": 0,
    "avg_out_degree": 8.643138442896092,
    "max_out_degree": 1003,
    "num_nodes": 3301,
    "num_channels": 28531,
    "total_network_capacity": "71328002909",
    "avg_channel_size": 2500017.626756861,
    "min_channel_size": "1100",
    "max_channel_size": "16777216"
}
