{
    "graph_diameter": 0,
    "avg_out_degree": 8.639200242350803,
    "max_out_degree": 1005,
    "num_nodes": 3301,
    "num_channels": 28518,
    "total_network_capacity": "71310935556",
    "avg_channel_size": 2500558.789396171,
    "min_channel_size": "1100",
    "max_channel_size": "16777216"
}
