{
    "graph_diameter": 0,
    "avg_out_degree": 8.639890876023037,
    "max_out_degree": 1006,
    "num_nodes": 3299,
    "num_channels": 28503,
    "total_network_capacity": "71334607587",
    "avg_channel_size": 2502705.244605831,
    "min_channel_size": "1100",
    "max_channel_size": "16777216"
}
