{
    "graph_diameter": 0,
    "avg_out_degree": 8.638510445049954,
    "max_out_degree": 1005,
    "num_nodes": 3303,
    "num_channels": 28533,
    "total_network_capacity": "70734750037",
    "avg_channel_size": 2479050.574317457,
    "min_channel_size": "1100",
    "max_channel_size": "16777216"
}
