{
    "graph_diameter": 0,
    "avg_out_degree": 8.635978195033314,
    "max_out_degree": 1006,
    "num_nodes": 3302,
    "num_channels": 28516,
    "total_network_capacity": "71315235745",
    "avg_channel_size": 2500884.967912751,
    "min_channel_size": "1100",
    "max_channel_size": "16777216"
}
