{
    "graph_diameter": 0,
    "avg_out_degree": 8.633909614801334,
    "max_out_degree": 1005,
    "num_nodes": 3297,
    "num_channels": 28466,
    "total_network_capacity": "71249166204",
    "avg_channel_size": 2502956.7274643434,
    "min_channel_size": "1100",
    "max_channel_size": "16777216"
}
