{
    "graph_diameter": 0,
    "avg_out_degree": 8.634824667472794,
    "max_out_degree": 1004,
    "num_nodes": 3308,
    "num_channels": 28564,
    "total_network_capacity": "70658331957",
    "avg_channel_size": 2473684.7765368996,
    "min_channel_size": "1100",
    "max_channel_size": "16777216"
}
