{
    "graph_diameter": 0,
    "avg_out_degree": 8.621695533272561,
    "max_out_degree": 997,
    "num_nodes": 3291,
    "num_channels": 28374,
    "total_network_capacity": "70758400982",
    "avg_channel_size": 2493776.026714598,
    "min_channel_size": "1100",
    "max_channel_size": "16777216"
}
