{
    "graph_diameter": 0,
    "avg_out_degree": 8.641583559987911,
    "max_out_degree": 1003,
    "num_nodes": 3309,
    "num_channels": 28595,
    "total_network_capacity": "70677640922",
    "avg_channel_size": 2471678.2976744184,
    "min_channel_size": "1100",
    "max_channel_size": "16777216"
}
