{
    "graph_diameter": 0,
    "avg_out_degree": 8.65748031496063,
    "max_out_degree": 1005,
    "num_nodes": 3302,
    "num_channels": 28587,
    "total_network_capacity": "71441615316",
    "avg_channel_size": 2499094.5295414,
    "min_channel_size": "1100",
    "max_channel_size": "16777216"
}
