{
    "graph_diameter": 0,
    "avg_out_degree": 8.631483715319662,
    "max_out_degree": 1004,
    "num_nodes": 3316,
    "num_channels": 28622,
    "total_network_capacity": "70758109258",
    "avg_channel_size": 2472158.1041855915,
    "min_channel_size": "1100",
    "max_channel_size": "16777216"
}
