{
    "graph_diameter": 0,
    "avg_out_degree": 8.624203821656051,
    "max_out_degree": 1003,
    "num_nodes": 3297,
    "num_channels": 28434,
    "total_network_capacity": "70951988276",
    "avg_channel_size": 2495322.0889076455,
    "min_channel_size": "1100",
    "max_channel_size": "16777216"
}
