{
    "graph_diameter": 0,
    "avg_out_degree": 8.62412640534792,
    "max_out_degree": 996,
    "num_nodes": 3291,
    "num_channels": 28382,
    "total_network_capacity": "70819715757",
    "avg_channel_size": 2495233.449263618,
    "min_channel_size": "1100",
    "max_channel_size": "16777216"
}
