{
    "graph_diameter": 0,
    "avg_out_degree": 8.619872379216044,
    "max_out_degree": 997,
    "num_nodes": 3291,
    "num_channels": 28368,
    "total_network_capacity": "70708772734",
    "avg_channel_size": 2492554.030386351,
    "min_channel_size": "1100",
    "max_channel_size": "16777216"
}
