{
    "graph_diameter": 0,
    "avg_out_degree": 8.634877384196185,
    "max_out_degree": 1005,
    "num_nodes": 3303,
    "num_channels": 28521,
    "total_network_capacity": "70729272387",
    "avg_channel_size": 2479901.5597980437,
    "min_channel_size": "1100",
    "max_channel_size": "16777216"
}
