{
    "graph_diameter": 0,
    "avg_out_degree": 8.632991556091676,
    "max_out_degree": 1004,
    "num_nodes": 3316,
    "num_channels": 28627,
    "total_network_capacity": "70797826820",
    "avg_channel_size": 2473113.7324903063,
    "min_channel_size": "1100",
    "max_channel_size": "16777216"
}
