{
    "graph_diameter": 0,
    "avg_out_degree": 8.632277526395173,
    "max_out_degree": 1003,
    "num_nodes": 3315,
    "num_channels": 28616,
    "total_network_capacity": "70747171262",
    "avg_channel_size": 2472294.215194297,
    "min_channel_size": "1100",
    "max_channel_size": "16777216"
}
