{
    "graph_diameter": 0,
    "avg_out_degree": 8.641281353883349,
    "max_out_degree": 1004,
    "num_nodes": 3309,
    "num_channels": 28594,
    "total_network_capacity": "70670741926",
    "avg_channel_size": 2471523.46387354,
    "min_channel_size": "1100",
    "max_channel_size": "16777216"
}
