{
    "graph_diameter": 0,
    "avg_out_degree": 8.631515516721905,
    "max_out_degree": 1004,
    "num_nodes": 3319,
    "num_channels": 28648,
    "total_network_capacity": "70724287191",
    "avg_channel_size": 2468733.844980452,
    "min_channel_size": "1100",
    "max_channel_size": "16777216"
}
