{
    "graph_diameter": 0,
    "avg_out_degree": 8.65576748410536,
    "max_out_degree": 1005,
    "num_nodes": 3303,
    "num_channels": 28590,
    "total_network_capacity": "71449925556",
    "avg_channel_size": 2499122.9645330533,
    "min_channel_size": "1100",
    "max_channel_size": "16777216"
}
