{
    "graph_diameter": 0,
    "avg_out_degree": 8.623936816524909,
    "max_out_degree": 996,
    "num_nodes": 3292,
    "num_channels": 28390,
    "total_network_capacity": "70846901588",
    "avg_channel_size": 2495487.903768933,
    "min_channel_size": "1100",
    "max_channel_size": "16777216"
}
