{
    "graph_diameter": 0,
    "avg_out_degree": 8.642922097605336,
    "max_out_degree": 1005,
    "num_nodes": 3299,
    "num_channels": 28513,
    "total_network_capacity": "71308050716",
    "avg_channel_size": 2500896.107600042,
    "min_channel_size": "1100",
    "max_channel_size": "16777216"
}
