{
    "graph_diameter": 0,
    "avg_out_degree": 8.641885766092475,
    "max_out_degree": 1004,
    "num_nodes": 3309,
    "num_channels": 28596,
    "total_network_capacity": "70671361640",
    "avg_channel_size": 2471372.2772415723,
    "min_channel_size": "1100",
    "max_channel_size": "16777216"
}
