{
    "graph_diameter": 0,
    "avg_out_degree": 8.620176238225463,
    "max_out_degree": 997,
    "num_nodes": 3291,
    "num_channels": 28369,
    "total_network_capacity": "70709772734",
    "avg_channel_size": 2492501.418238218,
    "min_channel_size": "1100",
    "max_channel_size": "16777216"
}
