{
    "graph_diameter": 0,
    "avg_out_degree": 8.640497120339496,
    "max_out_degree": 1005,
    "num_nodes": 3299,
    "num_channels": 28505,
    "total_network_capacity": "71292448129",
    "avg_channel_size": 2501050.627223294,
    "min_channel_size": "1100",
    "max_channel_size": "16777216"
}
