{
    "graph_diameter": 0,
    "avg_out_degree": 8.630657815328908,
    "max_out_degree": 1004,
    "num_nodes": 3314,
    "num_channels": 28602,
    "total_network_capacity": "70749978729",
    "avg_channel_size": 2473602.500839102,
    "min_channel_size": "1100",
    "max_channel_size": "16777216"
}
