{
    "graph_diameter": 0,
    "avg_out_degree": 8.633606308765545,
    "max_out_degree": 1004,
    "num_nodes": 3297,
    "num_channels": 28465,
    "total_network_capacity": "71248679255",
    "avg_channel_size": 2503027.5515545406,
    "min_channel_size": "1100",
    "max_channel_size": "16777216"
}
