{
    "graph_diameter": 0,
    "avg_out_degree": 8.660508782556027,
    "max_out_degree": 1005,
    "num_nodes": 3302,
    "num_channels": 28597,
    "total_network_capacity": "71449765278",
    "avg_channel_size": 2498505.622198133,
    "min_channel_size": "1100",
    "max_channel_size": "16777216"
}
