{
    "graph_diameter": 0,
    "avg_out_degree": 8.6367482623149,
    "max_out_degree": 1003,
    "num_nodes": 3309,
    "num_channels": 28579,
    "total_network_capacity": "70660436606",
    "avg_channel_size": 2472460.0792889884,
    "min_channel_size": "1100",
    "max_channel_size": "16777216"
}
