{
    "graph_diameter": 0,
    "avg_out_degree": 8.630611630009039,
    "max_out_degree": 1004,
    "num_nodes": 3319,
    "num_channels": 28645,
    "total_network_capacity": "70723596731",
    "avg_channel_size": 2468968.2922325013,
    "min_channel_size": "1100",
    "max_channel_size": "16777216"
}
