{
    "graph_diameter": 0,
    "avg_out_degree": 8.638259292837715,
    "max_out_degree": 1003,
    "num_nodes": 3309,
    "num_channels": 28584,
    "total_network_capacity": "70658437533",
    "avg_channel_size": 2471957.652287993,
    "min_channel_size": "1100",
    "max_channel_size": "16777216"
}
