{
    "graph_diameter": 0,
    "avg_out_degree": 8.6219252960826,
    "max_out_degree": 996,
    "num_nodes": 3293,
    "num_channels": 28392,
    "total_network_capacity": "70862264588",
    "avg_channel_size": 2495853.2187940264,
    "min_channel_size": "1100",
    "max_channel_size": "16777216"
}
