{
    "graph_diameter": 0,
    "avg_out_degree": 8.631929718267191,
    "max_out_degree": 1005,
    "num_nodes": 3301,
    "num_channels": 28494,
    "total_network_capacity": "70743061488",
    "avg_channel_size": 2482735.3649189305,
    "min_channel_size": "1100",
    "max_channel_size": "16777216"
}
