{
    "graph_diameter": 0,
    "avg_out_degree": 8.639721465334544,
    "max_out_degree": 1005,
    "num_nodes": 3303,
    "num_channels": 28537,
    "total_network_capacity": "70716995822",
    "avg_channel_size": 2478080.9413042716,
    "min_channel_size": "1100",
    "max_channel_size": "16777216"
}
