{
    "graph_diameter": 0,
    "avg_out_degree": 8.63669391462307,
    "max_out_degree": 1005,
    "num_nodes": 3303,
    "num_channels": 28527,
    "total_network_capacity": "70734374037",
    "avg_channel_size": 2479558.8052371438,
    "min_channel_size": "1100",
    "max_channel_size": "16777216"
}
