{
    "graph_diameter": 0,
    "avg_out_degree": 8.640326975476839,
    "max_out_degree": 1005,
    "num_nodes": 3303,
    "num_channels": 28539,
    "total_network_capacity": "70717672822",
    "avg_channel_size": 2477931.000455517,
    "min_channel_size": "1100",
    "max_channel_size": "16777216"
}
