{
    "graph_diameter": 0,
    "avg_out_degree": 8.638863705046841,
    "max_out_degree": 1003,
    "num_nodes": 3309,
    "num_channels": 28586,
    "total_network_capacity": "70667235978",
    "avg_channel_size": 2472092.4920590497,
    "min_channel_size": "1100",
    "max_channel_size": "16777216"
}
