{
    "graph_diameter": 0,
    "avg_out_degree": 8.640676941674222,
    "max_out_degree": 1003,
    "num_nodes": 3309,
    "num_channels": 28592,
    "total_network_capacity": "70676485922",
    "avg_channel_size": 2471897.2412562952,
    "min_channel_size": "1100",
    "max_channel_size": "16777216"
}
