{
    "graph_diameter": 0,
    "avg_out_degree": 8.624582701062215,
    "max_out_degree": 1002,
    "num_nodes": 3295,
    "num_channels": 28418,
    "total_network_capacity": "70938667425",
    "avg_channel_size": 2496258.266767542,
    "min_channel_size": "1100",
    "max_channel_size": "16777216"
}
