{
    "graph_diameter": 0,
    "avg_out_degree": 8.642512077294686,
    "max_out_degree": 1004,
    "num_nodes": 3312,
    "num_channels": 28624,
    "total_network_capacity": "70781123252",
    "avg_channel_size": 2472789.381358301,
    "min_channel_size": "1100",
    "max_channel_size": "16777216"
}
