{
    "graph_diameter": 0,
    "avg_out_degree": 8.648836506497432,
    "max_out_degree": 1005,
    "num_nodes": 3309,
    "num_channels": 28619,
    "total_network_capacity": "70778956640",
    "avg_channel_size": 2473145.694818128,
    "min_channel_size": "1100",
    "max_channel_size": "16777216"
}
