{
    "graph_diameter": 0,
    "avg_out_degree": 8.641172914147521,
    "max_out_degree": 1003,
    "num_nodes": 3308,
    "num_channels": 28585,
    "total_network_capacity": "70679814096",
    "avg_channel_size": 2472618.9993353155,
    "min_channel_size": "1100",
    "max_channel_size": "16777216"
}
