{
    "graph_diameter": 0,
    "avg_out_degree": 8.621999392281982,
    "max_out_degree": 996,
    "num_nodes": 3291,
    "num_channels": 28375,
    "total_network_capacity": "70734715757",
    "avg_channel_size": 2492853.418748899,
    "min_channel_size": "1100",
    "max_channel_size": "16777216"
}
