{
    "graph_diameter": 0,
    "avg_out_degree": 8.633110976349302,
    "max_out_degree": 1006,
    "num_nodes": 3298,
    "num_channels": 28472,
    "total_network_capacity": "71259046120",
    "avg_channel_size": 2502776.2756392243,
    "min_channel_size": "1100",
    "max_channel_size": "16777216"
}
