{
    "graph_diameter": 0,
    "avg_out_degree": 8.621695533272561,
    "max_out_degree": 996,
    "num_nodes": 3291,
    "num_channels": 28374,
    "total_network_capacity": "70748736522",
    "avg_channel_size": 2493435.4170014802,
    "min_channel_size": "1100",
    "max_channel_size": "16777216"
}
