{
    "graph_diameter": 0,
    "avg_out_degree": 8.639165911151405,
    "max_out_degree": 1003,
    "num_nodes": 3309,
    "num_channels": 28587,
    "total_network_capacity": "70683815125",
    "avg_channel_size": 2472585.970021338,
    "min_channel_size": "1100",
    "max_channel_size": "16777216"
}
