{
    "graph_diameter": 0,
    "avg_out_degree": 8.623483009708737,
    "max_out_degree": 1002,
    "num_nodes": 3296,
    "num_channels": 28423,
    "total_network_capacity": "70945959850",
    "avg_channel_size": 2496075.708053337,
    "min_channel_size": "1100",
    "max_channel_size": "16777216"
}
