{
    "graph_diameter": 0,
    "avg_out_degree": 8.623861566484518,
    "max_out_degree": 999,
    "num_nodes": 3294,
    "num_channels": 28407,
    "total_network_capacity": "70916200486",
    "avg_channel_size": 2496433.9946492063,
    "min_channel_size": "1100",
    "max_channel_size": "16777216"
}
