{
    "graph_diameter": 0,
    "avg_out_degree": 8.661114476075106,
    "max_out_degree": 1005,
    "num_nodes": 3302,
    "num_channels": 28599,
    "total_network_capacity": "71465351337",
    "avg_channel_size": 2498875.8815692854,
    "min_channel_size": "1100",
    "max_channel_size": "16777216"
}
