{
    "graph_diameter": 0,
    "avg_out_degree": 8.627355623100303,
    "max_out_degree": 996,
    "num_nodes": 3290,
    "num_channels": 28384,
    "total_network_capacity": "70842693255",
    "avg_channel_size": 2495867.1524450392,
    "min_channel_size": "1100",
    "max_channel_size": "16777216"
}
