{
    "graph_diameter": 0,
    "avg_out_degree": 8.636088404480775,
    "max_out_degree": 1005,
    "num_nodes": 3303,
    "num_channels": 28525,
    "total_network_capacity": "70732711367",
    "avg_channel_size": 2479674.368694128,
    "min_channel_size": "1100",
    "max_channel_size": "16777216"
}
