{
    "graph_diameter": 0,
    "avg_out_degree": 8.625493171471927,
    "max_out_degree": 1002,
    "num_nodes": 3295,
    "num_channels": 28421,
    "total_network_capacity": "70945667425",
    "avg_channel_size": 2496241.069103832,
    "min_channel_size": "1100",
    "max_channel_size": "16777216"
}
