{
    "graph_diameter": 0,
    "avg_out_degree": 8.63655589123867,
    "max_out_degree": 1003,
    "num_nodes": 3310,
    "num_channels": 28587,
    "total_network_capacity": "70662626422",
    "avg_channel_size": 2471844.769370693,
    "min_channel_size": "1100",
    "max_channel_size": "16777216"
}
