{
    "graph_diameter": 0,
    "avg_out_degree": 8.640024220405692,
    "max_out_degree": 1005,
    "num_nodes": 3303,
    "num_channels": 28538,
    "total_network_capacity": "70717172822",
    "avg_channel_size": 2478000.3091316842,
    "min_channel_size": "1100",
    "max_channel_size": "16777216"
}
