{
    "graph_diameter": 0,
    "avg_out_degree": 8.647076643441382,
    "max_out_degree": 1004,
    "num_nodes": 3301,
    "num_channels": 28544,
    "total_network_capacity": "70641656790",
    "avg_channel_size": 2474833.828125,
    "min_channel_size": "1100",
    "max_channel_size": "16777216"
}
