{
    "graph_diameter": 0,
    "avg_out_degree": 8.632393084622384,
    "max_out_degree": 1003,
    "num_nodes": 3297,
    "num_channels": 28461,
    "total_network_capacity": "71231619842",
    "avg_channel_size": 2502779.9389339797,
    "min_channel_size": "1100",
    "max_channel_size": "16777216"
}
