{
    "graph_diameter": 0,
    "avg_out_degree": 8.632009699909064,
    "max_out_degree": 1006,
    "num_nodes": 3299,
    "num_channels": 28477,
    "total_network_capacity": "71269666120",
    "avg_channel_size": 2502709.7699898165,
    "min_channel_size": "1100",
    "max_channel_size": "16777216"
}
