{
    "graph_diameter": 0,
    "avg_out_degree": 8.64050709326894,
    "max_out_degree": 1004,
    "num_nodes": 3313,
    "num_channels": 28626,
    "total_network_capacity": "70782319447",
    "avg_channel_size": 2472658.4030950884,
    "min_channel_size": "1100",
    "max_channel_size": "16777216"
}
