{
    "graph_diameter": 0,
    "avg_out_degree": 8.625645700395017,
    "max_out_degree": 996,
    "num_nodes": 3291,
    "num_channels": 28387,
    "total_network_capacity": "70843183255",
    "avg_channel_size": 2495620.6451896997,
    "min_channel_size": "1100",
    "max_channel_size": "16777216"
}
