{
    "graph_diameter": 0,
    "avg_out_degree": 8.646969696969697,
    "max_out_degree": 1004,
    "num_nodes": 3300,
    "num_channels": 28535,
    "total_network_capacity": "71339315939",
    "avg_channel_size": 2500063.639004731,
    "min_channel_size": "1100",
    "max_channel_size": "16777216"
}
