{
    "graph_diameter": 0,
    "avg_out_degree": 8.62291096931024,
    "max_out_degree": 997,
    "num_nodes": 3291,
    "num_channels": 28378,
    "total_network_capacity": "70767336522",
    "avg_channel_size": 2493739.3939671577,
    "min_channel_size": "1100",
    "max_channel_size": "16777216"
}
