{
    "graph_diameter": 0,
    "avg_out_degree": 8.655057540884313,
    "max_out_degree": 1005,
    "num_nodes": 3302,
    "num_channels": 28579,
    "total_network_capacity": "71377649257",
    "avg_channel_size": 2497555.8716890025,
    "min_channel_size": "1100",
    "max_channel_size": "16777216"
}
