{
    "graph_diameter": 0,
    "avg_out_degree": 8.628993369499698,
    "max_out_degree": 1003,
    "num_nodes": 3318,
    "num_channels": 28631,
    "total_network_capacity": "70737033047",
    "avg_channel_size": 2470644.862107506,
    "min_channel_size": "1100",
    "max_channel_size": "16777216"
}
