{
    "graph_diameter": 0,
    "avg_out_degree": 8.625949559404436,
    "max_out_degree": 996,
    "num_nodes": 3291,
    "num_channels": 28388,
    "total_network_capacity": "70843268255",
    "avg_channel_size": 2495535.7283006907,
    "min_channel_size": "1100",
    "max_channel_size": "16777216"
}
