{
    "graph_diameter": 0,
    "avg_out_degree": 8.640808934500452,
    "max_out_degree": 1004,
    "num_nodes": 3313,
    "num_channels": 28627,
    "total_network_capacity": "70783985992",
    "avg_channel_size": 2472630.243895623,
    "min_channel_size": "1100",
    "max_channel_size": "16777216"
}
