{
    "graph_diameter": 0,
    "avg_out_degree": 8.636391159551923,
    "max_out_degree": 1005,
    "num_nodes": 3303,
    "num_channels": 28526,
    "total_network_capacity": "70734174037",
    "avg_channel_size": 2479638.716854799,
    "min_channel_size": "1100",
    "max_channel_size": "16777216"
}
