{
    "graph_diameter": 0,
    "avg_out_degree": 8.646721063765488,
    "max_out_degree": 1005,
    "num_nodes": 3309,
    "num_channels": 28612,
    "total_network_capacity": "70762872127",
    "avg_channel_size": 2473188.5966377743,
    "min_channel_size": "1100",
    "max_channel_size": "16777216"
}
