{
    "graph_diameter": 0,
    "avg_out_degree": 8.633414190418435,
    "max_out_degree": 1006,
    "num_nodes": 3298,
    "num_channels": 28473,
    "total_network_capacity": "71264546120",
    "avg_channel_size": 2502881.541109121,
    "min_channel_size": "1100",
    "max_channel_size": "16777216"
}
