{
    "graph_diameter": 0,
    "avg_out_degree": 8.634389140271493,
    "max_out_degree": 1003,
    "num_nodes": 3315,
    "num_channels": 28623,
    "total_network_capacity": "70748598335",
    "avg_channel_size": 2471739.4520141147,
    "min_channel_size": "1100",
    "max_channel_size": "16777216"
}
