{
    "graph_diameter": 0,
    "avg_out_degree": 8.644262791401756,
    "max_out_degree": 1005,
    "num_nodes": 3303,
    "num_channels": 28552,
    "total_network_capacity": "71270597492",
    "avg_channel_size": 2496168.3066685344,
    "min_channel_size": "1100",
    "max_channel_size": "16777216"
}
