{
    "graph_diameter": 0,
    "avg_out_degree": 8.639418710263397,
    "max_out_degree": 1005,
    "num_nodes": 3303,
    "num_channels": 28536,
    "total_network_capacity": "70716872822",
    "avg_channel_size": 2478163.4714746284,
    "min_channel_size": "1100",
    "max_channel_size": "16777216"
}
