{
    "graph_diameter": 0,
    "avg_out_degree": 8.634249471458773,
    "max_out_degree": 1003,
    "num_nodes": 3311,
    "num_channels": 28588,
    "total_network_capacity": "70678621029",
    "avg_channel_size": 2472317.7916958164,
    "min_channel_size": "1100",
    "max_channel_size": "16777216"
}
