{
    "graph_diameter": 0,
    "avg_out_degree": 8.635372501514233,
    "max_out_degree": 1006,
    "num_nodes": 3302,
    "num_channels": 28514,
    "total_network_capacity": "71314987166",
    "avg_channel_size": 2501051.6646559583,
    "min_channel_size": "1100",
    "max_channel_size": "16777216"
}
