{
    "graph_diameter": 0,
    "avg_out_degree": 8.635294117647058,
    "max_out_degree": 1005,
    "num_nodes": 3315,
    "num_channels": 28626,
    "total_network_capacity": "70761155481",
    "avg_channel_size": 2471919.0763990777,
    "min_channel_size": "1100",
    "max_channel_size": "16777216"
}
