{
    "graph_diameter": 0,
    "avg_out_degree": 8.631132646880678,
    "max_out_degree": 1005,
    "num_nodes": 3302,
    "num_channels": 28500,
    "total_network_capacity": "70833958328",
    "avg_channel_size": 2485402.0465964912,
    "min_channel_size": "1100",
    "max_channel_size": "16777216"
}
