{
    "graph_diameter": 0,
    "avg_out_degree": 8.617208878078443,
    "max_out_degree": 996,
    "num_nodes": 3289,
    "num_channels": 28342,
    "total_network_capacity": "70706559664",
    "avg_channel_size": 2494762.531366876,
    "min_channel_size": "1100",
    "max_channel_size": "16777216"
}
