{
    "graph_diameter": 0,
    "avg_out_degree": 8.643354526188313,
    "max_out_degree": 1005,
    "num_nodes": 3303,
    "num_channels": 28549,
    "total_network_capacity": "71344601695",
    "avg_channel_size": 2499022.7922168905,
    "min_channel_size": "1100",
    "max_channel_size": "16777216"
}
