{
    "graph_diameter": 0,
    "avg_out_degree": 8.642490178301601,
    "max_out_degree": 1004,
    "num_nodes": 3309,
    "num_channels": 28598,
    "total_network_capacity": "70685795298",
    "avg_channel_size": 2471704.15056997,
    "min_channel_size": "1100",
    "max_channel_size": "16777216"
}
