{
    "graph_diameter": 0,
    "avg_out_degree": 8.62959614225437,
    "max_out_degree": 1003,
    "num_nodes": 3318,
    "num_channels": 28633,
    "total_network_capacity": "70737631488",
    "avg_channel_size": 2470493.189257151,
    "min_channel_size": "1100",
    "max_channel_size": "16777216"
}
