{
    "graph_diameter": 0,
    "avg_out_degree": 8.625113739763421,
    "max_out_degree": 1003,
    "num_nodes": 3297,
    "num_channels": 28437,
    "total_network_capacity": "70955767759",
    "avg_channel_size": 2495191.748742835,
    "min_channel_size": "1100",
    "max_channel_size": "16777216"
}
