{
    "graph_diameter": 0,
    "avg_out_degree": 8.635045317220543,
    "max_out_degree": 1003,
    "num_nodes": 3310,
    "num_channels": 28582,
    "total_network_capacity": "70661818018",
    "avg_channel_size": 2472248.8985375413,
    "min_channel_size": "1100",
    "max_channel_size": "16777216"
}
