{
    "graph_diameter": 0,
    "avg_out_degree": 8.630717964253257,
    "max_out_degree": 1005,
    "num_nodes": 3301,
    "num_channels": 28490,
    "total_network_capacity": "70742674374",
    "avg_channel_size": 2483070.3535977537,
    "min_channel_size": "1100",
    "max_channel_size": "16777216"
}
