{
    "graph_diameter": 0,
    "avg_out_degree": 8.642749016046018,
    "max_out_degree": 1005,
    "num_nodes": 3303,
    "num_channels": 28547,
    "total_network_capacity": "71343501695",
    "avg_channel_size": 2499159.34056118,
    "min_channel_size": "1100",
    "max_channel_size": "16777216"
}
