{
    "graph_diameter": 0,
    "avg_out_degree": 8.617441507140686,
    "max_out_degree": 997,
    "num_nodes": 3291,
    "num_channels": 28360,
    "total_network_capacity": "70704502734",
    "avg_channel_size": 2493106.5844146684,
    "min_channel_size": "1100",
    "max_channel_size": "16777216"
}
