{
    "graph_diameter": 0,
    "avg_out_degree": 8.62378640776699,
    "max_out_degree": 1003,
    "num_nodes": 3296,
    "num_channels": 28424,
    "total_network_capacity": "70940314963",
    "avg_channel_size": 2495789.29647481,
    "min_channel_size": "1100",
    "max_channel_size": "16777216"
}
