{
    "graph_diameter": 0,
    "avg_out_degree": 8.635126964933495,
    "max_out_degree": 1004,
    "num_nodes": 3308,
    "num_channels": 28565,
    "total_network_capacity": "70657306957",
    "avg_channel_size": 2473562.2950113774,
    "min_channel_size": "1100",
    "max_channel_size": "16777216"
}
