{
    "graph_diameter": 0,
    "avg_out_degree": 8.634690799396681,
    "max_out_degree": 1004,
    "num_nodes": 3315,
    "num_channels": 28624,
    "total_network_capacity": "70761633067",
    "avg_channel_size": 2472108.4777459474,
    "min_channel_size": "1100",
    "max_channel_size": "16777216"
}
