{
    "graph_diameter": 0,
    "avg_out_degree": 8.63930950938825,
    "max_out_degree": 1003,
    "num_nodes": 3302,
    "num_channels": 28527,
    "total_network_capacity": "71263643869",
    "avg_channel_size": 2498112.0997300805,
    "min_channel_size": "1100",
    "max_channel_size": "16777216"
}
