{
    "graph_diameter": 0,
    "avg_out_degree": 7.935306262904336,
    "max_out_degree": 975,
    "num_nodes": 2906,
    "num_channels": 23060,
    "total_network_capacity": "63548745247",
    "avg_channel_size": 2755799.880615785,
    "min_channel_size": "1100",
    "max_channel_size": "16777216"
}
