{
    "graph_diameter": 0,
    "avg_out_degree": 7.955295735900963,
    "max_out_degree": 978,
    "num_nodes": 2908,
    "num_channels": 23134,
    "total_network_capacity": "63731877107",
    "avg_channel_size": 2754900.8864441947,
    "min_channel_size": "1100",
    "max_channel_size": "16777216"
}
