{
    "graph_diameter": 0,
    "avg_out_degree": 7.957548784662786,
    "max_out_degree": 977,
    "num_nodes": 2921,
    "num_channels": 23244,
    "total_network_capacity": "64166569651",
    "avg_channel_size": 2760564.861942867,
    "min_channel_size": "1100",
    "max_channel_size": "16777216"
}
