{
    "graph_diameter": 0,
    "avg_out_degree": 7.941844459738472,
    "max_out_degree": 975,
    "num_nodes": 2906,
    "num_channels": 23079,
    "total_network_capacity": "63589662516",
    "avg_channel_size": 2755304.0649941503,
    "min_channel_size": "1100",
    "max_channel_size": "16777216"
}
