{
    "graph_diameter": 0,
    "avg_out_degree": 7.945629731589814,
    "max_out_degree": 977,
    "num_nodes": 2906,
    "num_channels": 23090,
    "total_network_capacity": "63653377693",
    "avg_channel_size": 2756750.8745344304,
    "min_channel_size": "1100",
    "max_channel_size": "16777216"
}
