{
    "graph_diameter": 0,
    "avg_out_degree": 7.921858864027539,
    "max_out_degree": 975,
    "num_nodes": 2905,
    "num_channels": 23013,
    "total_network_capacity": "63493991535",
    "avg_channel_size": 2759048.8652066225,
    "min_channel_size": "1100",
    "max_channel_size": "16777216"
}
