{
    "graph_diameter": 0,
    "avg_out_degree": 7.954670329670329,
    "max_out_degree": 977,
    "num_nodes": 2912,
    "num_channels": 23164,
    "total_network_capacity": "63775873034",
    "avg_channel_size": 2753232.301588672,
    "min_channel_size": "1100",
    "max_channel_size": "16777216"
}
