{
    "graph_diameter": 0,
    "avg_out_degree": 7.942188575361321,
    "max_out_degree": 975,
    "num_nodes": 2906,
    "num_channels": 23080,
    "total_network_capacity": "63589162516",
    "avg_channel_size": 2755163.0206239168,
    "min_channel_size": "1100",
    "max_channel_size": "16777216"
}
