{
    "graph_diameter": 0,
    "avg_out_degree": 7.821501014198783,
    "max_out_degree": 977,
    "num_nodes": 2958,
    "num_channels": 23136,
    "total_network_capacity": "63607405862",
    "avg_channel_size": 2749282.756829184,
    "min_channel_size": "1100",
    "max_channel_size": "16777216"
}
