{
    "graph_diameter": 0,
    "avg_out_degree": 7.947042640990372,
    "max_out_degree": 977,
    "num_nodes": 2908,
    "num_channels": 23110,
    "total_network_capacity": "63690235644",
    "avg_channel_size": 2755960.0019039377,
    "min_channel_size": "1100",
    "max_channel_size": "16777216"
}
