{
    "graph_diameter": 0,
    "avg_out_degree": 7.95562435500516,
    "max_out_degree": 978,
    "num_nodes": 2907,
    "num_channels": 23127,
    "total_network_capacity": "63714669107",
    "avg_channel_size": 2754990.664893847,
    "min_channel_size": "1100",
    "max_channel_size": "16777216"
}
