{
    "graph_diameter": 0,
    "avg_out_degree": 7.943201376936317,
    "max_out_degree": 975,
    "num_nodes": 2905,
    "num_channels": 23075,
    "total_network_capacity": "63568046896",
    "avg_channel_size": 2754844.935904659,
    "min_channel_size": "1100",
    "max_channel_size": "16777216"
}
