{
    "graph_diameter": 0,
    "avg_out_degree": 7.924827586206897,
    "max_out_degree": 973,
    "num_nodes": 2900,
    "num_channels": 22982,
    "total_network_capacity": "63476360285",
    "avg_channel_size": 2762003.3193368725,
    "min_channel_size": "1100",
    "max_channel_size": "16777216"
}
