{
    "graph_diameter": 0,
    "avg_out_degree": 7.94702442380461,
    "max_out_degree": 977,
    "num_nodes": 2907,
    "num_channels": 23102,
    "total_network_capacity": "63684214769",
    "avg_channel_size": 2756653.7429226907,
    "min_channel_size": "1100",
    "max_channel_size": "16777216"
}
