{
    "graph_diameter": 0,
    "avg_out_degree": 7.958791208791209,
    "max_out_degree": 977,
    "num_nodes": 2912,
    "num_channels": 23176,
    "total_network_capacity": "63823399822",
    "avg_channel_size": 2753857.4310493614,
    "min_channel_size": "1100",
    "max_channel_size": "16777216"
}
