{
    "graph_diameter": 0,
    "avg_out_degree": 7.920509291121817,
    "max_out_degree": 973,
    "num_nodes": 2906,
    "num_channels": 23017,
    "total_network_capacity": "63596029692",
    "avg_channel_size": 2763002.549941348,
    "min_channel_size": "1100",
    "max_channel_size": "16777216"
}
