{
    "graph_diameter": 0,
    "avg_out_degree": 7.94287680660702,
    "max_out_degree": 975,
    "num_nodes": 2906,
    "num_channels": 23082,
    "total_network_capacity": "63590433441",
    "avg_channel_size": 2754979.3536521965,
    "min_channel_size": "1100",
    "max_channel_size": "16777216"
}
