{
    "graph_diameter": 0,
    "avg_out_degree": 7.952266483516484,
    "max_out_degree": 977,
    "num_nodes": 2912,
    "num_channels": 23157,
    "total_network_capacity": "63757432802",
    "avg_channel_size": 2753268.2472686446,
    "min_channel_size": "1100",
    "max_channel_size": "16777216"
}
