{
    "graph_diameter": 0,
    "avg_out_degree": 7.951010620075368,
    "max_out_degree": 977,
    "num_nodes": 2919,
    "num_channels": 23209,
    "total_network_capacity": "64107974471",
    "avg_channel_size": 2762203.2173294844,
    "min_channel_size": "1100",
    "max_channel_size": "16777216"
}
