{
    "graph_diameter": 0,
    "avg_out_degree": 7.931771192281185,
    "max_out_degree": 973,
    "num_nodes": 2902,
    "num_channels": 23018,
    "total_network_capacity": "63608343559",
    "avg_channel_size": 2763417.480189417,
    "min_channel_size": "1100",
    "max_channel_size": "16777216"
}
