{
    "graph_diameter": 0,
    "avg_out_degree": 7.944597384721266,
    "max_out_degree": 975,
    "num_nodes": 2906,
    "num_channels": 23087,
    "total_network_capacity": "63599345811",
    "avg_channel_size": 2754768.736128557,
    "min_channel_size": "1100",
    "max_channel_size": "16777216"
}
