{
    "graph_diameter": 0,
    "avg_out_degree": 7.951479697178252,
    "max_out_degree": 977,
    "num_nodes": 2906,
    "num_channels": 23107,
    "total_network_capacity": "63685098747",
    "avg_channel_size": 2756095.5012333924,
    "min_channel_size": "1100",
    "max_channel_size": "16777216"
}
