{
    "graph_diameter": 0,
    "avg_out_degree": 7.930832759807295,
    "max_out_degree": 975,
    "num_nodes": 2906,
    "num_channels": 23047,
    "total_network_capacity": "63516201871",
    "avg_channel_size": 2755942.2862411593,
    "min_channel_size": "1100",
    "max_channel_size": "16777216"
}
