{
    "graph_diameter": 0,
    "avg_out_degree": 7.944922547332186,
    "max_out_degree": 975,
    "num_nodes": 2905,
    "num_channels": 23080,
    "total_network_capacity": "63594977810",
    "avg_channel_size": 2755414.983102253,
    "min_channel_size": "1100",
    "max_channel_size": "16777216"
}
