{
    "graph_diameter": 0,
    "avg_out_degree": 7.9460110041265475,
    "max_out_degree": 977,
    "num_nodes": 2908,
    "num_channels": 23107,
    "total_network_capacity": "63691531196",
    "avg_channel_size": 2756373.877872506,
    "min_channel_size": "1100",
    "max_channel_size": "16777216"
}
