{
    "graph_diameter": 0,
    "avg_out_degree": 7.9532967032967035,
    "max_out_degree": 977,
    "num_nodes": 2912,
    "num_channels": 23160,
    "total_network_capacity": "63764673034",
    "avg_channel_size": 2753224.224265976,
    "min_channel_size": "1100",
    "max_channel_size": "16777216"
}
