{
    "graph_diameter": 0,
    "avg_out_degree": 7.944214876033058,
    "max_out_degree": 975,
    "num_nodes": 2904,
    "num_channels": 23070,
    "total_network_capacity": "63591314194",
    "avg_channel_size": 2756450.550238405,
    "min_channel_size": "1100",
    "max_channel_size": "16777216"
}
