{
    "graph_diameter": 0,
    "avg_out_degree": 7.950892857142857,
    "max_out_degree": 977,
    "num_nodes": 2912,
    "num_channels": 23153,
    "total_network_capacity": "63737742325",
    "avg_channel_size": 2752893.461970371,
    "min_channel_size": "1100",
    "max_channel_size": "16777216"
}
