{
    "graph_diameter": 0,
    "avg_out_degree": 7.951319849160096,
    "max_out_degree": 977,
    "num_nodes": 2917,
    "num_channels": 23194,
    "total_network_capacity": "64083085185",
    "avg_channel_size": 2762916.4949987065,
    "min_channel_size": "1100",
    "max_channel_size": "16777216"
}
