{
    "graph_diameter": 0,
    "avg_out_degree": 7.927047487955953,
    "max_out_degree": 975,
    "num_nodes": 2906,
    "num_channels": 23036,
    "total_network_capacity": "63509126649",
    "avg_channel_size": 2756951.148159403,
    "min_channel_size": "1100",
    "max_channel_size": "16777216"
}
