{
    "graph_diameter": 0,
    "avg_out_degree": 7.95679012345679,
    "max_out_degree": 977,
    "num_nodes": 2916,
    "num_channels": 23202,
    "total_network_capacity": "64094041104",
    "avg_channel_size": 2762436.044478924,
    "min_channel_size": "1100",
    "max_channel_size": "16777216"
}
