{
    "graph_diameter": 0,
    "avg_out_degree": 7.950668036998972,
    "max_out_degree": 977,
    "num_nodes": 2919,
    "num_channels": 23208,
    "total_network_capacity": "64103974471",
    "avg_channel_size": 2762149.8824112373,
    "min_channel_size": "1100",
    "max_channel_size": "16777216"
}
