{
    "graph_diameter": 0,
    "avg_out_degree": 7.943889845094664,
    "max_out_degree": 975,
    "num_nodes": 2905,
    "num_channels": 23077,
    "total_network_capacity": "63572699373",
    "avg_channel_size": 2754807.7901373664,
    "min_channel_size": "1100",
    "max_channel_size": "16777216"
}
