{
    "graph_diameter": 0,
    "avg_out_degree": 7.953392734749829,
    "max_out_degree": 977,
    "num_nodes": 2918,
    "num_channels": 23208,
    "total_network_capacity": "64091974471",
    "avg_channel_size": 2761632.8193295416,
    "min_channel_size": "1100",
    "max_channel_size": "16777216"
}
