{
    "graph_diameter": 0,
    "avg_out_degree": 7.923766816143497,
    "max_out_degree": 973,
    "num_nodes": 2899,
    "num_channels": 22971,
    "total_network_capacity": "63469176752",
    "avg_channel_size": 2763013.223281529,
    "min_channel_size": "1100",
    "max_channel_size": "16777216"
}
