{
    "graph_diameter": 0,
    "avg_out_degree": 7.946354883081155,
    "max_out_degree": 978,
    "num_nodes": 2908,
    "num_channels": 23108,
    "total_network_capacity": "63693912859",
    "avg_channel_size": 2756357.6622381858,
    "min_channel_size": "1100",
    "max_channel_size": "16777216"
}
