{
    "graph_diameter": 0,
    "avg_out_degree": 7.960178510127017,
    "max_out_degree": 977,
    "num_nodes": 2913,
    "num_channels": 23188,
    "total_network_capacity": "63874729713",
    "avg_channel_size": 2754645.9251768156,
    "min_channel_size": "1100",
    "max_channel_size": "16777216"
}
