{
    "graph_diameter": 0,
    "avg_out_degree": 7.941500344115623,
    "max_out_degree": 975,
    "num_nodes": 2906,
    "num_channels": 23078,
    "total_network_capacity": "63585830311",
    "avg_channel_size": 2755257.4014645983,
    "min_channel_size": "1100",
    "max_channel_size": "16777216"
}
