{
    "graph_diameter": 0,
    "avg_out_degree": 7.954732510288066,
    "max_out_degree": 977,
    "num_nodes": 2916,
    "num_channels": 23196,
    "total_network_capacity": "64088250185",
    "avg_channel_size": 2762900.939170547,
    "min_channel_size": "1100",
    "max_channel_size": "16777216"
}
