{
    "graph_diameter": 0,
    "avg_out_degree": 7.956521739130435,
    "max_out_degree": 977,
    "num_nodes": 2921,
    "num_channels": 23241,
    "total_network_capacity": "64162428113",
    "avg_channel_size": 2760743.0021513705,
    "min_channel_size": "1100",
    "max_channel_size": "16777216"
}
