{
    "graph_diameter": 0,
    "avg_out_degree": 7.932483637616259,
    "max_out_degree": 973,
    "num_nodes": 2903,
    "num_channels": 23028,
    "total_network_capacity": "63614064698",
    "avg_channel_size": 2762465.8979503214,
    "min_channel_size": "1100",
    "max_channel_size": "16777216"
}
