{
    "graph_diameter": 0,
    "avg_out_degree": 7.928349982776438,
    "max_out_degree": 973,
    "num_nodes": 2903,
    "num_channels": 23016,
    "total_network_capacity": "63592829692",
    "avg_channel_size": 2762983.5632603406,
    "min_channel_size": "1100",
    "max_channel_size": "16777216"
}
