{
    "graph_diameter": 0,
    "avg_out_degree": 7.955418381344307,
    "max_out_degree": 977,
    "num_nodes": 2916,
    "num_channels": 23198,
    "total_network_capacity": "64091791104",
    "avg_channel_size": 2762815.376497974,
    "min_channel_size": "1100",
    "max_channel_size": "16777216"
}
