{
    "graph_diameter": 0,
    "avg_out_degree": 7.952315608919383,
    "max_out_degree": 977,
    "num_nodes": 2915,
    "num_channels": 23181,
    "total_network_capacity": "63833071949",
    "avg_channel_size": 2753680.684569259,
    "min_channel_size": "1100",
    "max_channel_size": "16777216"
}
