{
    "graph_diameter": 0,
    "avg_out_degree": 7.939779766001377,
    "max_out_degree": 975,
    "num_nodes": 2906,
    "num_channels": 23073,
    "total_network_capacity": "63583004044",
    "avg_channel_size": 2755731.9830104453,
    "min_channel_size": "1100",
    "max_channel_size": "16777216"
}
