{
    "graph_diameter": 0,
    "avg_out_degree": 7.933815925542916,
    "max_out_degree": 973,
    "num_nodes": 2901,
    "num_channels": 23016,
    "total_network_capacity": "63603544581",
    "avg_channel_size": 2763449.1041449425,
    "min_channel_size": "1100",
    "max_channel_size": "16777216"
}
