{
    "graph_diameter": 0,
    "avg_out_degree": 7.9411562284927735,
    "max_out_degree": 975,
    "num_nodes": 2906,
    "num_channels": 23077,
    "total_network_capacity": "63586211249",
    "avg_channel_size": 2755393.302812324,
    "min_channel_size": "1100",
    "max_channel_size": "16777216"
}
