{
    "graph_diameter": 0,
    "avg_out_degree": 7.927216281476372,
    "max_out_degree": 973,
    "num_nodes": 2899,
    "num_channels": 22981,
    "total_network_capacity": "63476062877",
    "avg_channel_size": 2762110.564248727,
    "min_channel_size": "1100",
    "max_channel_size": "16777216"
}
