{
    "graph_diameter": 0,
    "avg_out_degree": 7.9582334816843545,
    "max_out_degree": 977,
    "num_nodes": 2921,
    "num_channels": 23246,
    "total_network_capacity": "64171699651",
    "avg_channel_size": 2760548.0362643036,
    "min_channel_size": "1100",
    "max_channel_size": "16777216"
}
