{
    "graph_diameter": 0,
    "avg_out_degree": 7.957891133173571,
    "max_out_degree": 977,
    "num_nodes": 2921,
    "num_channels": 23245,
    "total_network_capacity": "64166969651",
    "avg_channel_size": 2760463.310432351,
    "min_channel_size": "1100",
    "max_channel_size": "16777216"
}
