{
    "graph_diameter": 0,
    "avg_out_degree": 7.9526748971193415,
    "max_out_degree": 977,
    "num_nodes": 2916,
    "num_channels": 23190,
    "total_network_capacity": "64070044185",
    "avg_channel_size": 2762830.710866753,
    "min_channel_size": "1100",
    "max_channel_size": "16777216"
}
