{
    "graph_diameter": 0,
    "avg_out_degree": 7.922122674017919,
    "max_out_degree": 974,
    "num_nodes": 2902,
    "num_channels": 22990,
    "total_network_capacity": "63487801597",
    "avg_channel_size": 2761539.8693779903,
    "min_channel_size": "1100",
    "max_channel_size": "16777216"
}
