{
    "graph_diameter": 0,
    "avg_out_degree": 7.9356503785271855,
    "max_out_degree": 975,
    "num_nodes": 2906,
    "num_channels": 23061,
    "total_network_capacity": "63548995247",
    "avg_channel_size": 2755691.2209791425,
    "min_channel_size": "1100",
    "max_channel_size": "16777216"
}
