{
    "graph_diameter": 0,
    "avg_out_degree": 7.923845623707788,
    "max_out_degree": 974,
    "num_nodes": 2902,
    "num_channels": 22995,
    "total_network_capacity": "63492441597",
    "avg_channel_size": 2761141.1870841486,
    "min_channel_size": "1100",
    "max_channel_size": "16777216"
}
