{
    "graph_diameter": 0,
    "avg_out_degree": 7.955152345087299,
    "max_out_degree": 977,
    "num_nodes": 2921,
    "num_channels": 23237,
    "total_network_capacity": "64158078113",
    "avg_channel_size": 2761031.0329646682,
    "min_channel_size": "1100",
    "max_channel_size": "16777216"
}
