{
    "graph_diameter": 0,
    "avg_out_degree": 7.933585684790089,
    "max_out_degree": 975,
    "num_nodes": 2906,
    "num_channels": 23055,
    "total_network_capacity": "63529791247",
    "avg_channel_size": 2755575.417349816,
    "min_channel_size": "1100",
    "max_channel_size": "16777216"
}
