{
    "graph_diameter": 0,
    "avg_out_degree": 7.925265683921838,
    "max_out_degree": 975,
    "num_nodes": 2917,
    "num_channels": 23118,
    "total_network_capacity": "63625384296",
    "avg_channel_size": 2752201.0682584997,
    "min_channel_size": "1100",
    "max_channel_size": "16777216"
}
