{
    "graph_diameter": 0,
    "avg_out_degree": 7.9502743484224965,
    "max_out_degree": 977,
    "num_nodes": 2916,
    "num_channels": 23183,
    "total_network_capacity": "63834161949",
    "avg_channel_size": 2753490.141439848,
    "min_channel_size": "1100",
    "max_channel_size": "16777216"
}
