{
    "graph_diameter": 0,
    "avg_out_degree": 7.958118777892207,
    "max_out_degree": 977,
    "num_nodes": 2913,
    "num_channels": 23182,
    "total_network_capacity": "63855319822",
    "avg_channel_size": 2754521.6039168322,
    "min_channel_size": "1100",
    "max_channel_size": "16777216"
}
