{
    "graph_diameter": 0,
    "avg_out_degree": 7.940123881624226,
    "max_out_degree": 975,
    "num_nodes": 2906,
    "num_channels": 23074,
    "total_network_capacity": "63583504044",
    "avg_channel_size": 2755634.222241484,
    "min_channel_size": "1100",
    "max_channel_size": "16777216"
}
