{
    "graph_diameter": 0,
    "avg_out_degree": 7.921514629948365,
    "max_out_degree": 975,
    "num_nodes": 2905,
    "num_channels": 23012,
    "total_network_capacity": "63491891535",
    "avg_channel_size": 2759077.5045628366,
    "min_channel_size": "1100",
    "max_channel_size": "16777216"
}
