{
    "graph_diameter": 0,
    "avg_out_degree": 7.954046639231825,
    "max_out_degree": 977,
    "num_nodes": 2916,
    "num_channels": 23194,
    "total_network_capacity": "64088050185",
    "avg_channel_size": 2763130.558980771,
    "min_channel_size": "1100",
    "max_channel_size": "16777216"
}
