{
    "graph_diameter": 0,
    "avg_out_degree": 7.922467263955893,
    "max_out_degree": 974,
    "num_nodes": 2902,
    "num_channels": 22991,
    "total_network_capacity": "63488581285",
    "avg_channel_size": 2761453.668174503,
    "min_channel_size": "1100",
    "max_channel_size": "16777216"
}
