{
    "graph_diameter": 0,
    "avg_out_degree": 7.9529532967032965,
    "max_out_degree": 977,
    "num_nodes": 2912,
    "num_channels": 23159,
    "total_network_capacity": "63767373034",
    "avg_channel_size": 2753459.6931646443,
    "min_channel_size": "1100",
    "max_channel_size": "16777216"
}
