{
    "graph_diameter": 0,
    "avg_out_degree": 7.928423950447351,
    "max_out_degree": 975,
    "num_nodes": 2906,
    "num_channels": 23040,
    "total_network_capacity": "63512166649",
    "avg_channel_size": 2756604.455251736,
    "min_channel_size": "1100",
    "max_channel_size": "16777216"
}
