{
    "graph_diameter": 0,
    "avg_out_degree": 7.937026841018582,
    "max_out_degree": 975,
    "num_nodes": 2906,
    "num_channels": 23065,
    "total_network_capacity": "63571103247",
    "avg_channel_size": 2756171.829481899,
    "min_channel_size": "1100",
    "max_channel_size": "16777216"
}
