{
    "graph_diameter": 0,
    "avg_out_degree": 8.020812353138638,
    "max_out_degree": 970,
    "num_nodes": 2979,
    "num_channels": 23894,
    "total_network_capacity": "65253549057",
    "avg_channel_size": 2730959.615677576,
    "min_channel_size": "1100",
    "max_channel_size": "16777216"
}
