{
    "graph_diameter": 0,
    "avg_out_degree": 8.031028667790894,
    "max_out_degree": 968,
    "num_nodes": 2965,
    "num_channels": 23812,
    "total_network_capacity": "65286421206",
    "avg_channel_size": 2741744.5492188814,
    "min_channel_size": "1100",
    "max_channel_size": "16777216"
}
