{
    "graph_diameter": 0,
    "avg_out_degree": 8.038072776280323,
    "max_out_degree": 969,
    "num_nodes": 2968,
    "num_channels": 23857,
    "total_network_capacity": "65349133419",
    "avg_channel_size": 2739201.6355367396,
    "min_channel_size": "1100",
    "max_channel_size": "16777216"
}
