{
    "graph_diameter": 0,
    "avg_out_degree": 8.040094339622641,
    "max_out_degree": 969,
    "num_nodes": 2968,
    "num_channels": 23863,
    "total_network_capacity": "65403133419",
    "avg_channel_size": 2740775.821103801,
    "min_channel_size": "1100",
    "max_channel_size": "16777216"
}
