{
    "graph_diameter": 0,
    "avg_out_degree": 8.039096730704415,
    "max_out_degree": 969,
    "num_nodes": 2967,
    "num_channels": 23852,
    "total_network_capacity": "65324502296",
    "avg_channel_size": 2738743.1786013753,
    "min_channel_size": "1100",
    "max_channel_size": "16777216"
}
