{
    "graph_diameter": 0,
    "avg_out_degree": 8.013490725126475,
    "max_out_degree": 967,
    "num_nodes": 2965,
    "num_channels": 23760,
    "total_network_capacity": "65277506241",
    "avg_channel_size": 2747369.791287879,
    "min_channel_size": "1100",
    "max_channel_size": "16777216"
}
