{
    "graph_diameter": 0,
    "avg_out_degree": 8.040740740740741,
    "max_out_degree": 968,
    "num_nodes": 2970,
    "num_channels": 23881,
    "total_network_capacity": "65444896955",
    "avg_channel_size": 2740458.814748126,
    "min_channel_size": "1100",
    "max_channel_size": "16777216"
}
