{
    "graph_diameter": 0,
    "avg_out_degree": 8.037361157859307,
    "max_out_degree": 968,
    "num_nodes": 2971,
    "num_channels": 23879,
    "total_network_capacity": "65453433439",
    "avg_channel_size": 2741045.832698187,
    "min_channel_size": "1100",
    "max_channel_size": "16777216"
}
