{
    "graph_diameter": 0,
    "avg_out_degree": 8.026990553306343,
    "max_out_degree": 968,
    "num_nodes": 2964,
    "num_channels": 23792,
    "total_network_capacity": "65371062728",
    "avg_channel_size": 2747606.873234701,
    "min_channel_size": "1100",
    "max_channel_size": "16777216"
}
