{
    "graph_diameter": 0,
    "avg_out_degree": 8.021148036253777,
    "max_out_degree": 970,
    "num_nodes": 2979,
    "num_channels": 23895,
    "total_network_capacity": "65268101897",
    "avg_channel_size": 2731454.3585268883,
    "min_channel_size": "1100",
    "max_channel_size": "16777216"
}
