{
    "graph_diameter": 0,
    "avg_out_degree": 8.03370407819346,
    "max_out_degree": 968,
    "num_nodes": 2967,
    "num_channels": 23836,
    "total_network_capacity": "65302337721",
    "avg_channel_size": 2739651.6916009397,
    "min_channel_size": "1100",
    "max_channel_size": "16777216"
}
