{
    "graph_diameter": 0,
    "avg_out_degree": 8.042789757412399,
    "max_out_degree": 969,
    "num_nodes": 2968,
    "num_channels": 23871,
    "total_network_capacity": "65458070919",
    "avg_channel_size": 2742158.7247706424,
    "min_channel_size": "1100",
    "max_channel_size": "16777216"
}
