{
    "graph_diameter": 0,
    "avg_out_degree": 7.998659517426273,
    "max_out_degree": 968,
    "num_nodes": 2984,
    "num_channels": 23868,
    "total_network_capacity": "65168120126",
    "avg_channel_size": 2730355.2926931456,
    "min_channel_size": "1100",
    "max_channel_size": "16777216"
}
