{
    "graph_diameter": 0,
    "avg_out_degree": 8.03943377148635,
    "max_out_degree": 969,
    "num_nodes": 2967,
    "num_channels": 23853,
    "total_network_capacity": "65326902296",
    "avg_channel_size": 2738728.9773194147,
    "min_channel_size": "1100",
    "max_channel_size": "16777216"
}
