{
    "graph_diameter": 0,
    "avg_out_degree": 8.009715242881072,
    "max_out_degree": 968,
    "num_nodes": 2985,
    "num_channels": 23909,
    "total_network_capacity": "65313741927",
    "avg_channel_size": 2731763.851562173,
    "min_channel_size": "1100",
    "max_channel_size": "16777216"
}
