{
    "graph_diameter": 0,
    "avg_out_degree": 7.982897384305835,
    "max_out_degree": 959,
    "num_nodes": 2982,
    "num_channels": 23805,
    "total_network_capacity": "64893238322",
    "avg_channel_size": 2726033.9559756354,
    "min_channel_size": "1100",
    "max_channel_size": "16777216"
}
