{
    "graph_diameter": 0,
    "avg_out_degree": 8.018450184501845,
    "max_out_degree": 968,
    "num_nodes": 2981,
    "num_channels": 23903,
    "total_network_capacity": "65450191955",
    "avg_channel_size": 2738158.053591599,
    "min_channel_size": "1100",
    "max_channel_size": "16777216"
}
