{
    "graph_diameter": 0,
    "avg_out_degree": 7.9892797319932995,
    "max_out_degree": 967,
    "num_nodes": 2985,
    "num_channels": 23848,
    "total_network_capacity": "65059448404",
    "avg_channel_size": 2728088.2423683326,
    "min_channel_size": "1100",
    "max_channel_size": "16777216"
}
