{
    "graph_diameter": 0,
    "avg_out_degree": 7.979571332886805,
    "max_out_degree": 957,
    "num_nodes": 2986,
    "num_channels": 23827,
    "total_network_capacity": "64869036556",
    "avg_channel_size": 2722501.2194569185,
    "min_channel_size": "1100",
    "max_channel_size": "16777216"
}
