{
    "graph_diameter": 0,
    "avg_out_degree": 8.03974402155608,
    "max_out_degree": 969,
    "num_nodes": 2969,
    "num_channels": 23870,
    "total_network_capacity": "65442293704",
    "avg_channel_size": 2741612.639463762,
    "min_channel_size": "1100",
    "max_channel_size": "16777216"
}
