{
    "graph_diameter": 0,
    "avg_out_degree": 8.04006734006734,
    "max_out_degree": 968,
    "num_nodes": 2970,
    "num_channels": 23879,
    "total_network_capacity": "65445019740",
    "avg_channel_size": 2740693.485489342,
    "min_channel_size": "1100",
    "max_channel_size": "16777216"
}
