{
    "graph_diameter": 0,
    "avg_out_degree": 8.017455521987245,
    "max_out_degree": 970,
    "num_nodes": 2979,
    "num_channels": 23884,
    "total_network_capacity": "65241219509",
    "avg_channel_size": 2731586.8158181207,
    "min_channel_size": "1100",
    "max_channel_size": "16777216"
}
