{
    "graph_diameter": 0,
    "avg_out_degree": 8.0334008097166,
    "max_out_degree": 968,
    "num_nodes": 2964,
    "num_channels": 23811,
    "total_network_capacity": "65323678501",
    "avg_channel_size": 2743424.4047289067,
    "min_channel_size": "1100",
    "max_channel_size": "16777216"
}
