{
    "graph_diameter": 0,
    "avg_out_degree": 8.115423218467715,
    "max_out_degree": 956,
    "num_nodes": 2989,
    "num_channels": 24257,
    "total_network_capacity": "65730382555",
    "avg_channel_size": 2709749.0437811767,
    "min_channel_size": "1100",
    "max_channel_size": "16777216"
}
