{
    "graph_diameter": 0,
    "avg_out_degree": 8.034586971121557,
    "max_out_degree": 972,
    "num_nodes": 2978,
    "num_channels": 23927,
    "total_network_capacity": "65427193524",
    "avg_channel_size": 2734450.349981193,
    "min_channel_size": "1100",
    "max_channel_size": "16777216"
}
