{
    "graph_diameter": 0,
    "avg_out_degree": 8.034993270524899,
    "max_out_degree": 968,
    "num_nodes": 2972,
    "num_channels": 23880,
    "total_network_capacity": "65455433439",
    "avg_channel_size": 2741014.8006281406,
    "min_channel_size": "1100",
    "max_channel_size": "16777216"
}
