{
    "graph_diameter": 0,
    "avg_out_degree": 8.018218623481781,
    "max_out_degree": 968,
    "num_nodes": 2964,
    "num_channels": 23766,
    "total_network_capacity": "65251356649",
    "avg_channel_size": 2745575.891988555,
    "min_channel_size": "1100",
    "max_channel_size": "16777216"
}
