{
    "graph_diameter": 0,
    "avg_out_degree": 8.020476670023498,
    "max_out_degree": 970,
    "num_nodes": 2979,
    "num_channels": 23893,
    "total_network_capacity": "65284526272",
    "avg_channel_size": 2732370.412756874,
    "min_channel_size": "1100",
    "max_channel_size": "16777216"
}
