{
    "graph_diameter": 0,
    "avg_out_degree": 8.016448472641827,
    "max_out_degree": 970,
    "num_nodes": 2979,
    "num_channels": 23881,
    "total_network_capacity": "65239609509",
    "avg_channel_size": 2731862.5480088773,
    "min_channel_size": "1100",
    "max_channel_size": "16777216"
}
