{
    "graph_diameter": 0,
    "avg_out_degree": 8.007037533512065,
    "max_out_degree": 968,
    "num_nodes": 2984,
    "num_channels": 23893,
    "total_network_capacity": "65324489893",
    "avg_channel_size": 2734043.0206755116,
    "min_channel_size": "1100",
    "max_channel_size": "16777216"
}
