{
    "graph_diameter": 0,
    "avg_out_degree": 7.986595174262734,
    "max_out_degree": 964,
    "num_nodes": 2984,
    "num_channels": 23832,
    "total_network_capacity": "65016894576",
    "avg_channel_size": 2728134.213494461,
    "min_channel_size": "1100",
    "max_channel_size": "16777216"
}
