{
    "graph_diameter": 0,
    "avg_out_degree": 8.027861698556563,
    "max_out_degree": 972,
    "num_nodes": 2979,
    "num_channels": 23915,
    "total_network_capacity": "65387269082",
    "avg_channel_size": 2734153.0036378843,
    "min_channel_size": "1100",
    "max_channel_size": "16777216"
}
