{
    "graph_diameter": 0,
    "avg_out_degree": 8.018126888217523,
    "max_out_degree": 970,
    "num_nodes": 2979,
    "num_channels": 23886,
    "total_network_capacity": "65241819509",
    "avg_channel_size": 2731383.216486645,
    "min_channel_size": "1100",
    "max_channel_size": "16777216"
}
