{
    "graph_diameter": 0,
    "avg_out_degree": 8.036400404448939,
    "max_out_degree": 969,
    "num_nodes": 2967,
    "num_channels": 23844,
    "total_network_capacity": "65310996817",
    "avg_channel_size": 2739095.655804395,
    "min_channel_size": "1100",
    "max_channel_size": "16777216"
}
