{
    "graph_diameter": 0,
    "avg_out_degree": 8.033915379449295,
    "max_out_degree": 972,
    "num_nodes": 2978,
    "num_channels": 23925,
    "total_network_capacity": "65425593524",
    "avg_channel_size": 2734612.0595193314,
    "min_channel_size": "1100",
    "max_channel_size": "16777216"
}
