{
    "graph_diameter": 0,
    "avg_out_degree": 8.113750418200066,
    "max_out_degree": 956,
    "num_nodes": 2989,
    "num_channels": 24252,
    "total_network_capacity": "65720382555",
    "avg_channel_size": 2709895.3717219196,
    "min_channel_size": "1100",
    "max_channel_size": "16777216"
}
