{
    "graph_diameter": 0,
    "avg_out_degree": 7.98357358364063,
    "max_out_degree": 959,
    "num_nodes": 2983,
    "num_channels": 23815,
    "total_network_capacity": "64969883924",
    "avg_channel_size": 2728107.6600461896,
    "min_channel_size": "1100",
    "max_channel_size": "16777216"
}
