{
    "graph_diameter": 0,
    "avg_out_degree": 7.975201072386059,
    "max_out_degree": 958,
    "num_nodes": 2984,
    "num_channels": 23798,
    "total_network_capacity": "64819290476",
    "avg_channel_size": 2723728.484578536,
    "min_channel_size": "1100",
    "max_channel_size": "16777216"
}
