{
    "graph_diameter": 0,
    "avg_out_degree": 8.037735849056604,
    "max_out_degree": 969,
    "num_nodes": 2968,
    "num_channels": 23856,
    "total_network_capacity": "65335225048",
    "avg_channel_size": 2738733.4443326625,
    "min_channel_size": "1100",
    "max_channel_size": "16777216"
}
