{
    "graph_diameter": 0,
    "avg_out_degree": 8.027665317139002,
    "max_out_degree": 968,
    "num_nodes": 2964,
    "num_channels": 23794,
    "total_network_capacity": "65374502228",
    "avg_channel_size": 2747520.4769269563,
    "min_channel_size": "1100",
    "max_channel_size": "16777216"
}
