{
    "graph_diameter": 0,
    "avg_out_degree": 8.007705192629816,
    "max_out_degree": 969,
    "num_nodes": 2985,
    "num_channels": 23903,
    "total_network_capacity": "65260638436",
    "avg_channel_size": 2730227.93942183,
    "min_channel_size": "1100",
    "max_channel_size": "16777216"
}
