{
    "graph_diameter": 0,
    "avg_out_degree": 7.969199866086374,
    "max_out_degree": 957,
    "num_nodes": 2987,
    "num_channels": 23804,
    "total_network_capacity": "64825832562",
    "avg_channel_size": 2723316.7770962864,
    "min_channel_size": "1100",
    "max_channel_size": "16777216"
}
