{
    "graph_diameter": 0,
    "avg_out_degree": 8.035714285714286,
    "max_out_degree": 969,
    "num_nodes": 2968,
    "num_channels": 23850,
    "total_network_capacity": "65323306414",
    "avg_channel_size": 2738922.7007966456,
    "min_channel_size": "1100",
    "max_channel_size": "16777216"
}
