{
    "graph_diameter": 0,
    "avg_out_degree": 8.039393939393939,
    "max_out_degree": 968,
    "num_nodes": 2970,
    "num_channels": 23877,
    "total_network_capacity": "65443569740",
    "avg_channel_size": 2740862.325250241,
    "min_channel_size": "1100",
    "max_channel_size": "16777216"
}
