{
    "graph_diameter": 0,
    "avg_out_degree": 8.009715242881072,
    "max_out_degree": 969,
    "num_nodes": 2985,
    "num_channels": 23909,
    "total_network_capacity": "65297290097",
    "avg_channel_size": 2731075.7495922036,
    "min_channel_size": "1100",
    "max_channel_size": "16777216"
}
