{
    "graph_diameter": 0,
    "avg_out_degree": 8.042115902964959,
    "max_out_degree": 969,
    "num_nodes": 2968,
    "num_channels": 23869,
    "total_network_capacity": "65438293704",
    "avg_channel_size": 2741559.9188906113,
    "min_channel_size": "1100",
    "max_channel_size": "16777216"
}
