{
    "graph_diameter": 0,
    "avg_out_degree": 8.027327935222672,
    "max_out_degree": 968,
    "num_nodes": 2964,
    "num_channels": 23793,
    "total_network_capacity": "65371862728",
    "avg_channel_size": 2747525.0169377546,
    "min_channel_size": "1100",
    "max_channel_size": "16777216"
}
