{
    "graph_diameter": 0,
    "avg_out_degree": 7.978187919463087,
    "max_out_degree": 959,
    "num_nodes": 2980,
    "num_channels": 23775,
    "total_network_capacity": "64718289896",
    "avg_channel_size": 2722115.242733964,
    "min_channel_size": "1100",
    "max_channel_size": "16777216"
}
