{
    "graph_diameter": 0,
    "avg_out_degree": 8.01004016064257,
    "max_out_degree": 968,
    "num_nodes": 2988,
    "num_channels": 23934,
    "total_network_capacity": "65477468815",
    "avg_channel_size": 2735751.1830450404,
    "min_channel_size": "1100",
    "max_channel_size": "16777216"
}
