{
    "graph_diameter": 0,
    "avg_out_degree": 8.116761458681834,
    "max_out_degree": 956,
    "num_nodes": 2989,
    "num_channels": 24261,
    "total_network_capacity": "65734932555",
    "avg_channel_size": 2709489.821318165,
    "min_channel_size": "1100",
    "max_channel_size": "16777216"
}
