{
    "graph_diameter": 0,
    "avg_out_degree": 8.000668672684721,
    "max_out_degree": 971,
    "num_nodes": 2991,
    "num_channels": 23930,
    "total_network_capacity": "65468835600",
    "avg_channel_size": 2735847.7058086083,
    "min_channel_size": "1100",
    "max_channel_size": "16777216"
}
