{
    "graph_diameter": 0,
    "avg_out_degree": 7.977204156889038,
    "max_out_degree": 958,
    "num_nodes": 2983,
    "num_channels": 23796,
    "total_network_capacity": "64813031317",
    "avg_channel_size": 2723694.373718272,
    "min_channel_size": "1100",
    "max_channel_size": "16777216"
}
