{
    "graph_diameter": 0,
    "avg_out_degree": 7.968530297957817,
    "max_out_degree": 957,
    "num_nodes": 2987,
    "num_channels": 23802,
    "total_network_capacity": "64822632562",
    "avg_channel_size": 2723411.165532308,
    "min_channel_size": "1100",
    "max_channel_size": "16777216"
}
