{
    "graph_diameter": 0,
    "avg_out_degree": 8.034239677744209,
    "max_out_degree": 972,
    "num_nodes": 2979,
    "num_channels": 23934,
    "total_network_capacity": "65471251309",
    "avg_channel_size": 2735491.4059079136,
    "min_channel_size": "1100",
    "max_channel_size": "16777216"
}
