{
    "graph_diameter": 0,
    "avg_out_degree": 7.995641971169963,
    "max_out_degree": 968,
    "num_nodes": 2983,
    "num_channels": 23851,
    "total_network_capacity": "65079967414",
    "avg_channel_size": 2728605.4007798415,
    "min_channel_size": "1100",
    "max_channel_size": "16777216"
}
