{
    "graph_diameter": 0,
    "avg_out_degree": 8.019912251096862,
    "max_out_degree": 967,
    "num_nodes": 2963,
    "num_channels": 23763,
    "total_network_capacity": "65235965697",
    "avg_channel_size": 2745274.82628456,
    "min_channel_size": "1100",
    "max_channel_size": "16777216"
}
