{
    "graph_diameter": 0,
    "avg_out_degree": 8.034320323014805,
    "max_out_degree": 968,
    "num_nodes": 2972,
    "num_channels": 23878,
    "total_network_capacity": "65454497673",
    "avg_channel_size": 2741205.1961219534,
    "min_channel_size": "1100",
    "max_channel_size": "16777216"
}
