{
    "graph_diameter": 0,
    "avg_out_degree": 8.028696826468602,
    "max_out_degree": 967,
    "num_nodes": 2962,
    "num_channels": 23781,
    "total_network_capacity": "65357369933",
    "avg_channel_size": 2748302.0029855766,
    "min_channel_size": "1100",
    "max_channel_size": "16777216"
}
