{
    "graph_diameter": 0,
    "avg_out_degree": 8.036075522589346,
    "max_out_degree": 968,
    "num_nodes": 2966,
    "num_channels": 23835,
    "total_network_capacity": "65301737542",
    "avg_channel_size": 2739741.4534088527,
    "min_channel_size": "1100",
    "max_channel_size": "16777216"
}
