{
    "graph_diameter": 0,
    "avg_out_degree": 8.034389750505731,
    "max_out_degree": 968,
    "num_nodes": 2966,
    "num_channels": 23830,
    "total_network_capacity": "65293983542",
    "avg_channel_size": 2739990.9165757447,
    "min_channel_size": "1100",
    "max_channel_size": "16777216"
}
