{
    "graph_diameter": 0,
    "avg_out_degree": 8.026315789473685,
    "max_out_degree": 967,
    "num_nodes": 2964,
    "num_channels": 23790,
    "total_network_capacity": "65369409584",
    "avg_channel_size": 2747768.3725935267,
    "min_channel_size": "1100",
    "max_channel_size": "16777216"
}
