{
    "graph_diameter": 0,
    "avg_out_degree": 7.993295340261482,
    "max_out_degree": 968,
    "num_nodes": 2983,
    "num_channels": 23844,
    "total_network_capacity": "65069833193",
    "avg_channel_size": 2728981.4289968126,
    "min_channel_size": "1100",
    "max_channel_size": "16777216"
}
