{
    "graph_diameter": 0,
    "avg_out_degree": 7.979879275653923,
    "max_out_degree": 960,
    "num_nodes": 2982,
    "num_channels": 23796,
    "total_network_capacity": "64872503147",
    "avg_channel_size": 2726193.610144562,
    "min_channel_size": "1100",
    "max_channel_size": "16777216"
}
