{
    "graph_diameter": 0,
    "avg_out_degree": 8.033243787777032,
    "max_out_degree": 972,
    "num_nodes": 2978,
    "num_channels": 23923,
    "total_network_capacity": "65440038524",
    "avg_channel_size": 2735444.489570706,
    "min_channel_size": "1100",
    "max_channel_size": "16777216"
}
