{
    "graph_diameter": 0,
    "avg_out_degree": 8.02598717516031,
    "max_out_degree": 967,
    "num_nodes": 2963,
    "num_channels": 23781,
    "total_network_capacity": "65355280179",
    "avg_channel_size": 2748214.128043396,
    "min_channel_size": "1100",
    "max_channel_size": "16777216"
}
