{
    "graph_diameter": 0,
    "avg_out_degree": 7.982220731298222,
    "max_out_degree": 959,
    "num_nodes": 2981,
    "num_channels": 23795,
    "total_network_capacity": "64852219014",
    "avg_channel_size": 2725455.7265812145,
    "min_channel_size": "1100",
    "max_channel_size": "16777216"
}
