{
    "graph_diameter": 0,
    "avg_out_degree": 8.031218529707957,
    "max_out_degree": 972,
    "num_nodes": 2979,
    "num_channels": 23925,
    "total_network_capacity": "65426269082",
    "avg_channel_size": 2734640.2960083596,
    "min_channel_size": "1100",
    "max_channel_size": "16777216"
}
