{
    "graph_diameter": 0,
    "avg_out_degree": 8.037361157859307,
    "max_out_degree": 970,
    "num_nodes": 2971,
    "num_channels": 23879,
    "total_network_capacity": "65451893704",
    "avg_channel_size": 2740981.351982914,
    "min_channel_size": "1100",
    "max_channel_size": "16777216"
}
