{
    "graph_diameter": 0,
    "avg_out_degree": 8.007707774798927,
    "max_out_degree": 968,
    "num_nodes": 2984,
    "num_channels": 23895,
    "total_network_capacity": "65326230488",
    "avg_channel_size": 2733887.0260724,
    "min_channel_size": "1100",
    "max_channel_size": "16777216"
}
