{
    "graph_diameter": 0,
    "avg_out_degree": 8.034052596089008,
    "max_out_degree": 968,
    "num_nodes": 2966,
    "num_channels": 23829,
    "total_network_capacity": "65293829542",
    "avg_channel_size": 2740099.4394225525,
    "min_channel_size": "1100",
    "max_channel_size": "16777216"
}
