{
    "graph_diameter": 0,
    "avg_out_degree": 8.056206088992974,
    "max_out_degree": 956,
    "num_nodes": 2989,
    "num_channels": 24080,
    "total_network_capacity": "65371982555",
    "avg_channel_size": 2714783.3286960134,
    "min_channel_size": "1100",
    "max_channel_size": "16777216"
}
